Pratica;Attivita;Inizio;Fine;Utente
RDA-20260000;Rileva fabbisogno durante il giro impianti;2026-06-01T07:00:00Z;2026-06-01T07:12:46Z;reparto
RDA-20260000;Invia richiesta all'Ufficio Tecnico;2026-06-01T07:12:46Z;2026-06-01T07:17:35Z;reparto
RDA-20260000;Ricostruisci richiesta e informazioni mancanti;2026-06-01T07:17:35Z;2026-06-01T07:31:47Z;l.conti
RDA-20260000;Invia richiesta ad Acquisti;2026-06-01T07:31:47Z;2026-06-01T07:36:02Z;l.conti
RDA-20260000;Verifica lavorabilità della richiesta;2026-06-01T07:36:02Z;2026-06-01T07:49:17Z;f.neri
RDA-20260000;Richiedi integrazione della richiesta;2026-06-01T07:49:17Z;2026-06-01T07:56:51Z;f.neri
RDA-20260000;Ricostruisci richiesta e informazioni mancanti;2026-06-01T07:56:51Z;2026-06-01T08:19:44Z;l.conti
RDA-20260000;Invia richiesta ad Acquisti;2026-06-01T08:19:44Z;2026-06-01T08:24:38Z;l.conti
RDA-20260000;Verifica lavorabilità della richiesta;2026-06-01T08:24:38Z;2026-06-01T08:34:53Z;f.neri
RDA-20260000;Richiedi integrazione della richiesta;2026-06-01T08:34:53Z;2026-06-01T08:42:53Z;f.neri
RDA-20260000;Ricostruisci richiesta e informazioni mancanti;2026-06-01T08:42:53Z;2026-06-01T09:05:33Z;l.conti
RDA-20260000;Invia richiesta ad Acquisti;2026-06-01T09:05:33Z;2026-06-01T09:10:42Z;l.conti
RDA-20260000;Verifica lavorabilità della richiesta;2026-06-01T09:10:42Z;2026-06-01T09:15:39Z;f.neri
RDA-20260000;Richiedi autorizzazione al responsabile;2026-06-01T09:15:39Z;2026-06-01T09:21:40Z;f.neri
RDA-20260000;Autorizza spesa;2026-06-02T14:00:00Z;2026-06-02T14:05:40Z;resp.acquisti
RDA-20260000;Seleziona fornitore o richiedi quotazioni;2026-06-02T14:42:08Z;2026-06-03T07:13:31Z;f.neri
RDA-20260000;Emetti ordine al fornitore;2026-06-03T08:08:53Z;2026-06-03T08:23:42Z;f.neri
RDA-20260000;Ricevi merce in magazzino;2026-06-03T08:23:42Z;2026-06-03T08:40:28Z;magazzino
RDA-20260000;Verifica merce ricevuta;2026-06-03T08:40:28Z;2026-06-03T08:46:11Z;reparto
RDA-20260001;Rileva fabbisogno durante il giro impianti;2026-06-01T09:25:19Z;2026-06-01T09:31:17Z;reparto
RDA-20260001;Invia richiesta all'Ufficio Tecnico;2026-06-01T09:31:17Z;2026-06-01T09:37:01Z;reparto
RDA-20260001;Ricostruisci richiesta e informazioni mancanti;2026-06-01T09:37:01Z;2026-06-01T09:46:20Z;l.conti
RDA-20260001;Invia richiesta ad Acquisti;2026-06-01T09:46:20Z;2026-06-01T09:49:57Z;l.conti
RDA-20260001;Verifica lavorabilità della richiesta;2026-06-01T09:49:57Z;2026-06-01T10:03:26Z;f.neri
RDA-20260001;Richiedi integrazione della richiesta;2026-06-01T10:03:26Z;2026-06-01T10:10:01Z;f.neri
RDA-20260001;Ricostruisci richiesta e informazioni mancanti;2026-06-01T10:10:01Z;2026-06-01T10:19:23Z;l.conti
RDA-20260001;Invia richiesta ad Acquisti;2026-06-01T10:19:23Z;2026-06-01T10:24:59Z;l.conti
RDA-20260001;Verifica lavorabilità della richiesta;2026-06-01T10:24:59Z;2026-06-01T10:33:35Z;f.neri
RDA-20260001;Seleziona fornitore o richiedi quotazioni;2026-06-01T10:33:35Z;2026-06-01T11:01:35Z;f.neri
RDA-20260001;Emetti ordine al fornitore;2026-06-01T11:11:44Z;2026-06-01T11:21:05Z;f.neri
RDA-20260001;Ricevi merce in magazzino;2026-06-01T11:21:05Z;2026-06-01T11:27:57Z;magazzino
RDA-20260001;Verifica merce ricevuta;2026-06-01T11:27:57Z;2026-06-01T11:38:02Z;reparto
RDA-20260002;Rileva fabbisogno durante il giro impianti;2026-06-01T10:20:42Z;2026-06-01T10:29:48Z;reparto
RDA-20260002;Invia richiesta all'Ufficio Tecnico;2026-06-01T10:29:48Z;2026-06-01T10:35:09Z;reparto
RDA-20260002;Ricostruisci richiesta e informazioni mancanti;2026-06-01T10:35:09Z;2026-06-01T10:41:45Z;l.conti
RDA-20260002;Invia richiesta ad Acquisti;2026-06-01T10:41:45Z;2026-06-01T10:45:51Z;l.conti
RDA-20260002;Verifica lavorabilità della richiesta;2026-06-01T11:01:35Z;2026-06-01T11:11:44Z;f.neri
RDA-20260002;Richiedi integrazione della richiesta;2026-06-01T11:21:05Z;2026-06-01T11:30:24Z;f.neri
RDA-20260002;Ricostruisci richiesta e informazioni mancanti;2026-06-01T11:30:24Z;2026-06-01T11:49:20Z;l.conti
RDA-20260002;Invia richiesta ad Acquisti;2026-06-01T11:49:20Z;2026-06-01T11:53:35Z;l.conti
RDA-20260002;Verifica lavorabilità della richiesta;2026-06-01T11:53:35Z;2026-06-01T12:03:26Z;f.neri
RDA-20260002;Richiedi integrazione della richiesta;2026-06-01T12:03:26Z;2026-06-01T12:15:36Z;f.neri
RDA-20260002;Ricostruisci richiesta e informazioni mancanti;2026-06-01T12:15:36Z;2026-06-01T12:36:11Z;l.conti
RDA-20260002;Invia richiesta ad Acquisti;2026-06-01T13:02:53Z;2026-06-01T13:09:02Z;l.conti
RDA-20260002;Verifica lavorabilità della richiesta;2026-06-01T13:09:02Z;2026-06-01T13:17:28Z;f.neri
RDA-20260002;Richiedi integrazione della richiesta;2026-06-01T13:28:19Z;2026-06-01T13:42:08Z;f.neri
RDA-20260002;Ricostruisci richiesta e informazioni mancanti;2026-06-01T13:42:08Z;2026-06-01T14:01:48Z;l.conti
RDA-20260002;Invia richiesta ad Acquisti;2026-06-01T14:06:56Z;2026-06-01T14:13:13Z;l.conti
RDA-20260002;Verifica lavorabilità della richiesta;2026-06-01T14:13:13Z;2026-06-01T14:22:54Z;f.neri
RDA-20260002;Richiedi integrazione della richiesta;2026-06-01T14:28:42Z;2026-06-01T14:38:08Z;f.neri
RDA-20260002;Ricostruisci richiesta e informazioni mancanti;2026-06-01T14:38:08Z;2026-06-01T14:50:21Z;l.conti
RDA-20260002;Invia richiesta ad Acquisti;2026-06-02T07:13:37Z;2026-06-02T07:18:09Z;l.conti
RDA-20260002;Verifica lavorabilità della richiesta;2026-06-02T07:18:09Z;2026-06-02T07:29:05Z;f.neri
RDA-20260002;Seleziona fornitore o richiedi quotazioni;2026-06-02T07:39:34Z;2026-06-02T07:52:24Z;f.neri
RDA-20260002;Emetti ordine al fornitore;2026-06-02T08:11:04Z;2026-06-02T08:22:59Z;f.neri
RDA-20260002;Ricevi merce in magazzino;2026-06-02T08:22:59Z;2026-06-02T08:30:49Z;magazzino
RDA-20260002;Verifica merce ricevuta;2026-06-02T08:30:49Z;2026-06-02T08:37:20Z;reparto
RDA-20260003;Rileva fabbisogno durante il giro impianti;2026-06-01T12:24:06Z;2026-06-01T12:27:17Z;reparto
RDA-20260003;Invia richiesta all'Ufficio Tecnico;2026-06-01T12:27:17Z;2026-06-01T12:32:41Z;reparto
RDA-20260003;Ricostruisci richiesta e informazioni mancanti;2026-06-01T12:36:11Z;2026-06-01T13:02:53Z;l.conti
RDA-20260003;Invia richiesta ad Acquisti;2026-06-01T13:09:02Z;2026-06-01T13:13:41Z;l.conti
RDA-20260003;Verifica lavorabilità della richiesta;2026-06-01T13:17:28Z;2026-06-01T13:28:19Z;f.neri
RDA-20260003;Richiedi integrazione della richiesta;2026-06-01T13:42:08Z;2026-06-01T13:52:12Z;f.neri
RDA-20260003;Ricostruisci richiesta e informazioni mancanti;2026-06-01T14:01:48Z;2026-06-01T14:06:56Z;l.conti
RDA-20260003;Invia richiesta ad Acquisti;2026-06-01T14:13:13Z;2026-06-01T14:17:38Z;l.conti
RDA-20260003;Verifica lavorabilità della richiesta;2026-06-01T14:22:54Z;2026-06-01T14:28:42Z;f.neri
RDA-20260003;Richiedi integrazione della richiesta;2026-06-01T14:38:08Z;2026-06-01T14:49:27Z;f.neri
RDA-20260003;Ricostruisci richiesta e informazioni mancanti;2026-06-01T14:50:21Z;2026-06-02T07:13:37Z;l.conti
RDA-20260003;Invia richiesta ad Acquisti;2026-06-02T07:18:09Z;2026-06-02T07:22:58Z;l.conti
RDA-20260003;Verifica lavorabilità della richiesta;2026-06-02T07:29:05Z;2026-06-02T07:39:34Z;f.neri
RDA-20260003;Richiedi integrazione della richiesta;2026-06-02T08:02:35Z;2026-06-02T08:11:04Z;f.neri
RDA-20260003;Ricostruisci richiesta e informazioni mancanti;2026-06-02T08:11:04Z;2026-06-02T08:42:17Z;l.conti
RDA-20260003;Invia richiesta ad Acquisti;2026-06-02T08:55:07Z;2026-06-02T08:58:26Z;l.conti
RDA-20260003;Verifica lavorabilità della richiesta;2026-06-02T08:58:26Z;2026-06-02T09:03:13Z;f.neri
RDA-20260003;Richiedi integrazione della richiesta;2026-06-02T09:12:17Z;2026-06-02T09:21:08Z;f.neri
RDA-20260003;Ricostruisci richiesta e informazioni mancanti;2026-06-02T09:21:08Z;2026-06-02T09:50:49Z;l.conti
RDA-20260003;Invia richiesta ad Acquisti;2026-06-02T11:20:21Z;2026-06-02T11:24:46Z;l.conti
RDA-20260003;Verifica lavorabilità della richiesta;2026-06-02T11:24:46Z;2026-06-02T11:35:14Z;f.neri
RDA-20260003;Richiedi integrazione della richiesta;2026-06-02T11:45:06Z;2026-06-02T11:51:31Z;f.neri
RDA-20260003;Ricostruisci richiesta e informazioni mancanti;2026-06-02T11:56:19Z;2026-06-02T12:00:43Z;l.conti
RDA-20260003;Invia richiesta ad Acquisti;2026-06-02T12:07:41Z;2026-06-02T12:13:19Z;l.conti
RDA-20260003;Verifica lavorabilità della richiesta;2026-06-02T13:16:55Z;2026-06-02T13:23:27Z;f.neri
RDA-20260003;Seleziona fornitore o richiedi quotazioni;2026-06-02T14:14:28Z;2026-06-02T14:27:08Z;f.neri
RDA-20260003;Emetti ordine al fornitore;2026-06-03T07:30:02Z;2026-06-03T07:40:04Z;f.neri
RDA-20260003;Ricevi merce in magazzino;2026-06-03T07:40:04Z;2026-06-03T07:46:30Z;magazzino
RDA-20260003;Verifica merce ricevuta;2026-06-03T07:46:30Z;2026-06-03T08:00:01Z;reparto
RDA-20260004;Rileva fabbisogno durante il giro impianti;2026-06-02T07:00:00Z;2026-06-02T07:07:00Z;reparto
RDA-20260004;Invia richiesta all'Ufficio Tecnico;2026-06-02T07:07:00Z;2026-06-02T07:14:09Z;reparto
RDA-20260004;Ricostruisci richiesta e informazioni mancanti;2026-06-02T07:22:58Z;2026-06-02T07:31:12Z;l.conti
RDA-20260004;Invia richiesta ad Acquisti;2026-06-02T07:31:12Z;2026-06-02T07:37:40Z;l.conti
RDA-20260004;Verifica lavorabilità della richiesta;2026-06-02T07:52:24Z;2026-06-02T08:02:35Z;f.neri
RDA-20260004;Richiedi autorizzazione al responsabile;2026-06-02T08:22:59Z;2026-06-02T08:27:59Z;f.neri
RDA-20260004;Autorizza spesa;2026-06-02T14:05:40Z;2026-06-02T14:13:20Z;resp.acquisti
RDA-20260004;Seleziona fornitore o richiedi quotazioni;2026-06-03T07:13:31Z;2026-06-03T07:20:04Z;f.neri
RDA-20260004;Emetti ordine al fornitore;2026-06-03T08:23:42Z;2026-06-03T08:35:29Z;f.neri
RDA-20260004;Ricevi merce in magazzino;2026-06-03T08:40:28Z;2026-06-03T08:50:17Z;magazzino
RDA-20260004;Verifica merce ricevuta;2026-06-03T08:50:17Z;2026-06-03T08:55:26Z;reparto
RDA-20260005;Rileva fabbisogno durante il giro impianti;2026-06-02T08:14:14Z;2026-06-02T08:25:43Z;reparto
RDA-20260005;Invia richiesta all'Ufficio Tecnico;2026-06-02T08:25:43Z;2026-06-02T08:29:53Z;reparto
RDA-20260005;Ricostruisci richiesta e informazioni mancanti;2026-06-02T08:42:17Z;2026-06-02T08:55:07Z;l.conti
RDA-20260005;Invia richiesta ad Acquisti;2026-06-02T08:58:26Z;2026-06-02T09:02:15Z;l.conti
RDA-20260005;Verifica lavorabilità della richiesta;2026-06-02T09:03:13Z;2026-06-02T09:12:17Z;f.neri
RDA-20260005;Richiedi integrazione della richiesta;2026-06-02T09:21:08Z;2026-06-02T09:25:58Z;f.neri
RDA-20260005;Ricostruisci richiesta e informazioni mancanti;2026-06-02T09:50:49Z;2026-06-02T10:07:23Z;l.conti
RDA-20260005;Invia richiesta ad Acquisti;2026-06-02T11:24:46Z;2026-06-02T11:30:06Z;l.conti
RDA-20260005;Verifica lavorabilità della richiesta;2026-06-02T11:35:14Z;2026-06-02T11:45:06Z;f.neri
RDA-20260005;Seleziona fornitore o richiedi quotazioni;2026-06-02T12:16:29Z;2026-06-02T12:36:09Z;f.neri
RDA-20260005;Emetti ordine al fornitore;2026-06-02T13:29:39Z;2026-06-02T13:35:13Z;f.neri
RDA-20260005;Ricevi merce in magazzino;2026-06-02T13:35:13Z;2026-06-02T13:42:53Z;magazzino
RDA-20260005;Verifica merce ricevuta;2026-06-02T13:42:53Z;2026-06-02T13:49:10Z;reparto
RDA-20260006;Rileva fabbisogno durante il giro impianti;2026-06-02T09:20:59Z;2026-06-02T09:35:09Z;reparto
RDA-20260006;Invia richiesta all'Ufficio Tecnico;2026-06-02T09:35:09Z;2026-06-02T09:40:57Z;reparto
RDA-20260006;Ricostruisci richiesta e informazioni mancanti;2026-06-02T10:07:23Z;2026-06-02T10:19:15Z;l.conti
RDA-20260006;Invia richiesta ad Acquisti;2026-06-02T11:33:56Z;2026-06-02T11:39:11Z;l.conti
RDA-20260006;Verifica lavorabilità della richiesta;2026-06-02T11:51:31Z;2026-06-02T12:05:33Z;f.neri
RDA-20260006;Seleziona fornitore o richiedi quotazioni;2026-06-02T12:48:19Z;2026-06-02T13:09:39Z;f.neri
RDA-20260006;Emetti ordine al fornitore;2026-06-02T13:44:00Z;2026-06-02T13:55:10Z;f.neri
RDA-20260006;Ricevi merce in magazzino;2026-06-02T13:55:10Z;2026-06-02T14:04:11Z;magazzino
RDA-20260006;Verifica merce ricevuta;2026-06-02T14:04:11Z;2026-06-02T14:11:56Z;reparto
RDA-20260007;Rileva fabbisogno durante il giro impianti;2026-06-02T09:28:10Z;2026-06-02T09:38:04Z;reparto
RDA-20260007;Invia richiesta all'Ufficio Tecnico;2026-06-02T09:38:04Z;2026-06-02T09:43:34Z;reparto
RDA-20260007;Ricostruisci richiesta e informazioni mancanti;2026-06-02T10:19:15Z;2026-06-02T11:20:21Z;l.conti
RDA-20260007;Invia richiesta ad Acquisti;2026-06-02T11:39:11Z;2026-06-02T11:42:00Z;l.conti
RDA-20260007;Verifica lavorabilità della richiesta;2026-06-02T12:05:33Z;2026-06-02T12:16:29Z;f.neri
RDA-20260007;Richiedi integrazione della richiesta;2026-06-02T13:23:27Z;2026-06-02T13:29:39Z;f.neri
RDA-20260007;Ricostruisci richiesta e informazioni mancanti;2026-06-02T13:29:39Z;2026-06-02T14:05:07Z;l.conti
RDA-20260007;Invia richiesta ad Acquisti;2026-06-02T14:20:39Z;2026-06-02T14:25:51Z;l.conti
RDA-20260007;Verifica lavorabilità della richiesta;2026-06-03T07:20:04Z;2026-06-03T07:30:02Z;f.neri
RDA-20260007;Seleziona fornitore o richiedi quotazioni;2026-06-03T08:45:41Z;2026-06-03T09:05:35Z;f.neri
RDA-20260007;Emetti ordine al fornitore;2026-06-03T10:12:36Z;2026-06-03T10:23:51Z;f.neri
RDA-20260007;Ricevi merce in magazzino;2026-06-03T10:23:51Z;2026-06-03T10:31:22Z;magazzino
RDA-20260007;Verifica merce ricevuta;2026-06-03T10:31:22Z;2026-06-03T10:40:37Z;reparto
RDA-20260008;Rileva fabbisogno durante il giro impianti;2026-06-02T09:58:10Z;2026-06-02T10:13:11Z;reparto
RDA-20260008;Invia richiesta all'Ufficio Tecnico;2026-06-02T10:13:11Z;2026-06-02T10:18:00Z;reparto
RDA-20260008;Ricostruisci richiesta e informazioni mancanti;2026-06-02T11:30:06Z;2026-06-02T11:33:56Z;l.conti
RDA-20260008;Invia richiesta ad Acquisti;2026-06-02T11:51:58Z;2026-06-02T11:56:19Z;l.conti
RDA-20260008;Verifica lavorabilità della richiesta;2026-06-02T12:36:09Z;2026-06-02T12:48:19Z;f.neri
RDA-20260008;Richiedi integrazione della richiesta;2026-06-02T13:35:13Z;2026-06-02T13:44:00Z;f.neri
RDA-20260008;Ricostruisci richiesta e informazioni mancanti;2026-06-02T14:05:07Z;2026-06-02T14:20:39Z;l.conti
RDA-20260008;Invia richiesta ad Acquisti;2026-06-02T14:41:51Z;2026-06-02T14:47:12Z;l.conti
RDA-20260008;Verifica lavorabilità della richiesta;2026-06-03T07:40:04Z;2026-06-03T07:49:22Z;f.neri
RDA-20260008;Richiedi integrazione della richiesta;2026-06-03T09:05:35Z;2026-06-03T09:07:03Z;f.neri
RDA-20260008;Ricostruisci richiesta e informazioni mancanti;2026-06-03T09:07:03Z;2026-06-03T09:26:56Z;l.conti
RDA-20260008;Invia richiesta ad Acquisti;2026-06-03T09:26:56Z;2026-06-03T09:31:36Z;l.conti
RDA-20260008;Verifica lavorabilità della richiesta;2026-06-03T10:45:40Z;2026-06-03T10:53:47Z;f.neri
RDA-20260008;Richiedi integrazione della richiesta;2026-06-03T11:32:31Z;2026-06-03T11:47:23Z;f.neri
RDA-20260008;Ricostruisci richiesta e informazioni mancanti;2026-06-03T11:47:23Z;2026-06-03T11:50:33Z;l.conti
RDA-20260008;Invia richiesta ad Acquisti;2026-06-03T11:50:33Z;2026-06-03T11:55:57Z;l.conti
RDA-20260008;Verifica lavorabilità della richiesta;2026-06-03T12:11:31Z;2026-06-03T12:23:43Z;f.neri
RDA-20260008;Seleziona fornitore o richiedi quotazioni;2026-06-03T13:04:08Z;2026-06-03T13:35:32Z;f.neri
RDA-20260008;Emetti ordine al fornitore;2026-06-03T14:13:32Z;2026-06-03T14:23:53Z;f.neri
RDA-20260008;Ricevi merce in magazzino;2026-06-03T14:23:53Z;2026-06-03T14:32:11Z;magazzino
RDA-20260008;Verifica merce ricevuta;2026-06-03T14:32:11Z;2026-06-03T14:41:13Z;reparto
RDA-20260009;Rileva fabbisogno durante il giro impianti;2026-06-02T11:04:41Z;2026-06-02T11:17:29Z;reparto
RDA-20260009;Invia richiesta all'Ufficio Tecnico;2026-06-02T11:17:29Z;2026-06-02T11:22:20Z;reparto
RDA-20260009;Ricostruisci richiesta e informazioni mancanti;2026-06-02T11:42:00Z;2026-06-02T11:51:58Z;l.conti
RDA-20260009;Invia richiesta ad Acquisti;2026-06-02T12:00:43Z;2026-06-02T12:07:41Z;l.conti
RDA-20260009;Verifica lavorabilità della richiesta;2026-06-02T13:09:39Z;2026-06-02T13:16:55Z;f.neri
RDA-20260009;Richiedi integrazione della richiesta;2026-06-02T14:04:52Z;2026-06-02T14:14:28Z;f.neri
RDA-20260009;Ricostruisci richiesta e informazioni mancanti;2026-06-02T14:25:51Z;2026-06-02T14:41:51Z;l.conti
RDA-20260009;Invia richiesta ad Acquisti;2026-06-02T14:47:12Z;2026-06-02T14:51:07Z;l.conti
RDA-20260009;Verifica lavorabilità della richiesta;2026-06-03T07:49:22Z;2026-06-03T08:01:15Z;f.neri
RDA-20260009;Richiedi autorizzazione al responsabile;2026-06-03T09:07:03Z;2026-06-03T09:11:53Z;f.neri
RDA-20260009;Autorizza spesa;2026-06-04T14:00:00Z;2026-06-04T14:12:18Z;resp.acquisti
RDA-20260009;Seleziona fornitore o richiedi quotazioni;2026-06-04T14:16:53Z;2026-06-04T14:43:18Z;f.neri
RDA-20260009;Emetti ordine al fornitore;2026-06-05T08:00:12Z;2026-06-05T08:12:02Z;f.neri
RDA-20260009;Ricevi merce in magazzino;2026-06-05T08:12:02Z;2026-06-05T08:19:54Z;magazzino
RDA-20260009;Verifica merce ricevuta;2026-06-05T08:19:54Z;2026-06-05T08:35:36Z;reparto
RDA-20260010;Rileva fabbisogno durante il giro impianti;2026-06-02T12:53:51Z;2026-06-02T13:02:06Z;reparto
RDA-20260010;Invia richiesta all'Ufficio Tecnico;2026-06-02T13:02:06Z;2026-06-02T13:07:25Z;reparto
RDA-20260010;Ricostruisci richiesta e informazioni mancanti;2026-06-02T13:07:25Z;2026-06-02T13:11:41Z;l.conti
RDA-20260010;Invia richiesta ad Acquisti;2026-06-02T13:11:41Z;2026-06-02T13:15:14Z;l.conti
RDA-20260010;Verifica lavorabilità della richiesta;2026-06-02T13:55:10Z;2026-06-02T14:04:52Z;f.neri
RDA-20260010;Richiedi integrazione della richiesta;2026-06-02T14:27:08Z;2026-06-02T14:42:08Z;f.neri
RDA-20260010;Ricostruisci richiesta e informazioni mancanti;2026-06-02T14:51:07Z;2026-06-02T14:58:09Z;l.conti
RDA-20260010;Invia richiesta ad Acquisti;2026-06-02T14:58:09Z;2026-06-03T07:04:09Z;l.conti
RDA-20260010;Verifica lavorabilità della richiesta;2026-06-03T08:01:15Z;2026-06-03T08:08:53Z;f.neri
RDA-20260010;Seleziona fornitore o richiedi quotazioni;2026-06-03T09:23:06Z;2026-06-03T09:41:22Z;f.neri
RDA-20260010;Emetti ordine al fornitore;2026-06-03T10:53:47Z;2026-06-03T11:03:23Z;f.neri
RDA-20260010;Ricevi merce in magazzino;2026-06-03T11:03:23Z;2026-06-03T11:13:22Z;magazzino
RDA-20260010;Verifica merce ricevuta;2026-06-03T11:13:22Z;2026-06-03T11:19:37Z;reparto
RDA-20260011;Rileva fabbisogno durante il giro impianti;2026-06-03T07:00:00Z;2026-06-03T07:08:02Z;reparto
RDA-20260011;Invia richiesta all'Ufficio Tecnico;2026-06-03T07:08:02Z;2026-06-03T07:11:17Z;reparto
RDA-20260011;Ricostruisci richiesta e informazioni mancanti;2026-06-03T07:11:17Z;2026-06-03T07:21:04Z;l.conti
RDA-20260011;Invia richiesta ad Acquisti;2026-06-03T07:21:04Z;2026-06-03T07:27:24Z;l.conti
RDA-20260011;Verifica lavorabilità della richiesta;2026-06-03T08:35:29Z;2026-06-03T08:45:41Z;f.neri
RDA-20260011;Richiedi integrazione della richiesta;2026-06-03T09:54:17Z;2026-06-03T10:04:42Z;f.neri
RDA-20260011;Ricostruisci richiesta e informazioni mancanti;2026-06-03T10:04:42Z;2026-06-03T10:13:44Z;l.conti
RDA-20260011;Invia richiesta ad Acquisti;2026-06-03T10:13:44Z;2026-06-03T10:19:13Z;l.conti
RDA-20260011;Verifica lavorabilità della richiesta;2026-06-03T11:24:06Z;2026-06-03T11:25:49Z;f.neri
RDA-20260011;Richiedi integrazione della richiesta;2026-06-03T11:47:23Z;2026-06-03T11:56:10Z;f.neri
RDA-20260011;Ricostruisci richiesta e informazioni mancanti;2026-06-03T11:56:10Z;2026-06-03T12:00:33Z;l.conti
RDA-20260011;Invia richiesta ad Acquisti;2026-06-03T12:00:33Z;2026-06-03T12:05:39Z;l.conti
RDA-20260011;Verifica lavorabilità della richiesta;2026-06-03T12:50:28Z;2026-06-03T12:57:44Z;f.neri
RDA-20260011;Richiedi autorizzazione al responsabile;2026-06-03T13:57:44Z;2026-06-03T14:01:54Z;f.neri
RDA-20260011;Autorizza spesa;2026-06-04T14:22:35Z;2026-06-04T14:35:36Z;resp.acquisti
RDA-20260011;Seleziona fornitore o richiedi quotazioni;2026-06-05T07:34:36Z;2026-06-05T08:00:12Z;f.neri
RDA-20260011;Emetti ordine al fornitore;2026-06-05T09:18:27Z;2026-06-05T09:22:50Z;f.neri
RDA-20260011;Ricevi merce in magazzino;2026-06-05T09:22:50Z;2026-06-05T09:33:23Z;magazzino
RDA-20260011;Verifica merce ricevuta;2026-06-05T09:33:23Z;2026-06-05T09:48:21Z;reparto
RDA-20260012;Rileva fabbisogno durante il giro impianti;2026-06-03T07:46:02Z;2026-06-03T07:51:39Z;reparto
RDA-20260012;Invia richiesta all'Ufficio Tecnico;2026-06-03T07:51:39Z;2026-06-03T07:54:42Z;reparto
RDA-20260012;Ricostruisci richiesta e informazioni mancanti;2026-06-03T07:54:42Z;2026-06-03T07:56:55Z;l.conti
RDA-20260012;Invia richiesta ad Acquisti;2026-06-03T07:56:55Z;2026-06-03T08:01:51Z;l.conti
RDA-20260012;Verifica lavorabilità della richiesta;2026-06-03T09:11:53Z;2026-06-03T09:23:06Z;f.neri
RDA-20260012;Seleziona fornitore o richiedi quotazioni;2026-06-03T10:23:51Z;2026-06-03T10:45:40Z;f.neri
RDA-20260012;Emetti ordine al fornitore;2026-06-03T11:25:49Z;2026-06-03T11:32:31Z;f.neri
RDA-20260012;Ricevi merce in magazzino;2026-06-03T11:32:31Z;2026-06-03T11:41:36Z;magazzino
RDA-20260012;Verifica merce ricevuta;2026-06-03T11:41:36Z;2026-06-03T11:52:55Z;reparto
RDA-20260013;Rileva fabbisogno durante il giro impianti;2026-06-03T07:52:35Z;2026-06-03T08:01:54Z;reparto
RDA-20260013;Invia richiesta all'Ufficio Tecnico;2026-06-03T08:01:54Z;2026-06-03T08:06:46Z;reparto
RDA-20260013;Ricostruisci richiesta e informazioni mancanti;2026-06-03T08:06:46Z;2026-06-03T08:13:03Z;l.conti
RDA-20260013;Invia richiesta ad Acquisti;2026-06-03T08:13:03Z;2026-06-03T08:16:27Z;l.conti
RDA-20260013;Verifica lavorabilità della richiesta;2026-06-03T09:41:22Z;2026-06-03T09:54:17Z;f.neri
RDA-20260013;Richiedi integrazione della richiesta;2026-06-03T11:03:23Z;2026-06-03T11:15:56Z;f.neri
RDA-20260013;Ricostruisci richiesta e informazioni mancanti;2026-06-03T11:15:56Z;2026-06-03T11:23:15Z;l.conti
RDA-20260013;Invia richiesta ad Acquisti;2026-06-03T11:23:15Z;2026-06-03T11:27:18Z;l.conti
RDA-20260013;Verifica lavorabilità della richiesta;2026-06-03T11:56:10Z;2026-06-03T12:02:49Z;f.neri
RDA-20260013;Seleziona fornitore o richiedi quotazioni;2026-06-03T12:23:43Z;2026-06-03T12:50:28Z;f.neri
RDA-20260013;Emetti ordine al fornitore;2026-06-03T13:44:30Z;2026-06-03T13:57:44Z;f.neri
RDA-20260013;Ricevi merce in magazzino;2026-06-03T13:57:44Z;2026-06-03T14:11:48Z;magazzino
RDA-20260013;Verifica merce ricevuta;2026-06-03T14:11:48Z;2026-06-03T14:20:30Z;reparto
RDA-20260014;Rileva fabbisogno durante il giro impianti;2026-06-03T08:25:12Z;2026-06-03T08:37:19Z;reparto
RDA-20260014;Invia richiesta all'Ufficio Tecnico;2026-06-03T08:37:19Z;2026-06-03T08:43:06Z;reparto
RDA-20260014;Ricostruisci richiesta e informazioni mancanti;2026-06-03T08:43:06Z;2026-06-03T08:59:00Z;l.conti
RDA-20260014;Invia richiesta ad Acquisti;2026-06-03T08:59:00Z;2026-06-03T09:05:20Z;l.conti
RDA-20260014;Verifica lavorabilità della richiesta;2026-06-03T10:04:42Z;2026-06-03T10:12:36Z;f.neri
RDA-20260014;Richiedi integrazione della richiesta;2026-06-03T11:15:56Z;2026-06-03T11:24:06Z;f.neri
RDA-20260014;Ricostruisci richiesta e informazioni mancanti;2026-06-03T11:27:18Z;2026-06-03T11:41:48Z;l.conti
RDA-20260014;Invia richiesta ad Acquisti;2026-06-03T11:41:48Z;2026-06-03T11:47:09Z;l.conti
RDA-20260014;Verifica lavorabilità della richiesta;2026-06-03T12:02:49Z;2026-06-03T12:11:31Z;f.neri
RDA-20260014;Richiedi autorizzazione al responsabile;2026-06-03T12:57:44Z;2026-06-03T13:04:08Z;f.neri
RDA-20260014;Autorizza spesa;2026-06-04T14:12:18Z;2026-06-04T14:22:35Z;resp.acquisti
RDA-20260014;Seleziona fornitore o richiedi quotazioni;2026-06-04T14:48:07Z;2026-06-05T07:23:11Z;f.neri
RDA-20260014;Emetti ordine al fornitore;2026-06-05T08:50:30Z;2026-06-05T09:01:48Z;f.neri
RDA-20260014;Ricevi merce in magazzino;2026-06-05T09:01:48Z;2026-06-05T09:15:17Z;magazzino
RDA-20260014;Verifica merce ricevuta;2026-06-05T09:15:17Z;2026-06-05T09:24:52Z;reparto
RDA-20260015;Rileva fabbisogno durante il giro impianti;2026-06-03T12:15:56Z;2026-06-03T12:25:01Z;reparto
RDA-20260015;Invia richiesta all'Ufficio Tecnico;2026-06-03T12:25:01Z;2026-06-03T12:27:11Z;reparto
RDA-20260015;Ricostruisci richiesta e informazioni mancanti;2026-06-03T12:27:11Z;2026-06-03T12:36:36Z;l.conti
RDA-20260015;Invia richiesta ad Acquisti;2026-06-03T12:36:36Z;2026-06-03T12:41:55Z;l.conti
RDA-20260015;Verifica lavorabilità della richiesta;2026-06-03T13:35:32Z;2026-06-03T13:44:30Z;f.neri
RDA-20260015;Richiedi integrazione della richiesta;2026-06-03T14:23:53Z;2026-06-03T14:31:11Z;f.neri
RDA-20260015;Ricostruisci richiesta e informazioni mancanti;2026-06-03T14:31:11Z;2026-06-03T14:41:48Z;l.conti
RDA-20260015;Invia richiesta ad Acquisti;2026-06-03T14:41:48Z;2026-06-03T14:46:57Z;l.conti
RDA-20260015;Verifica lavorabilità della richiesta;2026-06-03T14:54:48Z;2026-06-04T07:07:52Z;f.neri
RDA-20260015;Richiedi autorizzazione al responsabile;2026-06-04T07:18:40Z;2026-06-04T07:25:12Z;f.neri
RDA-20260015;Autorizza spesa;2026-06-04T14:47:54Z;2026-06-04T14:58:47Z;resp.acquisti
RDA-20260015;Seleziona fornitore o richiedi quotazioni;2026-06-05T08:30:01Z;2026-06-05T08:50:30Z;f.neri
RDA-20260015;Emetti ordine al fornitore;2026-06-05T10:09:05Z;2026-06-05T10:22:19Z;f.neri
RDA-20260015;Ricevi merce in magazzino;2026-06-05T10:22:19Z;2026-06-05T10:31:32Z;magazzino
RDA-20260015;Verifica merce ricevuta;2026-06-05T10:31:32Z;2026-06-05T10:41:09Z;reparto
RDA-20260016;Rileva fabbisogno durante il giro impianti;2026-06-03T12:38:59Z;2026-06-03T12:49:00Z;reparto
RDA-20260016;Invia richiesta all'Ufficio Tecnico;2026-06-03T12:49:00Z;2026-06-03T12:54:43Z;reparto
RDA-20260016;Ricostruisci richiesta e informazioni mancanti;2026-06-03T12:54:43Z;2026-06-03T13:07:15Z;l.conti
RDA-20260016;Invia richiesta ad Acquisti;2026-06-03T13:07:15Z;2026-06-03T13:12:01Z;l.conti
RDA-20260016;Verifica lavorabilità della richiesta;2026-06-03T14:01:54Z;2026-06-03T14:13:32Z;f.neri
RDA-20260016;Richiedi autorizzazione al responsabile;2026-06-03T14:42:18Z;2026-06-03T14:46:39Z;f.neri
RDA-20260016;Autorizza spesa;2026-06-04T14:35:36Z;2026-06-04T14:47:54Z;resp.acquisti
RDA-20260016;Seleziona fornitore o richiedi quotazioni;2026-06-05T08:12:02Z;2026-06-05T08:30:01Z;f.neri
RDA-20260016;Emetti ordine al fornitore;2026-06-05T09:53:03Z;2026-06-05T09:54:33Z;f.neri
RDA-20260016;Ricevi merce in magazzino;2026-06-05T09:54:33Z;2026-06-05T10:04:56Z;magazzino
RDA-20260016;Verifica merce ricevuta;2026-06-05T10:04:56Z;2026-06-05T10:13:28Z;reparto
RDA-20260017;Rileva fabbisogno durante il giro impianti;2026-06-03T13:36:44Z;2026-06-03T13:43:12Z;reparto
RDA-20260017;Invia richiesta all'Ufficio Tecnico;2026-06-03T13:43:12Z;2026-06-03T13:49:01Z;reparto
RDA-20260017;Ricostruisci richiesta e informazioni mancanti;2026-06-03T13:49:01Z;2026-06-03T14:05:14Z;l.conti
RDA-20260017;Invia richiesta ad Acquisti;2026-06-03T14:05:14Z;2026-06-03T14:10:50Z;l.conti
RDA-20260017;Verifica lavorabilità della richiesta;2026-06-03T14:31:11Z;2026-06-03T14:42:18Z;f.neri
RDA-20260017;Richiedi integrazione della richiesta;2026-06-03T14:46:39Z;2026-06-03T14:54:48Z;f.neri
RDA-20260017;Ricostruisci richiesta e informazioni mancanti;2026-06-03T14:54:48Z;2026-06-04T07:03:04Z;l.conti
RDA-20260017;Invia richiesta ad Acquisti;2026-06-04T07:03:04Z;2026-06-04T07:06:47Z;l.conti
RDA-20260017;Verifica lavorabilità della richiesta;2026-06-04T07:07:52Z;2026-06-04T07:18:40Z;f.neri
RDA-20260017;Richiedi autorizzazione al responsabile;2026-06-04T07:25:12Z;2026-06-04T07:29:53Z;f.neri
RDA-20260017;Autorizza spesa;2026-06-04T14:58:47Z;2026-06-09T14:09:19Z;resp.acquisti
RDA-20260017;Seleziona fornitore o richiedi quotazioni;2026-06-10T07:32:51Z;2026-06-10T07:49:58Z;f.neri
RDA-20260017;Emetti ordine al fornitore;2026-06-10T10:49:50Z;2026-06-10T11:01:37Z;f.neri
RDA-20260017;Ricevi merce in magazzino;2026-06-10T11:01:37Z;2026-06-10T11:16:15Z;magazzino
RDA-20260017;Verifica merce ricevuta;2026-06-10T11:16:15Z;2026-06-10T11:26:37Z;reparto
RDA-20260018;Rileva fabbisogno durante il giro impianti;2026-06-04T07:00:00Z;2026-06-04T07:13:24Z;reparto
RDA-20260018;Invia richiesta all'Ufficio Tecnico;2026-06-04T07:13:24Z;2026-06-04T07:18:53Z;reparto
RDA-20260018;Ricostruisci richiesta e informazioni mancanti;2026-06-04T07:18:53Z;2026-06-04T07:25:18Z;l.conti
RDA-20260018;Invia richiesta ad Acquisti;2026-06-04T07:25:18Z;2026-06-04T07:31:37Z;l.conti
RDA-20260018;Verifica lavorabilità della richiesta;2026-06-04T07:42:05Z;2026-06-04T07:49:28Z;f.neri
RDA-20260018;Richiedi integrazione della richiesta;2026-06-04T07:49:28Z;2026-06-04T07:56:00Z;f.neri
RDA-20260018;Ricostruisci richiesta e informazioni mancanti;2026-06-04T07:56:00Z;2026-06-04T07:58:15Z;l.conti
RDA-20260018;Invia richiesta ad Acquisti;2026-06-04T07:58:15Z;2026-06-04T08:02:26Z;l.conti
RDA-20260018;Verifica lavorabilità della richiesta;2026-06-04T08:02:26Z;2026-06-04T08:15:37Z;f.neri
RDA-20260018;Richiedi integrazione della richiesta;2026-06-04T08:15:37Z;2026-06-04T08:22:25Z;f.neri
RDA-20260018;Ricostruisci richiesta e informazioni mancanti;2026-06-04T08:22:25Z;2026-06-04T08:31:40Z;l.conti
RDA-20260018;Invia richiesta ad Acquisti;2026-06-04T08:31:40Z;2026-06-04T08:38:20Z;l.conti
RDA-20260018;Verifica lavorabilità della richiesta;2026-06-04T08:38:20Z;2026-06-04T08:50:16Z;f.neri
RDA-20260018;Richiedi integrazione della richiesta;2026-06-04T08:50:16Z;2026-06-04T09:04:37Z;f.neri
RDA-20260018;Ricostruisci richiesta e informazioni mancanti;2026-06-04T09:04:37Z;2026-06-04T09:21:37Z;l.conti
RDA-20260018;Invia richiesta ad Acquisti;2026-06-04T09:21:37Z;2026-06-04T09:25:40Z;l.conti
RDA-20260018;Verifica lavorabilità della richiesta;2026-06-04T09:34:41Z;2026-06-04T09:40:54Z;f.neri
RDA-20260018;Richiedi integrazione della richiesta;2026-06-04T09:52:30Z;2026-06-04T10:11:22Z;f.neri
RDA-20260018;Ricostruisci richiesta e informazioni mancanti;2026-06-04T10:11:22Z;2026-06-04T10:20:39Z;l.conti
RDA-20260018;Invia richiesta ad Acquisti;2026-06-04T10:20:39Z;2026-06-04T10:24:38Z;l.conti
RDA-20260018;Verifica lavorabilità della richiesta;2026-06-04T10:24:38Z;2026-06-04T10:34:22Z;f.neri
RDA-20260018;Richiedi autorizzazione al responsabile;2026-06-04T10:34:22Z;2026-06-04T10:39:09Z;f.neri
RDA-20260018;Autorizza spesa;2026-06-09T14:09:19Z;2026-06-09T14:19:23Z;resp.acquisti
RDA-20260018;Seleziona fornitore o richiedi quotazioni;2026-06-10T07:49:58Z;2026-06-10T08:14:31Z;f.neri
RDA-20260018;Emetti ordine al fornitore;2026-06-10T11:01:37Z;2026-06-10T11:18:40Z;f.neri
RDA-20260018;Ricevi merce in magazzino;2026-06-10T11:18:40Z;2026-06-10T11:32:42Z;magazzino
RDA-20260018;Verifica merce ricevuta;2026-06-10T11:32:42Z;2026-06-10T11:45:27Z;reparto
RDA-20260019;Rileva fabbisogno durante il giro impianti;2026-06-04T07:02:25Z;2026-06-04T07:11:55Z;reparto
RDA-20260019;Chiama fornitore direttamente;2026-06-04T07:11:55Z;2026-06-04T07:19:25Z;reparto
RDA-20260019;Invia riferimento ordine del fornitore;2026-06-04T07:19:25Z;2026-06-04T07:24:55Z;reparto
RDA-20260019;Regolarizza ordine a posteriori;2026-06-04T07:29:53Z;2026-06-04T07:42:05Z;f.neri
RDA-20260019;Gestione contabile della fattura;2026-06-04T07:42:05Z;2026-06-04T07:51:25Z;amministrazione
RDA-20260020;Rileva fabbisogno durante il giro impianti;2026-06-04T08:30:30Z;2026-06-04T08:36:40Z;reparto
RDA-20260020;Invia richiesta all'Ufficio Tecnico;2026-06-04T08:36:40Z;2026-06-04T08:41:07Z;reparto
RDA-20260020;Ricostruisci richiesta e informazioni mancanti;2026-06-04T08:41:07Z;2026-06-04T08:55:40Z;l.conti
RDA-20260020;Invia richiesta ad Acquisti;2026-06-04T08:55:40Z;2026-06-04T09:01:59Z;l.conti
RDA-20260020;Verifica lavorabilità della richiesta;2026-06-04T09:04:37Z;2026-06-04T09:13:09Z;f.neri
RDA-20260020;Seleziona fornitore o richiedi quotazioni;2026-06-04T09:13:09Z;2026-06-04T09:34:41Z;f.neri
RDA-20260020;Emetti ordine al fornitore;2026-06-04T09:40:54Z;2026-06-04T09:52:30Z;f.neri
RDA-20260020;Ricevi merce in magazzino;2026-06-04T09:52:30Z;2026-06-04T10:01:13Z;magazzino
RDA-20260020;Verifica merce ricevuta;2026-06-04T10:01:13Z;2026-06-04T10:14:48Z;reparto
RDA-20260021;Rileva fabbisogno durante il giro impianti;2026-06-04T13:18:21Z;2026-06-04T13:29:09Z;reparto
RDA-20260021;Invia richiesta all'Ufficio Tecnico;2026-06-04T13:29:09Z;2026-06-04T13:33:58Z;reparto
RDA-20260021;Ricostruisci richiesta e informazioni mancanti;2026-06-04T13:33:58Z;2026-06-04T13:47:07Z;l.conti
RDA-20260021;Invia richiesta ad Acquisti;2026-06-04T13:47:07Z;2026-06-04T13:51:56Z;l.conti
RDA-20260021;Verifica lavorabilità della richiesta;2026-06-04T13:51:56Z;2026-06-04T14:00:51Z;f.neri
RDA-20260021;Richiedi integrazione della richiesta;2026-06-04T14:00:51Z;2026-06-04T14:12:42Z;f.neri
RDA-20260021;Ricostruisci richiesta e informazioni mancanti;2026-06-04T14:12:42Z;2026-06-04T14:20:02Z;l.conti
RDA-20260021;Invia richiesta ad Acquisti;2026-06-04T14:20:02Z;2026-06-04T14:23:37Z;l.conti
RDA-20260021;Verifica lavorabilità della richiesta;2026-06-05T07:23:11Z;2026-06-05T07:34:36Z;f.neri
RDA-20260021;Seleziona fornitore o richiedi quotazioni;2026-06-05T09:01:48Z;2026-06-05T09:18:27Z;f.neri
RDA-20260021;Emetti ordine al fornitore;2026-06-05T10:22:19Z;2026-06-05T10:35:17Z;f.neri
RDA-20260021;Ricevi merce in magazzino;2026-06-05T10:35:17Z;2026-06-05T10:44:33Z;magazzino
RDA-20260021;Verifica merce ricevuta;2026-06-05T10:44:33Z;2026-06-05T10:56:14Z;reparto
RDA-20260022;Rileva fabbisogno durante il giro impianti;2026-06-04T13:43:29Z;2026-06-04T13:54:49Z;reparto
RDA-20260022;Invia richiesta all'Ufficio Tecnico;2026-06-04T13:54:49Z;2026-06-04T14:00:01Z;reparto
RDA-20260022;Ricostruisci richiesta e informazioni mancanti;2026-06-04T14:00:01Z;2026-06-04T14:05:18Z;l.conti
RDA-20260022;Invia richiesta ad Acquisti;2026-06-04T14:05:18Z;2026-06-04T14:10:52Z;l.conti
RDA-20260022;Verifica lavorabilità della richiesta;2026-06-04T14:12:42Z;2026-06-04T14:16:53Z;f.neri
RDA-20260022;Richiedi autorizzazione al responsabile;2026-06-04T14:43:18Z;2026-06-04T14:48:07Z;f.neri
RDA-20260022;Autorizza spesa;2026-06-09T14:19:23Z;2026-06-09T14:31:37Z;resp.acquisti
RDA-20260022;Seleziona fornitore o richiedi quotazioni;2026-06-10T08:14:31Z;2026-06-10T08:31:08Z;f.neri
RDA-20260022;Emetti ordine al fornitore;2026-06-10T11:18:40Z;2026-06-10T11:32:53Z;f.neri
RDA-20260022;Ricevi merce in magazzino;2026-06-10T11:32:53Z;2026-06-10T11:41:56Z;magazzino
RDA-20260022;Verifica merce ricevuta;2026-06-10T11:41:56Z;2026-06-10T11:54:29Z;reparto
RDA-20260023;Rileva fabbisogno durante il giro impianti;2026-06-04T14:59:49Z;2026-06-05T07:13:42Z;reparto
RDA-20260023;Invia richiesta all'Ufficio Tecnico;2026-06-05T07:13:42Z;2026-06-05T07:18:51Z;reparto
RDA-20260023;Ricostruisci richiesta e informazioni mancanti;2026-06-05T07:44:33Z;2026-06-05T07:47:33Z;l.conti
RDA-20260023;Invia richiesta ad Acquisti;2026-06-05T08:05:33Z;2026-06-05T08:11:06Z;l.conti
RDA-20260023;Verifica lavorabilità della richiesta;2026-06-05T09:34:48Z;2026-06-05T09:45:57Z;f.neri
RDA-20260023;Richiedi autorizzazione al responsabile;2026-06-05T10:43:03Z;2026-06-05T10:47:52Z;f.neri
RDA-20260023;Autorizza spesa;2026-06-09T14:31:37Z;2026-06-09T14:43:37Z;resp.acquisti
RDA-20260023;Seleziona fornitore o richiedi quotazioni;2026-06-10T08:42:16Z;2026-06-10T09:05:52Z;f.neri
RDA-20260023;Emetti ordine al fornitore;2026-06-10T11:32:53Z;2026-06-10T11:38:03Z;f.neri
RDA-20260023;Ricevi merce in magazzino;2026-06-10T11:41:56Z;2026-06-10T11:51:25Z;magazzino
RDA-20260023;Verifica merce ricevuta;2026-06-10T11:51:25Z;2026-06-10T12:03:14Z;reparto
RDA-20260024;Rileva fabbisogno durante il giro impianti;2026-06-05T07:00:00Z;2026-06-05T07:11:34Z;reparto
RDA-20260024;Invia richiesta all'Ufficio Tecnico;2026-06-05T07:11:34Z;2026-06-05T07:15:55Z;reparto
RDA-20260024;Ricostruisci richiesta e informazioni mancanti;2026-06-05T07:15:55Z;2026-06-05T07:44:33Z;l.conti
RDA-20260024;Invia richiesta ad Acquisti;2026-06-05T08:00:03Z;2026-06-05T08:05:33Z;l.conti
RDA-20260024;Verifica lavorabilità della richiesta;2026-06-05T09:22:50Z;2026-06-05T09:34:48Z;f.neri
RDA-20260024;Richiedi integrazione della richiesta;2026-06-05T10:35:17Z;2026-06-05T10:43:03Z;f.neri
RDA-20260024;Ricostruisci richiesta e informazioni mancanti;2026-06-05T10:43:03Z;2026-06-05T10:56:52Z;l.conti
RDA-20260024;Invia richiesta ad Acquisti;2026-06-05T11:12:14Z;2026-06-05T11:15:54Z;l.conti
RDA-20260024;Verifica lavorabilità della richiesta;2026-06-05T11:36:36Z;2026-06-05T11:46:22Z;f.neri
RDA-20260024;Seleziona fornitore o richiedi quotazioni;2026-06-05T12:09:31Z;2026-06-05T12:35:22Z;f.neri
RDA-20260024;Emetti ordine al fornitore;2026-06-05T12:44:31Z;2026-06-05T12:56:14Z;f.neri
RDA-20260024;Ricevi merce in magazzino;2026-06-05T12:56:14Z;2026-06-05T13:05:47Z;magazzino
RDA-20260024;Verifica merce ricevuta;2026-06-05T13:05:47Z;2026-06-05T13:13:27Z;reparto
RDA-20260025;Rileva fabbisogno durante il giro impianti;2026-06-05T07:13:43Z;2026-06-05T07:21:34Z;reparto
RDA-20260025;Invia richiesta all'Ufficio Tecnico;2026-06-05T07:21:34Z;2026-06-05T07:25:35Z;reparto
RDA-20260025;Ricostruisci richiesta e informazioni mancanti;2026-06-05T07:47:33Z;2026-06-05T08:00:03Z;l.conti
RDA-20260025;Invia richiesta ad Acquisti;2026-06-05T08:11:06Z;2026-06-05T08:17:08Z;l.conti
RDA-20260025;Verifica lavorabilità della richiesta;2026-06-05T09:45:57Z;2026-06-05T09:53:03Z;f.neri
RDA-20260025;Seleziona fornitore o richiedi quotazioni;2026-06-05T10:47:52Z;2026-06-05T11:11:34Z;f.neri
RDA-20260025;Emetti ordine al fornitore;2026-06-05T11:22:17Z;2026-06-05T11:36:36Z;f.neri
RDA-20260025;Ricevi merce in magazzino;2026-06-05T11:36:36Z;2026-06-05T11:43:11Z;magazzino
RDA-20260025;Verifica merce ricevuta;2026-06-05T11:43:11Z;2026-06-05T11:55:25Z;reparto
RDA-20260026;Rileva fabbisogno durante il giro impianti;2026-06-05T08:24:51Z;2026-06-05T08:34:01Z;reparto
RDA-20260026;Invia richiesta all'Ufficio Tecnico;2026-06-05T08:34:01Z;2026-06-05T08:39:20Z;reparto
RDA-20260026;Ricostruisci richiesta e informazioni mancanti;2026-06-05T08:39:20Z;2026-06-05T08:44:00Z;l.conti
RDA-20260026;Invia richiesta ad Acquisti;2026-06-05T08:44:00Z;2026-06-05T08:48:43Z;l.conti
RDA-20260026;Verifica lavorabilità della richiesta;2026-06-05T09:54:33Z;2026-06-05T10:09:05Z;f.neri
RDA-20260026;Seleziona fornitore o richiedi quotazioni;2026-06-05T11:11:34Z;2026-06-05T11:22:17Z;f.neri
RDA-20260026;Emetti ordine al fornitore;2026-06-05T11:59:57Z;2026-06-05T12:09:31Z;f.neri
RDA-20260026;Ricevi merce in magazzino;2026-06-05T12:09:31Z;2026-06-05T12:22:18Z;magazzino
RDA-20260026;Verifica merce ricevuta;2026-06-05T12:22:18Z;2026-06-05T12:31:46Z;reparto
RDA-20260027;Rileva fabbisogno durante il giro impianti;2026-06-05T10:38:06Z;2026-06-05T10:50:17Z;reparto
RDA-20260027;Invia richiesta all'Ufficio Tecnico;2026-06-05T10:50:17Z;2026-06-05T10:54:32Z;reparto
RDA-20260027;Ricostruisci richiesta e informazioni mancanti;2026-06-05T10:56:52Z;2026-06-05T11:12:14Z;l.conti
RDA-20260027;Invia richiesta ad Acquisti;2026-06-05T11:15:54Z;2026-06-05T11:20:40Z;l.conti
RDA-20260027;Verifica lavorabilità della richiesta;2026-06-05T11:46:22Z;2026-06-05T11:59:57Z;f.neri
RDA-20260027;Richiedi integrazione della richiesta;2026-06-05T12:35:22Z;2026-06-05T12:44:31Z;f.neri
RDA-20260027;Ricostruisci richiesta e informazioni mancanti;2026-06-05T12:49:02Z;2026-06-05T13:00:37Z;l.conti
RDA-20260027;Invia richiesta ad Acquisti;2026-06-05T13:00:37Z;2026-06-05T13:05:02Z;l.conti
RDA-20260027;Verifica lavorabilità della richiesta;2026-06-05T13:08:06Z;2026-06-05T13:18:39Z;f.neri
RDA-20260027;Richiedi integrazione della richiesta;2026-06-05T13:43:08Z;2026-06-05T13:51:42Z;f.neri
RDA-20260027;Ricostruisci richiesta e informazioni mancanti;2026-06-05T13:51:42Z;2026-06-05T14:06:50Z;l.conti
RDA-20260027;Invia richiesta ad Acquisti;2026-06-05T14:10:56Z;2026-06-05T14:16:08Z;l.conti
RDA-20260027;Verifica lavorabilità della richiesta;2026-06-05T14:23:37Z;2026-06-05T14:33:09Z;f.neri
RDA-20260027;Richiedi integrazione della richiesta;2026-06-05T14:37:51Z;2026-06-05T14:49:15Z;f.neri
RDA-20260027;Ricostruisci richiesta e informazioni mancanti;2026-06-05T14:49:15Z;2026-06-08T07:04:15Z;l.conti
RDA-20260027;Invia richiesta ad Acquisti;2026-06-08T07:15:36Z;2026-06-08T07:21:14Z;l.conti
RDA-20260027;Verifica lavorabilità della richiesta;2026-06-08T07:21:38Z;2026-06-08T07:26:59Z;f.neri
RDA-20260027;Richiedi integrazione della richiesta;2026-06-08T07:26:59Z;2026-06-08T07:38:07Z;f.neri
RDA-20260027;Ricostruisci richiesta e informazioni mancanti;2026-06-08T08:00:03Z;2026-06-08T08:17:00Z;l.conti
RDA-20260027;Invia richiesta ad Acquisti;2026-06-08T08:20:18Z;2026-06-08T08:26:11Z;l.conti
RDA-20260027;Verifica lavorabilità della richiesta;2026-06-08T08:43:41Z;2026-06-08T08:52:12Z;f.neri
RDA-20260027;Richiedi integrazione della richiesta;2026-06-08T09:35:56Z;2026-06-08T09:41:20Z;f.neri
RDA-20260027;Ricostruisci richiesta e informazioni mancanti;2026-06-08T09:41:20Z;2026-06-08T10:19:30Z;l.conti
RDA-20260027;Invia richiesta ad Acquisti;2026-06-08T10:24:36Z;2026-06-08T10:30:08Z;l.conti
RDA-20260027;Verifica lavorabilità della richiesta;2026-06-08T10:33:55Z;2026-06-08T10:41:13Z;f.neri
RDA-20260027;Richiedi integrazione della richiesta;2026-06-08T10:48:12Z;2026-06-08T11:02:38Z;f.neri
RDA-20260027;Ricostruisci richiesta e informazioni mancanti;2026-06-08T11:22:36Z;2026-06-08T11:28:55Z;l.conti
RDA-20260027;Invia richiesta ad Acquisti;2026-06-08T11:50:02Z;2026-06-08T11:54:31Z;l.conti
RDA-20260027;Verifica lavorabilità della richiesta;2026-06-08T12:09:18Z;2026-06-08T12:19:52Z;f.neri
RDA-20260027;Richiedi autorizzazione al responsabile;2026-06-08T12:34:21Z;2026-06-08T12:41:03Z;f.neri
RDA-20260027;Autorizza spesa;2026-06-09T14:57:30Z;2026-06-11T14:09:21Z;resp.acquisti
RDA-20260027;Seleziona fornitore o richiedi quotazioni;2026-06-11T14:45:17Z;2026-06-12T07:00:41Z;f.neri
RDA-20260027;Emetti ordine al fornitore;2026-06-12T09:26:37Z;2026-06-12T09:37:10Z;f.neri
RDA-20260027;Ricevi merce in magazzino;2026-06-12T09:37:10Z;2026-06-12T09:45:49Z;magazzino
RDA-20260027;Verifica merce ricevuta;2026-06-12T09:45:49Z;2026-06-12T09:52:45Z;reparto
RDA-20260028;Rileva fabbisogno durante il giro impianti;2026-06-05T12:24:15Z;2026-06-05T12:29:28Z;reparto
RDA-20260028;Invia richiesta all'Ufficio Tecnico;2026-06-05T12:29:28Z;2026-06-05T12:35:14Z;reparto
RDA-20260028;Ricostruisci richiesta e informazioni mancanti;2026-06-05T12:35:14Z;2026-06-05T12:43:41Z;l.conti
RDA-20260028;Invia richiesta ad Acquisti;2026-06-05T12:43:41Z;2026-06-05T12:49:02Z;l.conti
RDA-20260028;Verifica lavorabilità della richiesta;2026-06-05T12:56:14Z;2026-06-05T13:08:06Z;f.neri
RDA-20260028;Seleziona fornitore o richiedi quotazioni;2026-06-05T13:18:39Z;2026-06-05T13:43:08Z;f.neri
RDA-20260028;Emetti ordine al fornitore;2026-06-05T13:51:42Z;2026-06-05T13:58:32Z;f.neri
RDA-20260028;Ricevi merce in magazzino;2026-06-05T13:58:32Z;2026-06-05T14:06:27Z;magazzino
RDA-20260028;Verifica merce ricevuta;2026-06-05T14:06:27Z;2026-06-05T14:13:09Z;reparto
RDA-20260029;Rileva fabbisogno durante il giro impianti;2026-06-05T13:24:47Z;2026-06-05T13:32:56Z;reparto
RDA-20260029;Invia richiesta all'Ufficio Tecnico;2026-06-05T13:32:56Z;2026-06-05T13:39:53Z;reparto
RDA-20260029;Ricostruisci richiesta e informazioni mancanti;2026-06-05T13:39:53Z;2026-06-05T13:42:18Z;l.conti
RDA-20260029;Invia richiesta ad Acquisti;2026-06-05T13:42:18Z;2026-06-05T13:46:10Z;l.conti
RDA-20260029;Verifica lavorabilità della richiesta;2026-06-05T13:58:32Z;2026-06-05T14:13:23Z;f.neri
RDA-20260029;Richiedi integrazione della richiesta;2026-06-05T14:13:23Z;2026-06-05T14:23:37Z;f.neri
RDA-20260029;Ricostruisci richiesta e informazioni mancanti;2026-06-05T14:23:37Z;2026-06-05T14:35:40Z;l.conti
RDA-20260029;Invia richiesta ad Acquisti;2026-06-05T14:35:40Z;2026-06-05T14:40:00Z;l.conti
RDA-20260029;Verifica lavorabilità della richiesta;2026-06-05T14:56:11Z;2026-06-08T07:09:09Z;f.neri
RDA-20260029;Richiedi integrazione della richiesta;2026-06-08T07:09:09Z;2026-06-08T07:21:38Z;f.neri
RDA-20260029;Ricostruisci richiesta e informazioni mancanti;2026-06-08T07:41:11Z;2026-06-08T07:50:46Z;l.conti
RDA-20260029;Invia richiesta ad Acquisti;2026-06-08T08:17:00Z;2026-06-08T08:20:18Z;l.conti
RDA-20260029;Verifica lavorabilità della richiesta;2026-06-08T08:33:15Z;2026-06-08T08:39:16Z;f.neri
RDA-20260029;Seleziona fornitore o richiedi quotazioni;2026-06-08T09:12:19Z;2026-06-08T09:35:56Z;f.neri
RDA-20260029;Emetti ordine al fornitore;2026-06-08T10:04:17Z;2026-06-08T10:13:36Z;f.neri
RDA-20260029;Ricevi merce in magazzino;2026-06-08T10:13:36Z;2026-06-08T10:24:03Z;magazzino
RDA-20260029;Verifica merce ricevuta;2026-06-08T10:24:03Z;2026-06-08T10:33:45Z;reparto
RDA-20260030;Rileva fabbisogno durante il giro impianti;2026-06-05T13:46:47Z;2026-06-05T13:57:51Z;reparto
RDA-20260030;Invia richiesta all'Ufficio Tecnico;2026-06-05T13:57:51Z;2026-06-05T14:02:58Z;reparto
RDA-20260030;Ricostruisci richiesta e informazioni mancanti;2026-06-05T14:06:50Z;2026-06-05T14:10:56Z;l.conti
RDA-20260030;Invia richiesta ad Acquisti;2026-06-05T14:16:08Z;2026-06-05T14:21:27Z;l.conti
RDA-20260030;Verifica lavorabilità della richiesta;2026-06-05T14:33:09Z;2026-06-05T14:37:51Z;f.neri
RDA-20260030;Richiedi integrazione della richiesta;2026-06-05T14:49:15Z;2026-06-05T14:56:11Z;f.neri
RDA-20260030;Ricostruisci richiesta e informazioni mancanti;2026-06-08T07:04:15Z;2026-06-08T07:15:36Z;l.conti
RDA-20260030;Invia richiesta ad Acquisti;2026-06-08T07:35:53Z;2026-06-08T07:41:11Z;l.conti
RDA-20260030;Verifica lavorabilità della richiesta;2026-06-08T07:41:11Z;2026-06-08T07:54:37Z;f.neri
RDA-20260030;Richiedi autorizzazione al responsabile;2026-06-08T07:54:37Z;2026-06-08T08:00:37Z;f.neri
RDA-20260030;Autorizza spesa;2026-06-09T14:43:37Z;2026-06-09T14:57:30Z;resp.acquisti
RDA-20260030;Seleziona fornitore o richiedi quotazioni;2026-06-10T09:05:52Z;2026-06-10T09:32:28Z;f.neri
RDA-20260030;Emetti ordine al fornitore;2026-06-10T11:38:03Z;2026-06-10T11:47:27Z;f.neri
RDA-20260030;Ricevi merce in magazzino;2026-06-10T11:51:25Z;2026-06-10T12:06:49Z;magazzino
RDA-20260030;Verifica merce ricevuta;2026-06-10T12:06:49Z;2026-06-10T12:13:20Z;reparto
RDA-20260031;Rileva fabbisogno durante il giro impianti;2026-06-05T14:51:35Z;2026-06-08T07:05:44Z;reparto
RDA-20260031;Invia richiesta all'Ufficio Tecnico;2026-06-08T07:05:44Z;2026-06-08T07:10:00Z;reparto
RDA-20260031;Ricostruisci richiesta e informazioni mancanti;2026-06-08T07:21:14Z;2026-06-08T07:28:39Z;l.conti
RDA-20260031;Invia richiesta ad Acquisti;2026-06-08T07:50:46Z;2026-06-08T07:55:16Z;l.conti
RDA-20260031;Verifica lavorabilità della richiesta;2026-06-08T08:00:37Z;2026-06-08T08:12:17Z;f.neri
RDA-20260031;Seleziona fornitore o richiedi quotazioni;2026-06-08T08:22:51Z;2026-06-08T08:33:15Z;f.neri
RDA-20260031;Emetti ordine al fornitore;2026-06-08T08:52:12Z;2026-06-08T08:59:00Z;f.neri
RDA-20260031;Ricevi merce in magazzino;2026-06-08T08:59:00Z;2026-06-08T09:11:23Z;magazzino
RDA-20260031;Verifica merce ricevuta;2026-06-08T09:11:23Z;2026-06-08T09:23:43Z;reparto
RDA-20260032;Rileva fabbisogno durante il giro impianti;2026-06-08T07:00:00Z;2026-06-08T07:09:51Z;reparto
RDA-20260032;Invia richiesta all'Ufficio Tecnico;2026-06-08T07:09:51Z;2026-06-08T07:14:24Z;reparto
RDA-20260032;Ricostruisci richiesta e informazioni mancanti;2026-06-08T07:28:39Z;2026-06-08T07:35:53Z;l.conti
RDA-20260032;Invia richiesta ad Acquisti;2026-06-08T07:55:16Z;2026-06-08T08:00:03Z;l.conti
RDA-20260032;Verifica lavorabilità della richiesta;2026-06-08T08:12:17Z;2026-06-08T08:22:51Z;f.neri
RDA-20260032;Richiedi integrazione della richiesta;2026-06-08T08:39:16Z;2026-06-08T08:43:41Z;f.neri
RDA-20260032;Ricostruisci richiesta e informazioni mancanti;2026-06-08T08:43:41Z;2026-06-08T08:54:42Z;l.conti
RDA-20260032;Invia richiesta ad Acquisti;2026-06-08T08:54:42Z;2026-06-08T08:59:00Z;l.conti
RDA-20260032;Verifica lavorabilità della richiesta;2026-06-08T09:41:20Z;2026-06-08T09:48:47Z;f.neri
RDA-20260032;Richiedi integrazione della richiesta;2026-06-08T10:13:36Z;2026-06-08T10:28:10Z;f.neri
RDA-20260032;Ricostruisci richiesta e informazioni mancanti;2026-06-08T10:35:12Z;2026-06-08T11:07:02Z;l.conti
RDA-20260032;Invia richiesta ad Acquisti;2026-06-08T11:28:55Z;2026-06-08T11:35:15Z;l.conti
RDA-20260032;Verifica lavorabilità della richiesta;2026-06-08T11:35:15Z;2026-06-08T11:46:32Z;f.neri
RDA-20260032;Richiedi integrazione della richiesta;2026-06-08T11:46:32Z;2026-06-08T12:01:41Z;f.neri
RDA-20260032;Ricostruisci richiesta e informazioni mancanti;2026-06-08T12:09:08Z;2026-06-08T12:29:26Z;l.conti
RDA-20260032;Invia richiesta ad Acquisti;2026-06-08T12:34:34Z;2026-06-08T12:37:15Z;l.conti
RDA-20260032;Verifica lavorabilità della richiesta;2026-06-08T13:03:06Z;2026-06-08T13:15:39Z;f.neri
RDA-20260032;Richiedi integrazione della richiesta;2026-06-08T13:33:43Z;2026-06-08T13:46:46Z;f.neri
RDA-20260032;Ricostruisci richiesta e informazioni mancanti;2026-06-08T13:46:46Z;2026-06-08T14:04:14Z;l.conti
RDA-20260032;Invia richiesta ad Acquisti;2026-06-08T14:08:33Z;2026-06-08T14:13:06Z;l.conti
RDA-20260032;Verifica lavorabilità della richiesta;2026-06-08T14:23:58Z;2026-06-08T14:32:33Z;f.neri
RDA-20260032;Richiedi integrazione della richiesta;2026-06-09T07:22:54Z;2026-06-09T07:32:54Z;f.neri
RDA-20260032;Ricostruisci richiesta e informazioni mancanti;2026-06-09T07:40:35Z;2026-06-09T07:42:10Z;l.conti
RDA-20260032;Invia richiesta ad Acquisti;2026-06-09T07:47:13Z;2026-06-09T07:52:45Z;l.conti
RDA-20260032;Verifica lavorabilità della richiesta;2026-06-09T09:00:13Z;2026-06-09T09:11:39Z;f.neri
RDA-20260032;Richiedi integrazione della richiesta;2026-06-09T10:18:17Z;2026-06-09T10:29:15Z;f.neri
RDA-20260032;Ricostruisci richiesta e informazioni mancanti;2026-06-09T10:38:39Z;2026-06-09T10:45:17Z;l.conti
RDA-20260032;Invia richiesta ad Acquisti;2026-06-09T10:48:45Z;2026-06-09T10:54:11Z;l.conti
RDA-20260032;Verifica lavorabilità della richiesta;2026-06-09T11:50:07Z;2026-06-09T12:02:28Z;f.neri
RDA-20260032;Richiedi integrazione della richiesta;2026-06-09T13:05:27Z;2026-06-09T13:12:31Z;f.neri
RDA-20260032;Ricostruisci richiesta e informazioni mancanti;2026-06-09T13:21:41Z;2026-06-09T13:46:17Z;l.conti
RDA-20260032;Invia richiesta ad Acquisti;2026-06-09T13:52:22Z;2026-06-09T13:58:42Z;l.conti
RDA-20260032;Verifica lavorabilità della richiesta;2026-06-10T07:24:29Z;2026-06-10T07:32:51Z;f.neri
RDA-20260032;Richiedi autorizzazione al responsabile;2026-06-10T10:21:19Z;2026-06-10T10:25:58Z;f.neri
RDA-20260032;Autorizza spesa;2026-06-11T14:38:08Z;2026-06-11T14:49:48Z;resp.acquisti
RDA-20260032;Seleziona fornitore o richiedi quotazioni;2026-06-12T08:58:57Z;2026-06-12T09:19:29Z;f.neri
RDA-20260032;Emetti ordine al fornitore;2026-06-12T11:08:10Z;2026-06-12T11:19:51Z;f.neri
RDA-20260032;Ricevi merce in magazzino;2026-06-12T11:20:03Z;2026-06-12T11:30:23Z;magazzino
RDA-20260032;Verifica merce ricevuta;2026-06-12T11:30:23Z;2026-06-12T11:42:58Z;reparto
RDA-20260033;Rileva fabbisogno durante il giro impianti;2026-06-08T08:02:17Z;2026-06-08T08:14:22Z;reparto
RDA-20260033;Invia richiesta all'Ufficio Tecnico;2026-06-08T08:14:22Z;2026-06-08T08:20:00Z;reparto
RDA-20260033;Ricostruisci richiesta e informazioni mancanti;2026-06-08T08:26:11Z;2026-06-08T08:34:35Z;l.conti
RDA-20260033;Invia richiesta ad Acquisti;2026-06-08T08:34:35Z;2026-06-08T08:38:40Z;l.conti
RDA-20260033;Verifica lavorabilità della richiesta;2026-06-08T08:59:00Z;2026-06-08T09:12:19Z;f.neri
RDA-20260033;Richiedi integrazione della richiesta;2026-06-08T09:48:47Z;2026-06-08T09:59:14Z;f.neri
RDA-20260033;Ricostruisci richiesta e informazioni mancanti;2026-06-08T10:19:30Z;2026-06-08T10:24:36Z;l.conti
RDA-20260033;Invia richiesta ad Acquisti;2026-06-08T10:30:08Z;2026-06-08T10:35:12Z;l.conti
RDA-20260033;Verifica lavorabilità della richiesta;2026-06-08T10:41:13Z;2026-06-08T10:48:12Z;f.neri
RDA-20260033;Richiedi integrazione della richiesta;2026-06-08T11:02:38Z;2026-06-08T11:15:43Z;f.neri
RDA-20260033;Ricostruisci richiesta e informazioni mancanti;2026-06-08T11:35:15Z;2026-06-08T11:44:27Z;l.conti
RDA-20260033;Invia richiesta ad Acquisti;2026-06-08T11:54:31Z;2026-06-08T11:59:27Z;l.conti
RDA-20260033;Verifica lavorabilità della richiesta;2026-06-08T12:19:52Z;2026-06-08T12:25:27Z;f.neri
RDA-20260033;Richiedi integrazione della richiesta;2026-06-08T12:41:03Z;2026-06-08T12:54:50Z;f.neri
RDA-20260033;Ricostruisci richiesta e informazioni mancanti;2026-06-08T12:59:04Z;2026-06-08T13:20:15Z;l.conti
RDA-20260033;Invia richiesta ad Acquisti;2026-06-08T13:20:15Z;2026-06-08T13:25:33Z;l.conti
RDA-20260033;Verifica lavorabilità della richiesta;2026-06-08T13:55:33Z;2026-06-08T14:04:34Z;f.neri
RDA-20260033;Richiedi integrazione della richiesta;2026-06-08T14:14:21Z;2026-06-08T14:23:58Z;f.neri
RDA-20260033;Ricostruisci richiesta e informazioni mancanti;2026-06-08T14:26:02Z;2026-06-08T14:30:31Z;l.conti
RDA-20260033;Invia richiesta ad Acquisti;2026-06-08T14:30:31Z;2026-06-08T14:36:22Z;l.conti
RDA-20260033;Verifica lavorabilità della richiesta;2026-06-09T07:32:54Z;2026-06-09T07:40:00Z;f.neri
RDA-20260033;Richiedi autorizzazione al responsabile;2026-06-09T08:30:24Z;2026-06-09T08:36:15Z;f.neri
RDA-20260033;Autorizza spesa;2026-06-11T14:09:21Z;2026-06-11T14:19:33Z;resp.acquisti
RDA-20260033;Seleziona fornitore o richiedi quotazioni;2026-06-12T07:11:10Z;2026-06-12T07:38:30Z;f.neri
RDA-20260033;Emetti ordine al fornitore;2026-06-12T10:08:16Z;2026-06-12T10:20:48Z;f.neri
RDA-20260033;Ricevi merce in magazzino;2026-06-12T10:20:48Z;2026-06-12T10:25:05Z;magazzino
RDA-20260033;Verifica merce ricevuta;2026-06-12T10:25:05Z;2026-06-12T10:33:50Z;reparto
RDA-20260034;Rileva fabbisogno durante il giro impianti;2026-06-08T08:46:01Z;2026-06-08T08:52:18Z;reparto
RDA-20260034;Invia richiesta all'Ufficio Tecnico;2026-06-08T08:52:18Z;2026-06-08T08:56:55Z;reparto
RDA-20260034;Ricostruisci richiesta e informazioni mancanti;2026-06-08T08:59:00Z;2026-06-08T09:17:13Z;l.conti
RDA-20260034;Invia richiesta ad Acquisti;2026-06-08T09:17:13Z;2026-06-08T09:22:29Z;l.conti
RDA-20260034;Verifica lavorabilità della richiesta;2026-06-08T09:59:14Z;2026-06-08T10:04:17Z;f.neri
RDA-20260034;Richiedi integrazione della richiesta;2026-06-08T10:28:10Z;2026-06-08T10:33:55Z;f.neri
RDA-20260034;Ricostruisci richiesta e informazioni mancanti;2026-06-08T11:07:02Z;2026-06-08T11:22:36Z;l.conti
RDA-20260034;Invia richiesta ad Acquisti;2026-06-08T11:44:27Z;2026-06-08T11:50:02Z;l.conti
RDA-20260034;Verifica lavorabilità della richiesta;2026-06-08T12:01:41Z;2026-06-08T12:09:18Z;f.neri
RDA-20260034;Richiedi integrazione della richiesta;2026-06-08T12:25:27Z;2026-06-08T12:34:21Z;f.neri
RDA-20260034;Ricostruisci richiesta e informazioni mancanti;2026-06-08T12:37:15Z;2026-06-08T12:54:04Z;l.conti
RDA-20260034;Invia richiesta ad Acquisti;2026-06-08T12:54:04Z;2026-06-08T12:59:04Z;l.conti
RDA-20260034;Verifica lavorabilità della richiesta;2026-06-08T13:15:39Z;2026-06-08T13:23:37Z;f.neri
RDA-20260034;Richiedi integrazione della richiesta;2026-06-08T13:46:46Z;2026-06-08T13:55:33Z;f.neri
RDA-20260034;Ricostruisci richiesta e informazioni mancanti;2026-06-08T14:04:14Z;2026-06-08T14:08:33Z;l.conti
RDA-20260034;Invia richiesta ad Acquisti;2026-06-08T14:13:06Z;2026-06-08T14:17:57Z;l.conti
RDA-20260034;Verifica lavorabilità della richiesta;2026-06-09T07:00:25Z;2026-06-09T07:12:17Z;f.neri
RDA-20260034;Seleziona fornitore o richiedi quotazioni;2026-06-09T07:48:43Z;2026-06-09T08:18:25Z;f.neri
RDA-20260034;Emetti ordine al fornitore;2026-06-09T09:11:39Z;2026-06-09T09:24:26Z;f.neri
RDA-20260034;Ricevi merce in magazzino;2026-06-09T09:24:26Z;2026-06-09T09:38:02Z;magazzino
RDA-20260034;Verifica merce ricevuta;2026-06-09T09:38:02Z;2026-06-09T09:52:48Z;reparto
RDA-20260035;Rileva fabbisogno durante il giro impianti;2026-06-08T11:40:42Z;2026-06-08T11:52:48Z;reparto
RDA-20260035;Invia richiesta all'Ufficio Tecnico;2026-06-08T11:52:48Z;2026-06-08T11:58:45Z;reparto
RDA-20260035;Ricostruisci richiesta e informazioni mancanti;2026-06-08T11:59:27Z;2026-06-08T12:09:08Z;l.conti
RDA-20260035;Invia richiesta ad Acquisti;2026-06-08T12:29:26Z;2026-06-08T12:34:34Z;l.conti
RDA-20260035;Verifica lavorabilità della richiesta;2026-06-08T12:54:50Z;2026-06-08T13:03:06Z;f.neri
RDA-20260035;Richiedi integrazione della richiesta;2026-06-08T13:23:37Z;2026-06-08T13:33:43Z;f.neri
RDA-20260035;Ricostruisci richiesta e informazioni mancanti;2026-06-08T13:33:43Z;2026-06-08T13:41:55Z;l.conti
RDA-20260035;Invia richiesta ad Acquisti;2026-06-08T13:41:55Z;2026-06-08T13:46:43Z;l.conti
RDA-20260035;Verifica lavorabilità della richiesta;2026-06-08T14:04:34Z;2026-06-08T14:14:21Z;f.neri
RDA-20260035;Seleziona fornitore o richiedi quotazioni;2026-06-08T14:32:33Z;2026-06-09T07:00:25Z;f.neri
RDA-20260035;Emetti ordine al fornitore;2026-06-09T07:40:00Z;2026-06-09T07:48:43Z;f.neri
RDA-20260035;Ricevi merce in magazzino;2026-06-09T07:48:43Z;2026-06-09T07:58:49Z;magazzino
RDA-20260035;Verifica merce ricevuta;2026-06-09T07:58:49Z;2026-06-09T08:08:16Z;reparto
RDA-20260036;Rileva fabbisogno durante il giro impianti;2026-06-08T14:01:14Z;2026-06-08T14:13:49Z;reparto
RDA-20260036;Invia richiesta all'Ufficio Tecnico;2026-06-08T14:13:49Z;2026-06-08T14:19:09Z;reparto
RDA-20260036;Ricostruisci richiesta e informazioni mancanti;2026-06-08T14:19:09Z;2026-06-08T14:21:57Z;l.conti
RDA-20260036;Invia richiesta ad Acquisti;2026-06-08T14:21:57Z;2026-06-08T14:26:02Z;l.conti
RDA-20260036;Verifica lavorabilità della richiesta;2026-06-09T07:12:17Z;2026-06-09T07:22:54Z;f.neri
RDA-20260036;Richiedi integrazione della richiesta;2026-06-09T08:18:25Z;2026-06-09T08:30:24Z;f.neri
RDA-20260036;Ricostruisci richiesta e informazioni mancanti;2026-06-09T08:33:40Z;2026-06-09T08:48:51Z;l.conti
RDA-20260036;Invia richiesta ad Acquisti;2026-06-09T09:01:33Z;2026-06-09T09:06:31Z;l.conti
RDA-20260036;Verifica lavorabilità della richiesta;2026-06-09T10:00:11Z;2026-06-09T10:09:15Z;f.neri
RDA-20260036;Richiedi integrazione della richiesta;2026-06-09T11:03:11Z;2026-06-09T11:12:03Z;f.neri
RDA-20260036;Ricostruisci richiesta e informazioni mancanti;2026-06-09T11:26:37Z;2026-06-09T11:44:08Z;l.conti
RDA-20260036;Invia richiesta ad Acquisti;2026-06-09T11:55:02Z;2026-06-09T11:59:43Z;l.conti
RDA-20260036;Verifica lavorabilità della richiesta;2026-06-09T12:57:15Z;2026-06-09T13:05:27Z;f.neri
RDA-20260036;Richiedi integrazione della richiesta;2026-06-09T14:05:10Z;2026-06-09T14:14:14Z;f.neri
RDA-20260036;Ricostruisci richiesta e informazioni mancanti;2026-06-09T14:17:34Z;2026-06-09T14:52:36Z;l.conti
RDA-20260036;Invia richiesta ad Acquisti;2026-06-09T14:58:14Z;2026-06-10T07:02:50Z;l.conti
RDA-20260036;Verifica lavorabilità della richiesta;2026-06-10T09:44:20Z;2026-06-10T09:53:45Z;f.neri
RDA-20260036;Richiedi integrazione della richiesta;2026-06-10T11:52:01Z;2026-06-10T12:05:46Z;f.neri
RDA-20260036;Ricostruisci richiesta e informazioni mancanti;2026-06-10T12:05:46Z;2026-06-10T12:46:15Z;l.conti
RDA-20260036;Invia richiesta ad Acquisti;2026-06-10T13:13:27Z;2026-06-10T13:17:18Z;l.conti
RDA-20260036;Verifica lavorabilità della richiesta;2026-06-10T13:27:15Z;2026-06-10T13:35:42Z;f.neri
RDA-20260036;Richiedi integrazione della richiesta;2026-06-10T13:35:42Z;2026-06-10T13:44:52Z;f.neri
RDA-20260036;Ricostruisci richiesta e informazioni mancanti;2026-06-10T14:09:13Z;2026-06-10T14:15:04Z;l.conti
RDA-20260036;Invia richiesta ad Acquisti;2026-06-10T14:41:22Z;2026-06-10T14:47:23Z;l.conti
RDA-20260036;Verifica lavorabilità della richiesta;2026-06-11T07:18:50Z;2026-06-11T07:28:37Z;f.neri
RDA-20260036;Seleziona fornitore o richiedi quotazioni;2026-06-11T07:56:07Z;2026-06-11T08:21:57Z;f.neri
RDA-20260036;Emetti ordine al fornitore;2026-06-11T09:44:19Z;2026-06-11T09:59:48Z;f.neri
RDA-20260036;Ricevi merce in magazzino;2026-06-11T09:59:48Z;2026-06-11T10:07:05Z;magazzino
RDA-20260036;Verifica merce ricevuta;2026-06-11T10:07:05Z;2026-06-11T10:14:34Z;reparto
RDA-20260037;Rileva fabbisogno durante il giro impianti;2026-06-08T14:37:25Z;2026-06-08T14:43:08Z;reparto
RDA-20260037;Invia richiesta all'Ufficio Tecnico;2026-06-08T14:43:08Z;2026-06-08T14:46:45Z;reparto
RDA-20260037;Ricostruisci richiesta e informazioni mancanti;2026-06-08T14:46:45Z;2026-06-09T07:18:45Z;l.conti
RDA-20260037;Invia richiesta ad Acquisti;2026-06-09T07:36:02Z;2026-06-09T07:40:35Z;l.conti
RDA-20260037;Verifica lavorabilità della richiesta;2026-06-09T08:36:15Z;2026-06-09T08:51:42Z;f.neri
RDA-20260037;Richiedi integrazione della richiesta;2026-06-09T09:33:35Z;2026-06-09T09:51:24Z;f.neri
RDA-20260037;Ricostruisci richiesta e informazioni mancanti;2026-06-09T09:51:24Z;2026-06-09T10:05:18Z;l.conti
RDA-20260037;Invia richiesta ad Acquisti;2026-06-09T10:34:19Z;2026-06-09T10:38:39Z;l.conti
RDA-20260037;Verifica lavorabilità della richiesta;2026-06-09T11:25:00Z;2026-06-09T11:31:39Z;f.neri
RDA-20260037;Seleziona fornitore o richiedi quotazioni;2026-06-09T12:12:48Z;2026-06-09T12:38:31Z;f.neri
RDA-20260037;Emetti ordine al fornitore;2026-06-09T13:32:40Z;2026-06-09T13:45:11Z;f.neri
RDA-20260037;Ricevi merce in magazzino;2026-06-09T13:45:11Z;2026-06-09T13:53:23Z;magazzino
RDA-20260037;Verifica merce ricevuta;2026-06-09T13:53:23Z;2026-06-09T14:05:10Z;reparto
RDA-20260038;Rileva fabbisogno durante il giro impianti;2026-06-09T07:00:00Z;2026-06-09T07:09:20Z;reparto
RDA-20260038;Invia richiesta all'Ufficio Tecnico;2026-06-09T07:09:20Z;2026-06-09T07:14:22Z;reparto
RDA-20260038;Ricostruisci richiesta e informazioni mancanti;2026-06-09T07:18:45Z;2026-06-09T07:36:02Z;l.conti
RDA-20260038;Invia richiesta ad Acquisti;2026-06-09T07:42:10Z;2026-06-09T07:47:13Z;l.conti
RDA-20260038;Verifica lavorabilità della richiesta;2026-06-09T08:51:42Z;2026-06-09T09:00:13Z;f.neri
RDA-20260038;Richiedi integrazione della richiesta;2026-06-09T09:51:24Z;2026-06-09T10:00:11Z;f.neri
RDA-20260038;Ricostruisci richiesta e informazioni mancanti;2026-06-09T10:05:18Z;2026-06-09T10:34:19Z;l.conti
RDA-20260038;Invia richiesta ad Acquisti;2026-06-09T10:45:17Z;2026-06-09T10:48:45Z;l.conti
RDA-20260038;Verifica lavorabilità della richiesta;2026-06-09T11:31:39Z;2026-06-09T11:41:34Z;f.neri
RDA-20260038;Richiedi autorizzazione al responsabile;2026-06-09T12:38:31Z;2026-06-09T12:41:35Z;f.neri
RDA-20260038;Autorizza spesa;2026-06-11T14:19:33Z;2026-06-11T14:28:55Z;resp.acquisti
RDA-20260038;Seleziona fornitore o richiedi quotazioni;2026-06-12T07:38:30Z;2026-06-12T07:52:36Z;f.neri
RDA-20260038;Emetti ordine al fornitore;2026-06-12T10:20:48Z;2026-06-12T10:31:52Z;f.neri
RDA-20260038;Ricevi merce in magazzino;2026-06-12T10:31:52Z;2026-06-12T10:37:18Z;magazzino
RDA-20260038;Verifica merce ricevuta;2026-06-12T10:37:18Z;2026-06-12T10:52:17Z;reparto
RDA-20260039;Rileva fabbisogno durante il giro impianti;2026-06-09T07:31:00Z;2026-06-09T07:38:45Z;reparto
RDA-20260039;Invia richiesta all'Ufficio Tecnico;2026-06-09T07:38:45Z;2026-06-09T07:45:36Z;reparto
RDA-20260039;Ricostruisci richiesta e informazioni mancanti;2026-06-09T07:52:45Z;2026-06-09T08:26:34Z;l.conti
RDA-20260039;Invia richiesta ad Acquisti;2026-06-09T08:26:34Z;2026-06-09T08:33:40Z;l.conti
RDA-20260039;Verifica lavorabilità della richiesta;2026-06-09T09:24:26Z;2026-06-09T09:33:35Z;f.neri
RDA-20260039;Seleziona fornitore o richiedi quotazioni;2026-06-09T10:29:15Z;2026-06-09T10:51:02Z;f.neri
RDA-20260039;Emetti ordine al fornitore;2026-06-09T11:41:34Z;2026-06-09T11:50:07Z;f.neri
RDA-20260039;Ricevi merce in magazzino;2026-06-09T11:50:07Z;2026-06-09T12:02:25Z;magazzino
RDA-20260039;Verifica merce ricevuta;2026-06-09T12:02:25Z;2026-06-09T12:14:32Z;reparto
RDA-20260040;Rileva fabbisogno durante il giro impianti;2026-06-09T08:28:54Z;2026-06-09T08:40:57Z;reparto
RDA-20260040;Invia richiesta all'Ufficio Tecnico;2026-06-09T08:40:57Z;2026-06-09T08:46:36Z;reparto
RDA-20260040;Ricostruisci richiesta e informazioni mancanti;2026-06-09T08:48:51Z;2026-06-09T09:01:33Z;l.conti
RDA-20260040;Invia richiesta ad Acquisti;2026-06-09T09:06:31Z;2026-06-09T09:11:19Z;l.conti
RDA-20260040;Verifica lavorabilità della richiesta;2026-06-09T10:09:15Z;2026-06-09T10:18:17Z;f.neri
RDA-20260040;Richiedi integrazione della richiesta;2026-06-09T11:12:03Z;2026-06-09T11:25:00Z;f.neri
RDA-20260040;Ricostruisci richiesta e informazioni mancanti;2026-06-09T11:44:08Z;2026-06-09T11:48:50Z;l.conti
RDA-20260040;Invia richiesta ad Acquisti;2026-06-09T12:12:39Z;2026-06-09T12:17:28Z;l.conti
RDA-20260040;Verifica lavorabilità della richiesta;2026-06-09T13:12:31Z;2026-06-09T13:23:04Z;f.neri
RDA-20260040;Seleziona fornitore o richiedi quotazioni;2026-06-09T14:14:14Z;2026-06-09T14:40:40Z;f.neri
RDA-20260040;Emetti ordine al fornitore;2026-06-10T08:31:08Z;2026-06-10T08:42:16Z;f.neri
RDA-20260040;Ricevi merce in magazzino;2026-06-10T08:42:16Z;2026-06-10T08:57:01Z;magazzino
RDA-20260040;Verifica merce ricevuta;2026-06-10T08:57:01Z;2026-06-10T09:11:04Z;reparto
RDA-20260041;Rileva fabbisogno durante il giro impianti;2026-06-09T09:10:41Z;2026-06-09T09:17:54Z;reparto
RDA-20260041;Invia richiesta all'Ufficio Tecnico;2026-06-09T09:17:54Z;2026-06-09T09:22:05Z;reparto
RDA-20260041;Ricostruisci richiesta e informazioni mancanti;2026-06-09T09:22:05Z;2026-06-09T09:29:51Z;l.conti
RDA-20260041;Invia richiesta ad Acquisti;2026-06-09T09:29:51Z;2026-06-09T09:35:18Z;l.conti
RDA-20260041;Verifica lavorabilità della richiesta;2026-06-09T10:51:02Z;2026-06-09T11:03:11Z;f.neri
RDA-20260041;Richiedi integrazione della richiesta;2026-06-09T12:02:28Z;2026-06-09T12:12:48Z;f.neri
RDA-20260041;Ricostruisci richiesta e informazioni mancanti;2026-06-09T12:22:30Z;2026-06-09T12:38:16Z;l.conti
RDA-20260041;Invia richiesta ad Acquisti;2026-06-09T12:38:16Z;2026-06-09T12:41:59Z;l.conti
RDA-20260041;Verifica lavorabilità della richiesta;2026-06-09T13:45:11Z;2026-06-09T13:54:50Z;f.neri
RDA-20260041;Richiedi autorizzazione al responsabile;2026-06-10T07:17:40Z;2026-06-10T07:24:29Z;f.neri
RDA-20260041;Autorizza spesa;2026-06-11T14:28:55Z;2026-06-11T14:38:08Z;resp.acquisti
RDA-20260041;Seleziona fornitore o richiedi quotazioni;2026-06-12T08:03:47Z;2026-06-12T08:19:17Z;f.neri
RDA-20260041;Emetti ordine al fornitore;2026-06-12T10:44:52Z;2026-06-12T10:56:01Z;f.neri
RDA-20260041;Ricevi merce in magazzino;2026-06-12T10:56:01Z;2026-06-12T11:07:49Z;magazzino
RDA-20260041;Verifica merce ricevuta;2026-06-12T11:07:49Z;2026-06-12T11:19:38Z;reparto
RDA-20260042;Rileva fabbisogno durante il giro impianti;2026-06-09T10:53:31Z;2026-06-09T10:58:58Z;reparto
RDA-20260042;Invia richiesta all'Ufficio Tecnico;2026-06-09T10:58:58Z;2026-06-09T11:04:43Z;reparto
RDA-20260042;Ricostruisci richiesta e informazioni mancanti;2026-06-09T11:04:43Z;2026-06-09T11:26:37Z;l.conti
RDA-20260042;Invia richiesta ad Acquisti;2026-06-09T11:48:50Z;2026-06-09T11:55:02Z;l.conti
RDA-20260042;Verifica lavorabilità della richiesta;2026-06-09T12:41:35Z;2026-06-09T12:57:15Z;f.neri
RDA-20260042;Richiedi integrazione della richiesta;2026-06-09T13:54:50Z;2026-06-09T14:05:10Z;f.neri
RDA-20260042;Ricostruisci richiesta e informazioni mancanti;2026-06-09T14:05:10Z;2026-06-09T14:17:34Z;l.conti
RDA-20260042;Invia richiesta ad Acquisti;2026-06-09T14:52:36Z;2026-06-09T14:58:14Z;l.conti
RDA-20260042;Verifica lavorabilità della richiesta;2026-06-10T09:32:28Z;2026-06-10T09:44:20Z;f.neri
RDA-20260042;Richiedi autorizzazione al responsabile;2026-06-10T11:47:27Z;2026-06-10T11:52:01Z;f.neri
RDA-20260042;Autorizza spesa;2026-06-11T14:49:48Z;2026-06-16T14:02:04Z;resp.acquisti
RDA-20260042;Seleziona fornitore o richiedi quotazioni;2026-06-16T14:02:04Z;2026-06-16T14:24:36Z;f.neri
RDA-20260042;Emetti ordine al fornitore;2026-06-17T07:15:17Z;2026-06-17T07:24:54Z;f.neri
RDA-20260042;Ricevi merce in magazzino;2026-06-17T07:24:54Z;2026-06-17T07:33:15Z;magazzino
RDA-20260042;Verifica merce ricevuta;2026-06-17T07:33:15Z;2026-06-17T07:43:50Z;reparto
RDA-20260043;Rileva fabbisogno durante il giro impianti;2026-06-09T11:37:56Z;2026-06-09T11:43:22Z;reparto
RDA-20260043;Invia richiesta all'Ufficio Tecnico;2026-06-09T11:43:22Z;2026-06-09T11:47:08Z;reparto
RDA-20260043;Ricostruisci richiesta e informazioni mancanti;2026-06-09T11:59:43Z;2026-06-09T12:12:39Z;l.conti
RDA-20260043;Invia richiesta ad Acquisti;2026-06-09T12:17:28Z;2026-06-09T12:22:30Z;l.conti
RDA-20260043;Verifica lavorabilità della richiesta;2026-06-09T13:23:04Z;2026-06-09T13:32:40Z;f.neri
RDA-20260043;Seleziona fornitore o richiedi quotazioni;2026-06-09T14:40:40Z;2026-06-10T07:07:44Z;f.neri
RDA-20260043;Emetti ordine al fornitore;2026-06-10T09:53:45Z;2026-06-10T10:07:53Z;f.neri
RDA-20260043;Ricevi merce in magazzino;2026-06-10T10:07:53Z;2026-06-10T10:22:57Z;magazzino
RDA-20260043;Verifica merce ricevuta;2026-06-10T10:22:57Z;2026-06-10T10:33:04Z;reparto
RDA-20260044;Rileva fabbisogno durante il giro impianti;2026-06-09T12:36:55Z;2026-06-09T12:44:42Z;reparto
RDA-20260044;Invia richiesta all'Ufficio Tecnico;2026-06-09T12:44:42Z;2026-06-09T12:49:49Z;reparto
RDA-20260044;Ricostruisci richiesta e informazioni mancanti;2026-06-09T12:49:49Z;2026-06-09T13:21:41Z;l.conti
RDA-20260044;Invia richiesta ad Acquisti;2026-06-09T13:46:17Z;2026-06-09T13:52:22Z;l.conti
RDA-20260044;Verifica lavorabilità della richiesta;2026-06-10T07:07:44Z;2026-06-10T07:17:40Z;f.neri
RDA-20260044;Richiedi integrazione della richiesta;2026-06-10T10:07:53Z;2026-06-10T10:21:19Z;f.neri
RDA-20260044;Ricostruisci richiesta e informazioni mancanti;2026-06-10T10:21:19Z;2026-06-10T10:28:39Z;l.conti
RDA-20260044;Invia richiesta ad Acquisti;2026-06-10T10:28:39Z;2026-06-10T10:33:10Z;l.conti
RDA-20260044;Verifica lavorabilità della richiesta;2026-06-10T12:05:46Z;2026-06-10T12:13:53Z;f.neri
RDA-20260044;Richiedi integrazione della richiesta;2026-06-10T12:59:15Z;2026-06-10T13:10:05Z;f.neri
RDA-20260044;Ricostruisci richiesta e informazioni mancanti;2026-06-10T13:17:18Z;2026-06-10T13:35:45Z;l.conti
RDA-20260044;Invia richiesta ad Acquisti;2026-06-10T14:03:32Z;2026-06-10T14:09:13Z;l.conti
RDA-20260044;Verifica lavorabilità della richiesta;2026-06-10T14:09:13Z;2026-06-10T14:18:13Z;f.neri
RDA-20260044;Richiedi integrazione della richiesta;2026-06-10T14:18:13Z;2026-06-10T14:27:00Z;f.neri
RDA-20260044;Ricostruisci richiesta e informazioni mancanti;2026-06-11T07:04:22Z;2026-06-11T07:17:20Z;l.conti
RDA-20260044;Invia richiesta ad Acquisti;2026-06-11T07:44:44Z;2026-06-11T07:49:24Z;l.conti
RDA-20260044;Verifica lavorabilità della richiesta;2026-06-11T08:43:40Z;2026-06-11T08:58:21Z;f.neri
RDA-20260044;Richiedi integrazione della richiesta;2026-06-11T10:23:08Z;2026-06-11T10:35:17Z;f.neri
RDA-20260044;Ricostruisci richiesta e informazioni mancanti;2026-06-11T10:35:17Z;2026-06-11T10:43:30Z;l.conti
RDA-20260044;Invia richiesta ad Acquisti;2026-06-11T10:43:30Z;2026-06-11T10:48:59Z;l.conti
RDA-20260044;Verifica lavorabilità della richiesta;2026-06-11T11:52:22Z;2026-06-11T12:01:31Z;f.neri
RDA-20260044;Richiedi integrazione della richiesta;2026-06-11T12:58:32Z;2026-06-11T13:03:23Z;f.neri
RDA-20260044;Ricostruisci richiesta e informazioni mancanti;2026-06-11T13:16:18Z;2026-06-11T13:28:16Z;l.conti
RDA-20260044;Invia richiesta ad Acquisti;2026-06-11T13:35:27Z;2026-06-11T13:38:13Z;l.conti
RDA-20260044;Verifica lavorabilità della richiesta;2026-06-11T14:34:36Z;2026-06-11T14:45:17Z;f.neri
RDA-20260044;Seleziona fornitore o richiedi quotazioni;2026-06-12T08:29:49Z;2026-06-12T08:58:57Z;f.neri
RDA-20260044;Emetti ordine al fornitore;2026-06-12T10:59:26Z;2026-06-12T11:08:10Z;f.neri
RDA-20260044;Ricevi merce in magazzino;2026-06-12T11:08:10Z;2026-06-12T11:20:03Z;magazzino
RDA-20260044;Verifica merce ricevuta;2026-06-12T11:20:03Z;2026-06-12T11:34:32Z;reparto
RDA-20260045;Rileva fabbisogno durante il giro impianti;2026-06-09T14:38:54Z;2026-06-09T14:50:23Z;reparto
RDA-20260045;Invia richiesta all'Ufficio Tecnico;2026-06-09T14:50:23Z;2026-06-09T14:57:19Z;reparto
RDA-20260045;Ricostruisci richiesta e informazioni mancanti;2026-06-10T07:02:50Z;2026-06-10T07:19:38Z;l.conti
RDA-20260045;Invia richiesta ad Acquisti;2026-06-10T07:31:53Z;2026-06-10T07:36:42Z;l.conti
RDA-20260045;Verifica lavorabilità della richiesta;2026-06-10T10:25:58Z;2026-06-10T10:34:27Z;f.neri
RDA-20260045;Richiedi autorizzazione al responsabile;2026-06-10T12:13:53Z;2026-06-10T12:18:12Z;f.neri
RDA-20260045;Autorizza spesa;2026-06-16T14:02:04Z;2026-06-16T14:12:22Z;resp.acquisti
RDA-20260045;Seleziona fornitore o richiedi quotazioni;2026-06-16T14:24:36Z;2026-06-16T14:49:25Z;f.neri
RDA-20260045;Emetti ordine al fornitore;2026-06-17T08:16:26Z;2026-06-17T08:21:03Z;f.neri
RDA-20260045;Ricevi merce in magazzino;2026-06-17T08:21:03Z;2026-06-17T08:28:56Z;magazzino
RDA-20260045;Verifica merce ricevuta;2026-06-17T08:28:56Z;2026-06-17T08:40:44Z;reparto
RDA-20260046;Rileva fabbisogno durante il giro impianti;2026-06-10T07:00:00Z;2026-06-10T07:11:20Z;reparto
RDA-20260046;Invia richiesta all'Ufficio Tecnico;2026-06-10T07:11:20Z;2026-06-10T07:16:16Z;reparto
RDA-20260046;Ricostruisci richiesta e informazioni mancanti;2026-06-10T07:19:38Z;2026-06-10T07:31:53Z;l.conti
RDA-20260046;Invia richiesta ad Acquisti;2026-06-10T07:36:42Z;2026-06-10T07:41:51Z;l.conti
RDA-20260046;Verifica lavorabilità della richiesta;2026-06-10T10:34:27Z;2026-06-10T10:49:50Z;f.neri
RDA-20260046;Richiedi integrazione della richiesta;2026-06-10T12:18:12Z;2026-06-10T12:33:23Z;f.neri
RDA-20260046;Ricostruisci richiesta e informazioni mancanti;2026-06-10T12:46:15Z;2026-06-10T13:13:27Z;l.conti
RDA-20260046;Invia richiesta ad Acquisti;2026-06-10T13:35:45Z;2026-06-10T13:40:28Z;l.conti
RDA-20260046;Verifica lavorabilità della richiesta;2026-06-10T13:44:52Z;2026-06-10T13:50:31Z;f.neri
RDA-20260046;Richiedi integrazione della richiesta;2026-06-10T13:50:31Z;2026-06-10T14:02:49Z;f.neri
RDA-20260046;Ricostruisci richiesta e informazioni mancanti;2026-06-10T14:24:47Z;2026-06-10T14:36:51Z;l.conti
RDA-20260046;Invia richiesta ad Acquisti;2026-06-11T07:17:20Z;2026-06-11T07:23:57Z;l.conti
RDA-20260046;Verifica lavorabilità della richiesta;2026-06-11T07:46:40Z;2026-06-11T07:56:07Z;f.neri
RDA-20260046;Seleziona fornitore o richiedi quotazioni;2026-06-11T09:07:44Z;2026-06-11T09:34:59Z;f.neri
RDA-20260046;Emetti ordine al fornitore;2026-06-11T10:57:03Z;2026-06-11T11:04:13Z;f.neri
RDA-20260046;Ricevi merce in magazzino;2026-06-11T11:04:13Z;2026-06-11T11:17:18Z;magazzino
RDA-20260046;Verifica merce ricevuta;2026-06-11T11:17:18Z;2026-06-11T11:26:59Z;reparto
RDA-20260047;Rileva fabbisogno durante il giro impianti;2026-06-10T10:47:25Z;2026-06-10T10:58:02Z;reparto
RDA-20260047;Invia richiesta all'Ufficio Tecnico;2026-06-10T10:58:02Z;2026-06-10T11:03:47Z;reparto
RDA-20260047;Ricostruisci richiesta e informazioni mancanti;2026-06-10T11:03:47Z;2026-06-10T11:11:06Z;l.conti
RDA-20260047;Invia richiesta ad Acquisti;2026-06-10T11:11:06Z;2026-06-10T11:15:15Z;l.conti
RDA-20260047;Verifica lavorabilità della richiesta;2026-06-10T12:33:23Z;2026-06-10T12:46:37Z;f.neri
RDA-20260047;Richiedi integrazione della richiesta;2026-06-10T13:10:05Z;2026-06-10T13:21:13Z;f.neri
RDA-20260047;Ricostruisci richiesta e informazioni mancanti;2026-06-10T13:40:28Z;2026-06-10T13:52:42Z;l.conti
RDA-20260047;Invia richiesta ad Acquisti;2026-06-10T14:15:04Z;2026-06-10T14:20:59Z;l.conti
RDA-20260047;Verifica lavorabilità della richiesta;2026-06-10T14:27:00Z;2026-06-10T14:40:31Z;f.neri
RDA-20260047;Richiedi integrazione della richiesta;2026-06-10T14:43:13Z;2026-06-10T14:53:17Z;f.neri
RDA-20260047;Ricostruisci richiesta e informazioni mancanti;2026-06-11T07:23:57Z;2026-06-11T07:29:27Z;l.conti
RDA-20260047;Invia richiesta ad Acquisti;2026-06-11T07:49:24Z;2026-06-11T07:55:02Z;l.conti
RDA-20260047;Verifica lavorabilità della richiesta;2026-06-11T08:58:21Z;2026-06-11T09:07:44Z;f.neri
RDA-20260047;Richiedi integrazione della richiesta;2026-06-11T10:44:51Z;2026-06-11T10:57:03Z;f.neri
RDA-20260047;Ricostruisci richiesta e informazioni mancanti;2026-06-11T11:07:04Z;2026-06-11T11:12:58Z;l.conti
RDA-20260047;Invia richiesta ad Acquisti;2026-06-11T11:49:26Z;2026-06-11T11:54:35Z;l.conti
RDA-20260047;Verifica lavorabilità della richiesta;2026-06-11T12:43:14Z;2026-06-11T12:58:32Z;f.neri
RDA-20260047;Richiedi autorizzazione al responsabile;2026-06-11T13:50:43Z;2026-06-11T13:57:45Z;f.neri
RDA-20260047;Autorizza spesa;2026-06-16T14:12:22Z;2026-06-16T14:18:15Z;resp.acquisti
RDA-20260047;Seleziona fornitore o richiedi quotazioni;2026-06-16T14:49:25Z;2026-06-17T07:15:17Z;f.neri
RDA-20260047;Emetti ordine al fornitore;2026-06-17T09:31:27Z;2026-06-17T09:41:27Z;f.neri
RDA-20260047;Ricevi merce in magazzino;2026-06-17T09:41:27Z;2026-06-17T09:50:42Z;magazzino
RDA-20260047;Verifica merce ricevuta;2026-06-17T09:50:42Z;2026-06-17T09:59:26Z;reparto
RDA-20260048;Rileva fabbisogno durante il giro impianti;2026-06-10T11:06:31Z;2026-06-10T11:14:04Z;reparto
RDA-20260048;Invia richiesta all'Ufficio Tecnico;2026-06-10T11:14:04Z;2026-06-10T11:19:22Z;reparto
RDA-20260048;Ricostruisci richiesta e informazioni mancanti;2026-06-10T11:19:22Z;2026-06-10T11:22:19Z;l.conti
RDA-20260048;Invia richiesta ad Acquisti;2026-06-10T11:22:19Z;2026-06-10T11:28:38Z;l.conti
RDA-20260048;Verifica lavorabilità della richiesta;2026-06-10T12:46:37Z;2026-06-10T12:59:15Z;f.neri
RDA-20260048;Richiedi integrazione della richiesta;2026-06-10T13:21:13Z;2026-06-10T13:27:15Z;f.neri
RDA-20260048;Ricostruisci richiesta e informazioni mancanti;2026-06-10T13:52:42Z;2026-06-10T14:00:54Z;l.conti
RDA-20260048;Invia richiesta ad Acquisti;2026-06-10T14:20:59Z;2026-06-10T14:24:47Z;l.conti
RDA-20260048;Verifica lavorabilità della richiesta;2026-06-10T14:40:31Z;2026-06-10T14:43:13Z;f.neri
RDA-20260048;Seleziona fornitore o richiedi quotazioni;2026-06-11T07:00:47Z;2026-06-11T07:18:50Z;f.neri
RDA-20260048;Emetti ordine al fornitore;2026-06-11T07:41:06Z;2026-06-11T07:46:40Z;f.neri
RDA-20260048;Ricevi merce in magazzino;2026-06-11T07:46:40Z;2026-06-11T08:01:05Z;magazzino
RDA-20260048;Verifica merce ricevuta;2026-06-11T08:01:05Z;2026-06-11T08:08:54Z;reparto
RDA-20260049;Rileva fabbisogno durante il giro impianti;2026-06-10T13:16:15Z;2026-06-10T13:25:09Z;reparto
RDA-20260049;Invia richiesta all'Ufficio Tecnico;2026-06-10T13:25:09Z;2026-06-10T13:29:18Z;reparto
RDA-20260049;Ricostruisci richiesta e informazioni mancanti;2026-06-10T14:00:54Z;2026-06-10T14:03:32Z;l.conti
RDA-20260049;Invia richiesta ad Acquisti;2026-06-10T14:36:51Z;2026-06-10T14:41:22Z;l.conti
RDA-20260049;Verifica lavorabilità della richiesta;2026-06-10T14:53:17Z;2026-06-11T07:00:47Z;f.neri
RDA-20260049;Seleziona fornitore o richiedi quotazioni;2026-06-11T07:28:37Z;2026-06-11T07:41:06Z;f.neri
RDA-20260049;Emetti ordine al fornitore;2026-06-11T08:34:38Z;2026-06-11T08:43:40Z;f.neri
RDA-20260049;Ricevi merce in magazzino;2026-06-11T08:43:40Z;2026-06-11T08:54:45Z;magazzino
RDA-20260049;Verifica merce ricevuta;2026-06-11T08:54:45Z;2026-06-11T09:05:05Z;reparto
RDA-20260050;Rileva fabbisogno durante il giro impianti;2026-06-10T14:08:56Z;2026-06-10T14:15:33Z;reparto
RDA-20260050;Invia richiesta all'Ufficio Tecnico;2026-06-10T14:15:33Z;2026-06-10T14:19:27Z;reparto
RDA-20260050;Ricostruisci richiesta e informazioni mancanti;2026-06-10T14:47:23Z;2026-06-11T07:04:22Z;l.conti
RDA-20260050;Invia richiesta ad Acquisti;2026-06-11T07:29:27Z;2026-06-11T07:33:27Z;l.conti
RDA-20260050;Verifica lavorabilità della richiesta;2026-06-11T08:21:57Z;2026-06-11T08:34:38Z;f.neri
RDA-20260050;Seleziona fornitore o richiedi quotazioni;2026-06-11T09:59:48Z;2026-06-11T10:23:08Z;f.neri
RDA-20260050;Emetti ordine al fornitore;2026-06-11T11:27:51Z;2026-06-11T11:38:54Z;f.neri
RDA-20260050;Ricevi merce in magazzino;2026-06-11T11:38:54Z;2026-06-11T11:49:29Z;magazzino
RDA-20260050;Verifica merce ricevuta;2026-06-11T11:49:29Z;2026-06-11T11:57:03Z;reparto
RDA-20260051;Rileva fabbisogno durante il giro impianti;2026-06-11T07:00:00Z;2026-06-11T07:05:37Z;reparto
RDA-20260051;Invia richiesta all'Ufficio Tecnico;2026-06-11T07:05:37Z;2026-06-11T07:10:00Z;reparto
RDA-20260051;Ricostruisci richiesta e informazioni mancanti;2026-06-11T07:33:27Z;2026-06-11T07:44:44Z;l.conti
RDA-20260051;Invia richiesta ad Acquisti;2026-06-11T07:55:02Z;2026-06-11T07:59:45Z;l.conti
RDA-20260051;Verifica lavorabilità della richiesta;2026-06-11T09:34:59Z;2026-06-11T09:44:19Z;f.neri
RDA-20260051;Richiedi integrazione della richiesta;2026-06-11T11:04:13Z;2026-06-11T11:17:07Z;f.neri
RDA-20260051;Ricostruisci richiesta e informazioni mancanti;2026-06-11T11:54:35Z;2026-06-11T12:08:40Z;l.conti
RDA-20260051;Invia richiesta ad Acquisti;2026-06-11T12:25:03Z;2026-06-11T12:30:55Z;l.conti
RDA-20260051;Verifica lavorabilità della richiesta;2026-06-11T13:12:18Z;2026-06-11T13:20:20Z;f.neri
RDA-20260051;Richiedi integrazione della richiesta;2026-06-11T14:03:11Z;2026-06-11T14:15:52Z;f.neri
RDA-20260051;Ricostruisci richiesta e informazioni mancanti;2026-06-11T14:25:43Z;2026-06-11T14:38:09Z;l.conti
RDA-20260051;Invia richiesta ad Acquisti;2026-06-11T14:54:32Z;2026-06-11T14:57:33Z;l.conti
RDA-20260051;Verifica lavorabilità della richiesta;2026-06-12T09:19:29Z;2026-06-12T09:26:37Z;f.neri
RDA-20260051;Richiedi integrazione della richiesta;2026-06-12T11:19:51Z;2026-06-12T11:30:35Z;f.neri
RDA-20260051;Ricostruisci richiesta e informazioni mancanti;2026-06-12T11:30:35Z;2026-06-12T11:38:52Z;l.conti
RDA-20260051;Invia richiesta ad Acquisti;2026-06-12T11:38:52Z;2026-06-12T11:43:04Z;l.conti
RDA-20260051;Verifica lavorabilità della richiesta;2026-06-12T12:09:54Z;2026-06-12T12:23:12Z;f.neri
RDA-20260051;Richiedi integrazione della richiesta;2026-06-12T12:43:49Z;2026-06-12T12:54:28Z;f.neri
RDA-20260051;Ricostruisci richiesta e informazioni mancanti;2026-06-12T13:05:13Z;2026-06-12T13:27:19Z;l.conti
RDA-20260051;Invia richiesta ad Acquisti;2026-06-12T13:27:19Z;2026-06-12T13:34:14Z;l.conti
RDA-20260051;Verifica lavorabilità della richiesta;2026-06-12T14:05:38Z;2026-06-12T14:19:48Z;f.neri
RDA-20260051;Richiedi integrazione della richiesta;2026-06-12T14:36:43Z;2026-06-12T14:46:56Z;f.neri
RDA-20260051;Ricostruisci richiesta e informazioni mancanti;2026-06-15T07:04:43Z;2026-06-15T07:18:49Z;l.conti
RDA-20260051;Invia richiesta ad Acquisti;2026-06-15T07:48:00Z;2026-06-15T07:51:30Z;l.conti
RDA-20260051;Verifica lavorabilità della richiesta;2026-06-15T08:10:16Z;2026-06-15T08:20:15Z;f.neri
RDA-20260051;Richiedi autorizzazione al responsabile;2026-06-15T08:56:35Z;2026-06-15T09:01:37Z;f.neri
RDA-20260051;Autorizza spesa;2026-06-16T14:36:50Z;2026-06-16T14:44:35Z;resp.acquisti
RDA-20260051;Seleziona fornitore o richiedi quotazioni;2026-06-17T07:59:48Z;2026-06-17T08:16:26Z;f.neri
RDA-20260051;Emetti ordine al fornitore;2026-06-17T10:23:46Z;2026-06-17T10:29:14Z;f.neri
RDA-20260051;Ricevi merce in magazzino;2026-06-17T10:37:28Z;2026-06-17T10:52:40Z;magazzino
RDA-20260051;Verifica merce ricevuta;2026-06-17T10:52:40Z;2026-06-17T10:59:48Z;reparto
RDA-20260052;Rileva fabbisogno durante il giro impianti;2026-06-11T08:36:35Z;2026-06-11T08:49:41Z;reparto
RDA-20260052;Invia richiesta all'Ufficio Tecnico;2026-06-11T08:49:41Z;2026-06-11T08:55:09Z;reparto
RDA-20260052;Ricostruisci richiesta e informazioni mancanti;2026-06-11T08:55:09Z;2026-06-11T09:00:35Z;l.conti
RDA-20260052;Invia richiesta ad Acquisti;2026-06-11T09:00:35Z;2026-06-11T09:06:17Z;l.conti
RDA-20260052;Verifica lavorabilità della richiesta;2026-06-11T10:35:17Z;2026-06-11T10:44:51Z;f.neri
RDA-20260052;Richiedi integrazione della richiesta;2026-06-11T11:38:54Z;2026-06-11T11:52:22Z;f.neri
RDA-20260052;Ricostruisci richiesta e informazioni mancanti;2026-06-11T12:15:04Z;2026-06-11T12:25:03Z;l.conti
RDA-20260052;Invia richiesta ad Acquisti;2026-06-11T12:30:55Z;2026-06-11T12:36:11Z;l.conti
RDA-20260052;Verifica lavorabilità della richiesta;2026-06-11T13:20:20Z;2026-06-11T13:37:27Z;f.neri
RDA-20260052;Richiedi integrazione della richiesta;2026-06-11T14:29:27Z;2026-06-11T14:34:36Z;f.neri
RDA-20260052;Ricostruisci richiesta e informazioni mancanti;2026-06-11T14:43:25Z;2026-06-11T14:54:32Z;l.conti
RDA-20260052;Invia richiesta ad Acquisti;2026-06-11T14:57:33Z;2026-06-12T07:02:26Z;l.conti
RDA-20260052;Verifica lavorabilità della richiesta;2026-06-12T09:37:10Z;2026-06-12T09:48:36Z;f.neri
RDA-20260052;Seleziona fornitore o richiedi quotazioni;2026-06-12T11:30:35Z;2026-06-12T11:48:50Z;f.neri
RDA-20260052;Emetti ordine al fornitore;2026-06-12T12:23:12Z;2026-06-12T12:34:22Z;f.neri
RDA-20260052;Ricevi merce in magazzino;2026-06-12T12:34:22Z;2026-06-12T12:43:33Z;magazzino
RDA-20260052;Verifica merce ricevuta;2026-06-12T12:43:33Z;2026-06-12T12:54:08Z;reparto
RDA-20260053;Rileva fabbisogno durante il giro impianti;2026-06-11T09:47:38Z;2026-06-11T09:56:24Z;reparto
RDA-20260053;Invia richiesta all'Ufficio Tecnico;2026-06-11T09:56:24Z;2026-06-11T10:01:32Z;reparto
RDA-20260053;Ricostruisci richiesta e informazioni mancanti;2026-06-11T10:01:32Z;2026-06-11T10:16:14Z;l.conti
RDA-20260053;Invia richiesta ad Acquisti;2026-06-11T10:16:14Z;2026-06-11T10:20:48Z;l.conti
RDA-20260053;Verifica lavorabilità della richiesta;2026-06-11T11:17:07Z;2026-06-11T11:27:51Z;f.neri
RDA-20260053;Seleziona fornitore o richiedi quotazioni;2026-06-11T12:20:34Z;2026-06-11T12:39:15Z;f.neri
RDA-20260053;Emetti ordine al fornitore;2026-06-11T13:37:27Z;2026-06-11T13:43:22Z;f.neri
RDA-20260053;Ricevi merce in magazzino;2026-06-11T13:43:22Z;2026-06-11T13:55:09Z;magazzino
RDA-20260053;Verifica merce ricevuta;2026-06-11T13:55:09Z;2026-06-11T14:06:08Z;reparto
RDA-20260054;Rileva fabbisogno durante il giro impianti;2026-06-11T10:39:05Z;2026-06-11T10:49:50Z;reparto
RDA-20260054;Invia richiesta all'Ufficio Tecnico;2026-06-11T10:49:50Z;2026-06-11T10:56:05Z;reparto
RDA-20260054;Ricostruisci richiesta e informazioni mancanti;2026-06-11T10:56:05Z;2026-06-11T11:07:04Z;l.conti
RDA-20260054;Invia richiesta ad Acquisti;2026-06-11T11:43:58Z;2026-06-11T11:49:26Z;l.conti
RDA-20260054;Verifica lavorabilità della richiesta;2026-06-11T12:39:15Z;2026-06-11T12:43:14Z;f.neri
RDA-20260054;Richiedi integrazione della richiesta;2026-06-11T13:43:22Z;2026-06-11T13:50:43Z;f.neri
RDA-20260054;Ricostruisci richiesta e informazioni mancanti;2026-06-11T13:50:43Z;2026-06-11T14:08:54Z;l.conti
RDA-20260054;Invia richiesta ad Acquisti;2026-06-11T14:08:54Z;2026-06-11T14:13:47Z;l.conti
RDA-20260054;Verifica lavorabilità della richiesta;2026-06-12T07:00:41Z;2026-06-12T07:11:10Z;f.neri
RDA-20260054;Richiedi integrazione della richiesta;2026-06-12T09:48:36Z;2026-06-12T09:56:38Z;f.neri
RDA-20260054;Ricostruisci richiesta e informazioni mancanti;2026-06-12T09:56:38Z;2026-06-12T10:04:13Z;l.conti
RDA-20260054;Invia richiesta ad Acquisti;2026-06-12T10:04:13Z;2026-06-12T10:07:59Z;l.conti
RDA-20260054;Verifica lavorabilità della richiesta;2026-06-12T11:48:50Z;2026-06-12T11:52:43Z;f.neri
RDA-20260054;Seleziona fornitore o richiedi quotazioni;2026-06-12T12:34:22Z;2026-06-12T12:43:49Z;f.neri
RDA-20260054;Emetti ordine al fornitore;2026-06-12T12:54:28Z;2026-06-12T13:06:58Z;f.neri
RDA-20260054;Ricevi merce in magazzino;2026-06-12T13:06:58Z;2026-06-12T13:15:55Z;magazzino
RDA-20260054;Verifica merce ricevuta;2026-06-12T13:15:55Z;2026-06-12T13:22:02Z;reparto
RDA-20260055;Rileva fabbisogno durante il giro impianti;2026-06-11T10:39:13Z;2026-06-11T10:48:27Z;reparto
RDA-20260055;Chiama fornitore direttamente;2026-06-11T10:48:27Z;2026-06-11T11:08:18Z;reparto
RDA-20260055;Invia riferimento ordine del fornitore;2026-06-11T11:08:18Z;2026-06-11T11:12:30Z;reparto
RDA-20260055;Regolarizza ordine a posteriori;2026-06-11T12:01:31Z;2026-06-11T12:20:34Z;f.neri
RDA-20260055;Gestione contabile della fattura;2026-06-11T12:20:34Z;2026-06-11T12:36:51Z;amministrazione
RDA-20260056;Rileva fabbisogno durante il giro impianti;2026-06-11T10:48:30Z;2026-06-11T10:56:36Z;reparto
RDA-20260056;Invia richiesta all'Ufficio Tecnico;2026-06-11T10:56:36Z;2026-06-11T11:02:34Z;reparto
RDA-20260056;Ricostruisci richiesta e informazioni mancanti;2026-06-11T11:12:58Z;2026-06-11T11:43:58Z;l.conti
RDA-20260056;Invia richiesta ad Acquisti;2026-06-11T12:08:40Z;2026-06-11T12:15:04Z;l.conti
RDA-20260056;Verifica lavorabilità della richiesta;2026-06-11T13:03:23Z;2026-06-11T13:12:18Z;f.neri
RDA-20260056;Richiedi autorizzazione al responsabile;2026-06-11T13:57:45Z;2026-06-11T14:03:11Z;f.neri
RDA-20260056;Autorizza spesa;2026-06-16T14:18:15Z;2026-06-16T14:26:03Z;resp.acquisti
RDA-20260056;Seleziona fornitore o richiedi quotazioni;2026-06-17T07:24:54Z;2026-06-17T07:48:18Z;f.neri
RDA-20260056;Emetti ordine al fornitore;2026-06-17T10:10:20Z;2026-06-17T10:17:18Z;f.neri
RDA-20260056;Ricevi merce in magazzino;2026-06-17T10:17:18Z;2026-06-17T10:27:06Z;magazzino
RDA-20260056;Verifica merce ricevuta;2026-06-17T10:27:06Z;2026-06-17T10:35:33Z;reparto
RDA-20260057;Rileva fabbisogno durante il giro impianti;2026-06-11T12:47:09Z;2026-06-11T12:53:22Z;reparto
RDA-20260057;Invia richiesta all'Ufficio Tecnico;2026-06-11T12:53:22Z;2026-06-11T13:00:14Z;reparto
RDA-20260057;Ricostruisci richiesta e informazioni mancanti;2026-06-11T13:00:14Z;2026-06-11T13:16:18Z;l.conti
RDA-20260057;Invia richiesta ad Acquisti;2026-06-11T13:28:16Z;2026-06-11T13:35:27Z;l.conti
RDA-20260057;Verifica lavorabilità della richiesta;2026-06-11T14:15:52Z;2026-06-11T14:29:27Z;f.neri
RDA-20260057;Richiedi integrazione della richiesta;2026-06-12T07:52:36Z;2026-06-12T08:03:47Z;f.neri
RDA-20260057;Ricostruisci richiesta e informazioni mancanti;2026-06-12T08:03:47Z;2026-06-12T08:08:57Z;l.conti
RDA-20260057;Invia richiesta ad Acquisti;2026-06-12T08:08:57Z;2026-06-12T08:15:26Z;l.conti
RDA-20260057;Verifica lavorabilità della richiesta;2026-06-12T10:31:52Z;2026-06-12T10:44:52Z;f.neri
RDA-20260057;Richiedi integrazione della richiesta;2026-06-12T12:00:53Z;2026-06-12T12:09:54Z;f.neri
RDA-20260057;Ricostruisci richiesta e informazioni mancanti;2026-06-12T12:21:18Z;2026-06-12T12:33:28Z;l.conti
RDA-20260057;Invia richiesta ad Acquisti;2026-06-12T12:54:30Z;2026-06-12T12:59:45Z;l.conti
RDA-20260057;Verifica lavorabilità della richiesta;2026-06-12T13:19:18Z;2026-06-12T13:30:25Z;f.neri
RDA-20260057;Richiedi integrazione della richiesta;2026-06-12T13:59:33Z;2026-06-12T14:05:38Z;f.neri
RDA-20260057;Ricostruisci richiesta e informazioni mancanti;2026-06-12T14:18:11Z;2026-06-12T14:25:30Z;l.conti
RDA-20260057;Invia richiesta ad Acquisti;2026-06-12T14:39:50Z;2026-06-12T14:45:36Z;l.conti
RDA-20260057;Verifica lavorabilità della richiesta;2026-06-12T14:57:18Z;2026-06-15T07:07:54Z;f.neri
RDA-20260057;Richiedi integrazione della richiesta;2026-06-15T07:26:06Z;2026-06-15T07:40:14Z;f.neri
RDA-20260057;Ricostruisci richiesta e informazioni mancanti;2026-06-15T08:07:34Z;2026-06-15T08:25:11Z;l.conti
RDA-20260057;Invia richiesta ad Acquisti;2026-06-15T08:49:22Z;2026-06-15T08:55:12Z;l.conti
RDA-20260057;Verifica lavorabilità della richiesta;2026-06-15T09:42:17Z;2026-06-15T09:52:25Z;f.neri
RDA-20260057;Richiedi integrazione della richiesta;2026-06-15T10:32:25Z;2026-06-15T10:43:03Z;f.neri
RDA-20260057;Ricostruisci richiesta e informazioni mancanti;2026-06-15T10:43:03Z;2026-06-15T10:52:18Z;l.conti
RDA-20260057;Invia richiesta ad Acquisti;2026-06-15T10:52:18Z;2026-06-15T10:57:01Z;l.conti
RDA-20260057;Verifica lavorabilità della richiesta;2026-06-15T11:09:44Z;2026-06-15T11:13:33Z;f.neri
RDA-20260057;Seleziona fornitore o richiedi quotazioni;2026-06-15T11:42:06Z;2026-06-15T11:58:58Z;f.neri
RDA-20260057;Emetti ordine al fornitore;2026-06-15T12:34:24Z;2026-06-15T12:50:00Z;f.neri
RDA-20260057;Ricevi merce in magazzino;2026-06-15T12:50:00Z;2026-06-15T13:00:39Z;magazzino
RDA-20260057;Verifica merce ricevuta;2026-06-15T13:00:39Z;2026-06-15T13:08:43Z;reparto
RDA-20260058;Rileva fabbisogno durante il giro impianti;2026-06-11T13:58:29Z;2026-06-11T14:08:32Z;reparto
RDA-20260058;Invia richiesta all'Ufficio Tecnico;2026-06-11T14:08:32Z;2026-06-11T14:12:27Z;reparto
RDA-20260058;Ricostruisci richiesta e informazioni mancanti;2026-06-11T14:13:47Z;2026-06-11T14:25:43Z;l.conti
RDA-20260058;Invia richiesta ad Acquisti;2026-06-11T14:38:09Z;2026-06-11T14:43:25Z;l.conti
RDA-20260058;Verifica lavorabilità della richiesta;2026-06-12T08:19:17Z;2026-06-12T08:29:49Z;f.neri
RDA-20260058;Richiedi autorizzazione al responsabile;2026-06-12T10:56:01Z;2026-06-12T10:59:26Z;f.neri
RDA-20260058;Autorizza spesa;2026-06-16T14:26:03Z;2026-06-16T14:36:50Z;resp.acquisti
RDA-20260058;Seleziona fornitore o richiedi quotazioni;2026-06-17T07:48:18Z;2026-06-17T07:59:48Z;f.neri
RDA-20260058;Emetti ordine al fornitore;2026-06-17T10:17:18Z;2026-06-17T10:23:46Z;f.neri
RDA-20260058;Ricevi merce in magazzino;2026-06-17T10:27:06Z;2026-06-17T10:37:28Z;magazzino
RDA-20260058;Verifica merce ricevuta;2026-06-17T10:37:28Z;2026-06-17T10:43:53Z;reparto
RDA-20260059;Rileva fabbisogno durante il giro impianti;2026-06-12T07:00:00Z;2026-06-12T07:11:53Z;reparto
RDA-20260059;Invia richiesta all'Ufficio Tecnico;2026-06-12T07:11:53Z;2026-06-12T07:17:53Z;reparto
RDA-20260059;Ricostruisci richiesta e informazioni mancanti;2026-06-12T07:17:53Z;2026-06-12T07:26:31Z;l.conti
RDA-20260059;Invia richiesta ad Acquisti;2026-06-12T07:26:31Z;2026-06-12T07:32:26Z;l.conti
RDA-20260059;Verifica lavorabilità della richiesta;2026-06-12T09:56:38Z;2026-06-12T10:08:16Z;f.neri
RDA-20260059;Richiedi integrazione della richiesta;2026-06-12T11:52:43Z;2026-06-12T12:00:53Z;f.neri
RDA-20260059;Ricostruisci richiesta e informazioni mancanti;2026-06-12T12:00:53Z;2026-06-12T12:21:18Z;l.conti
RDA-20260059;Invia richiesta ad Acquisti;2026-06-12T12:48:55Z;2026-06-12T12:54:30Z;l.conti
RDA-20260059;Verifica lavorabilità della richiesta;2026-06-12T13:06:58Z;2026-06-12T13:19:18Z;f.neri
RDA-20260059;Seleziona fornitore o richiedi quotazioni;2026-06-12T13:37:24Z;2026-06-12T13:59:33Z;f.neri
RDA-20260059;Emetti ordine al fornitore;2026-06-12T14:27:56Z;2026-06-12T14:36:43Z;f.neri
RDA-20260059;Ricevi merce in magazzino;2026-06-12T14:36:43Z;2026-06-12T14:41:46Z;magazzino
RDA-20260059;Verifica merce ricevuta;2026-06-12T14:41:46Z;2026-06-12T14:50:46Z;reparto
RDA-20260060;Rileva fabbisogno durante il giro impianti;2026-06-12T11:58:42Z;2026-06-12T12:07:35Z;reparto
RDA-20260060;Invia richiesta all'Ufficio Tecnico;2026-06-12T12:07:35Z;2026-06-12T12:12:43Z;reparto
RDA-20260060;Ricostruisci richiesta e informazioni mancanti;2026-06-12T12:33:28Z;2026-06-12T12:48:55Z;l.conti
RDA-20260060;Invia richiesta ad Acquisti;2026-06-12T12:59:45Z;2026-06-12T13:05:13Z;l.conti
RDA-20260060;Verifica lavorabilità della richiesta;2026-06-12T13:30:25Z;2026-06-12T13:37:24Z;f.neri
RDA-20260060;Richiedi integrazione della richiesta;2026-06-12T14:19:48Z;2026-06-12T14:27:56Z;f.neri
RDA-20260060;Ricostruisci richiesta e informazioni mancanti;2026-06-12T14:45:36Z;2026-06-12T14:54:44Z;l.conti
RDA-20260060;Invia richiesta ad Acquisti;2026-06-15T07:18:49Z;2026-06-15T07:23:04Z;l.conti
RDA-20260060;Verifica lavorabilità della richiesta;2026-06-15T07:40:14Z;2026-06-15T07:53:56Z;f.neri
RDA-20260060;Seleziona fornitore o richiedi quotazioni;2026-06-15T08:20:15Z;2026-06-15T08:38:12Z;f.neri
RDA-20260060;Emetti ordine al fornitore;2026-06-15T09:22:32Z;2026-06-15T09:30:54Z;f.neri
RDA-20260060;Ricevi merce in magazzino;2026-06-15T09:30:54Z;2026-06-15T09:42:48Z;magazzino
RDA-20260060;Verifica merce ricevuta;2026-06-15T09:42:48Z;2026-06-15T09:49:49Z;reparto
RDA-20260061;Rileva fabbisogno durante il giro impianti;2026-06-12T13:48:58Z;2026-06-12T14:02:31Z;reparto
RDA-20260061;Invia richiesta all'Ufficio Tecnico;2026-06-12T14:02:31Z;2026-06-12T14:08:12Z;reparto
RDA-20260061;Ricostruisci richiesta e informazioni mancanti;2026-06-12T14:25:30Z;2026-06-12T14:34:41Z;l.conti
RDA-20260061;Invia richiesta ad Acquisti;2026-06-12T14:54:44Z;2026-06-15T07:00:20Z;l.conti
RDA-20260061;Verifica lavorabilità della richiesta;2026-06-15T07:16:44Z;2026-06-15T07:26:06Z;f.neri
RDA-20260061;Richiedi integrazione della richiesta;2026-06-15T07:53:56Z;2026-06-15T08:03:08Z;f.neri
RDA-20260061;Ricostruisci richiesta e informazioni mancanti;2026-06-15T08:37:42Z;2026-06-15T08:45:52Z;l.conti
RDA-20260061;Invia richiesta ad Acquisti;2026-06-15T08:55:12Z;2026-06-15T09:00:05Z;l.conti
RDA-20260061;Verifica lavorabilità della richiesta;2026-06-15T09:57:35Z;2026-06-15T10:08:34Z;f.neri
RDA-20260061;Richiedi integrazione della richiesta;2026-06-15T10:43:03Z;2026-06-15T10:53:22Z;f.neri
RDA-20260061;Ricostruisci richiesta e informazioni mancanti;2026-06-15T10:57:01Z;2026-06-15T11:04:40Z;l.conti
RDA-20260061;Invia richiesta ad Acquisti;2026-06-15T11:04:40Z;2026-06-15T11:09:59Z;l.conti
RDA-20260061;Verifica lavorabilità della richiesta;2026-06-15T11:31:44Z;2026-06-15T11:42:06Z;f.neri
RDA-20260061;Seleziona fornitore o richiedi quotazioni;2026-06-15T11:58:58Z;2026-06-15T12:11:54Z;f.neri
RDA-20260061;Emetti ordine al fornitore;2026-06-15T12:50:00Z;2026-06-15T13:02:29Z;f.neri
RDA-20260061;Ricevi merce in magazzino;2026-06-15T13:02:29Z;2026-06-15T13:13:50Z;magazzino
RDA-20260061;Verifica merce ricevuta;2026-06-15T13:13:50Z;2026-06-15T13:21:26Z;reparto
RDA-20260062;Rileva fabbisogno durante il giro impianti;2026-06-12T13:54:12Z;2026-06-12T14:01:26Z;reparto
RDA-20260062;Invia richiesta all'Ufficio Tecnico;2026-06-12T14:01:26Z;2026-06-12T14:05:18Z;reparto
RDA-20260062;Ricostruisci richiesta e informazioni mancanti;2026-06-12T14:05:18Z;2026-06-12T14:18:11Z;l.conti
RDA-20260062;Invia richiesta ad Acquisti;2026-06-12T14:34:41Z;2026-06-12T14:39:50Z;l.conti
RDA-20260062;Verifica lavorabilità della richiesta;2026-06-12T14:46:56Z;2026-06-12T14:57:18Z;f.neri
RDA-20260062;Richiedi integrazione della richiesta;2026-06-15T07:07:54Z;2026-06-15T07:16:44Z;f.neri
RDA-20260062;Ricostruisci richiesta e informazioni mancanti;2026-06-15T07:42:29Z;2026-06-15T07:48:00Z;l.conti
RDA-20260062;Invia richiesta ad Acquisti;2026-06-15T08:31:12Z;2026-06-15T08:37:42Z;l.conti
RDA-20260062;Verifica lavorabilità della richiesta;2026-06-15T09:14:38Z;2026-06-15T09:22:32Z;f.neri
RDA-20260062;Richiedi integrazione della richiesta;2026-06-15T10:15:32Z;2026-06-15T10:27:45Z;f.neri
RDA-20260062;Ricostruisci richiesta e informazioni mancanti;2026-06-15T10:27:45Z;2026-06-15T10:38:26Z;l.conti
RDA-20260062;Invia richiesta ad Acquisti;2026-06-15T10:38:26Z;2026-06-15T10:42:56Z;l.conti
RDA-20260062;Verifica lavorabilità della richiesta;2026-06-15T11:02:27Z;2026-06-15T11:09:44Z;f.neri
RDA-20260062;Richiedi integrazione della richiesta;2026-06-15T11:25:30Z;2026-06-15T11:31:44Z;f.neri
RDA-20260062;Ricostruisci richiesta e informazioni mancanti;2026-06-15T11:44:14Z;2026-06-15T11:48:10Z;l.conti
RDA-20260062;Invia richiesta ad Acquisti;2026-06-15T11:52:37Z;2026-06-15T11:58:20Z;l.conti
RDA-20260062;Verifica lavorabilità della richiesta;2026-06-15T12:23:32Z;2026-06-15T12:34:24Z;f.neri
RDA-20260062;Seleziona fornitore o richiedi quotazioni;2026-06-15T13:28:25Z;2026-06-15T13:40:51Z;f.neri
RDA-20260062;Emetti ordine al fornitore;2026-06-15T14:04:34Z;2026-06-15T14:19:00Z;f.neri
RDA-20260062;Ricevi merce in magazzino;2026-06-15T14:19:00Z;2026-06-15T14:24:52Z;magazzino
RDA-20260062;Verifica merce ricevuta;2026-06-15T14:24:52Z;2026-06-15T14:31:28Z;reparto
RDA-20260063;Rileva fabbisogno durante il giro impianti;2026-06-12T14:29:40Z;2026-06-12T14:38:38Z;reparto
RDA-20260063;Invia richiesta all'Ufficio Tecnico;2026-06-12T14:38:38Z;2026-06-12T14:44:33Z;reparto
RDA-20260063;Ricostruisci richiesta e informazioni mancanti;2026-06-15T07:00:20Z;2026-06-15T07:04:43Z;l.conti
RDA-20260063;Invia richiesta ad Acquisti;2026-06-15T07:23:04Z;2026-06-15T07:26:18Z;l.conti
RDA-20260063;Verifica lavorabilità della richiesta;2026-06-15T08:03:08Z;2026-06-15T08:10:16Z;f.neri
RDA-20260063;Seleziona fornitore o richiedi quotazioni;2026-06-15T08:38:12Z;2026-06-15T08:56:35Z;f.neri
RDA-20260063;Emetti ordine al fornitore;2026-06-15T09:52:25Z;2026-06-15T09:57:35Z;f.neri
RDA-20260063;Ricevi merce in magazzino;2026-06-15T09:57:35Z;2026-06-15T10:04:55Z;magazzino
RDA-20260063;Verifica merce ricevuta;2026-06-15T10:04:55Z;2026-06-15T10:14:24Z;reparto
RDA-20260064;Rileva fabbisogno durante il giro impianti;2026-06-15T07:00:00Z;2026-06-15T07:07:51Z;reparto
RDA-20260064;Invia richiesta all'Ufficio Tecnico;2026-06-15T07:07:51Z;2026-06-15T07:12:22Z;reparto
RDA-20260064;Ricostruisci richiesta e informazioni mancanti;2026-06-15T07:26:18Z;2026-06-15T07:42:29Z;l.conti
RDA-20260064;Invia richiesta ad Acquisti;2026-06-15T08:25:11Z;2026-06-15T08:31:12Z;l.conti
RDA-20260064;Verifica lavorabilità della richiesta;2026-06-15T09:01:37Z;2026-06-15T09:14:38Z;f.neri
RDA-20260064;Richiedi integrazione della richiesta;2026-06-15T10:08:34Z;2026-06-15T10:15:32Z;f.neri
RDA-20260064;Ricostruisci richiesta e informazioni mancanti;2026-06-15T10:15:32Z;2026-06-15T10:22:36Z;l.conti
RDA-20260064;Invia richiesta ad Acquisti;2026-06-15T10:22:36Z;2026-06-15T10:27:23Z;l.conti
RDA-20260064;Verifica lavorabilità della richiesta;2026-06-15T10:53:22Z;2026-06-15T11:02:27Z;f.neri
RDA-20260064;Richiedi integrazione della richiesta;2026-06-15T11:13:33Z;2026-06-15T11:25:30Z;f.neri
RDA-20260064;Ricostruisci richiesta e informazioni mancanti;2026-06-15T11:25:30Z;2026-06-15T11:44:14Z;l.conti
RDA-20260064;Invia richiesta ad Acquisti;2026-06-15T11:48:10Z;2026-06-15T11:52:37Z;l.conti
RDA-20260064;Verifica lavorabilità della richiesta;2026-06-15T12:11:54Z;2026-06-15T12:23:32Z;f.neri
RDA-20260064;Seleziona fornitore o richiedi quotazioni;2026-06-15T13:02:29Z;2026-06-15T13:28:25Z;f.neri
RDA-20260064;Emetti ordine al fornitore;2026-06-15T13:52:15Z;2026-06-15T14:04:34Z;f.neri
RDA-20260064;Ricevi merce in magazzino;2026-06-15T14:04:34Z;2026-06-15T14:11:53Z;magazzino
RDA-20260064;Verifica merce ricevuta;2026-06-15T14:11:53Z;2026-06-15T14:15:59Z;reparto
RDA-20260065;Rileva fabbisogno durante il giro impianti;2026-06-15T07:25:43Z;2026-06-15T07:29:41Z;reparto
RDA-20260065;Invia richiesta all'Ufficio Tecnico;2026-06-15T07:29:41Z;2026-06-15T07:33:31Z;reparto
RDA-20260065;Ricostruisci richiesta e informazioni mancanti;2026-06-15T07:51:30Z;2026-06-15T08:07:34Z;l.conti
RDA-20260065;Invia richiesta ad Acquisti;2026-06-15T08:45:52Z;2026-06-15T08:49:22Z;l.conti
RDA-20260065;Verifica lavorabilità della richiesta;2026-06-15T09:30:54Z;2026-06-15T09:42:17Z;f.neri
RDA-20260065;Richiedi autorizzazione al responsabile;2026-06-15T10:27:45Z;2026-06-15T10:32:25Z;f.neri
RDA-20260065;Autorizza spesa;2026-06-16T14:44:35Z;2026-06-16T14:51:39Z;resp.acquisti
RDA-20260065;Seleziona fornitore o richiedi quotazioni;2026-06-17T08:21:03Z;2026-06-17T08:45:26Z;f.neri
RDA-20260065;Emetti ordine al fornitore;2026-06-17T10:29:14Z;2026-06-17T10:38:50Z;f.neri
RDA-20260065;Ricevi merce in magazzino;2026-06-17T10:52:40Z;2026-06-17T11:04:36Z;magazzino
RDA-20260065;Verifica merce ricevuta;2026-06-17T11:04:36Z;2026-06-17T11:16:32Z;reparto
RDA-20260066;Rileva fabbisogno durante il giro impianti;2026-06-15T12:47:28Z;2026-06-15T13:05:13Z;reparto
RDA-20260066;Invia richiesta all'Ufficio Tecnico;2026-06-15T13:05:13Z;2026-06-15T13:12:59Z;reparto
RDA-20260066;Ricostruisci richiesta e informazioni mancanti;2026-06-15T13:12:59Z;2026-06-15T13:16:36Z;l.conti
RDA-20260066;Invia richiesta ad Acquisti;2026-06-15T13:16:36Z;2026-06-15T13:21:42Z;l.conti
RDA-20260066;Verifica lavorabilità della richiesta;2026-06-15T13:40:51Z;2026-06-15T13:52:15Z;f.neri
RDA-20260066;Seleziona fornitore o richiedi quotazioni;2026-06-15T14:19:00Z;2026-06-15T14:39:06Z;f.neri
RDA-20260066;Emetti ordine al fornitore;2026-06-15T14:39:06Z;2026-06-15T14:49:08Z;f.neri
RDA-20260066;Ricevi merce in magazzino;2026-06-15T14:49:08Z;2026-06-16T07:01:13Z;magazzino
RDA-20260066;Verifica merce ricevuta;2026-06-16T07:01:13Z;2026-06-16T07:11:39Z;reparto
RDA-20260067;Rileva fabbisogno durante il giro impianti;2026-06-16T07:00:00Z;2026-06-16T07:02:52Z;reparto
RDA-20260067;Invia richiesta all'Ufficio Tecnico;2026-06-16T07:02:52Z;2026-06-16T07:07:44Z;reparto
RDA-20260067;Ricostruisci richiesta e informazioni mancanti;2026-06-16T07:07:44Z;2026-06-16T07:47:34Z;l.conti
RDA-20260067;Invia richiesta ad Acquisti;2026-06-16T07:47:34Z;2026-06-16T07:53:42Z;l.conti
RDA-20260067;Verifica lavorabilità della richiesta;2026-06-16T07:53:42Z;2026-06-16T08:04:41Z;f.neri
RDA-20260067;Richiedi integrazione della richiesta;2026-06-16T08:04:41Z;2026-06-16T08:14:07Z;f.neri
RDA-20260067;Ricostruisci richiesta e informazioni mancanti;2026-06-16T08:14:07Z;2026-06-16T08:17:24Z;l.conti
RDA-20260067;Invia richiesta ad Acquisti;2026-06-16T08:17:24Z;2026-06-16T08:23:40Z;l.conti
RDA-20260067;Verifica lavorabilità della richiesta;2026-06-16T08:23:40Z;2026-06-16T08:33:13Z;f.neri
RDA-20260067;Seleziona fornitore o richiedi quotazioni;2026-06-16T08:33:13Z;2026-06-16T08:54:52Z;f.neri
RDA-20260067;Emetti ordine al fornitore;2026-06-16T08:54:52Z;2026-06-16T09:10:36Z;f.neri
RDA-20260067;Ricevi merce in magazzino;2026-06-16T09:10:36Z;2026-06-16T09:20:52Z;magazzino
RDA-20260067;Verifica merce ricevuta;2026-06-16T09:20:52Z;2026-06-16T09:34:22Z;reparto
RDA-20260068;Rileva fabbisogno durante il giro impianti;2026-06-16T10:01:06Z;2026-06-16T10:12:17Z;reparto
RDA-20260068;Invia richiesta all'Ufficio Tecnico;2026-06-16T10:12:17Z;2026-06-16T10:17:32Z;reparto
RDA-20260068;Ricostruisci richiesta e informazioni mancanti;2026-06-16T10:17:32Z;2026-06-16T10:34:34Z;l.conti
RDA-20260068;Invia richiesta ad Acquisti;2026-06-16T10:34:34Z;2026-06-16T10:39:39Z;l.conti
RDA-20260068;Verifica lavorabilità della richiesta;2026-06-16T10:39:39Z;2026-06-16T10:48:04Z;f.neri
RDA-20260068;Seleziona fornitore o richiedi quotazioni;2026-06-16T10:48:04Z;2026-06-16T11:05:33Z;f.neri
RDA-20260068;Emetti ordine al fornitore;2026-06-16T11:05:33Z;2026-06-16T11:13:55Z;f.neri
RDA-20260068;Ricevi merce in magazzino;2026-06-16T11:13:55Z;2026-06-16T11:28:22Z;magazzino
RDA-20260068;Verifica merce ricevuta;2026-06-16T11:28:22Z;2026-06-16T11:41:56Z;reparto
RDA-20260069;Rileva fabbisogno durante il giro impianti;2026-06-16T11:02:28Z;2026-06-16T11:12:45Z;reparto
RDA-20260069;Invia richiesta all'Ufficio Tecnico;2026-06-16T11:12:45Z;2026-06-16T11:18:33Z;reparto
RDA-20260069;Ricostruisci richiesta e informazioni mancanti;2026-06-16T11:18:33Z;2026-06-16T12:07:43Z;l.conti
RDA-20260069;Invia richiesta ad Acquisti;2026-06-16T12:07:43Z;2026-06-16T12:11:57Z;l.conti
RDA-20260069;Verifica lavorabilità della richiesta;2026-06-16T12:11:57Z;2026-06-16T12:22:37Z;f.neri
RDA-20260069;Richiedi integrazione della richiesta;2026-06-16T12:22:37Z;2026-06-16T12:33:45Z;f.neri
RDA-20260069;Ricostruisci richiesta e informazioni mancanti;2026-06-16T12:33:45Z;2026-06-16T12:44:01Z;l.conti
RDA-20260069;Invia richiesta ad Acquisti;2026-06-16T12:44:01Z;2026-06-16T12:51:19Z;l.conti
RDA-20260069;Verifica lavorabilità della richiesta;2026-06-16T12:51:19Z;2026-06-16T12:59:19Z;f.neri
RDA-20260069;Richiedi autorizzazione al responsabile;2026-06-16T12:59:19Z;2026-06-16T13:03:42Z;f.neri
RDA-20260069;Autorizza spesa;2026-06-16T14:51:39Z;2026-06-16T14:59:03Z;resp.acquisti
RDA-20260069;Seleziona fornitore o richiedi quotazioni;2026-06-17T08:45:26Z;2026-06-17T09:05:48Z;f.neri
RDA-20260069;Emetti ordine al fornitore;2026-06-17T10:38:50Z;2026-06-17T10:49:01Z;f.neri
RDA-20260069;Ricevi merce in magazzino;2026-06-17T11:04:36Z;2026-06-17T11:10:42Z;magazzino
RDA-20260069;Verifica merce ricevuta;2026-06-17T11:10:42Z;2026-06-17T11:22:00Z;reparto
RDA-20260070;Rileva fabbisogno durante il giro impianti;2026-06-16T13:59:17Z;2026-06-16T14:09:57Z;reparto
RDA-20260070;Invia richiesta all'Ufficio Tecnico;2026-06-16T14:09:57Z;2026-06-16T14:14:48Z;reparto
RDA-20260070;Ricostruisci richiesta e informazioni mancanti;2026-06-16T14:14:48Z;2026-06-16T14:31:33Z;l.conti
RDA-20260070;Invia richiesta ad Acquisti;2026-06-17T07:03:43Z;2026-06-17T07:08:40Z;l.conti
RDA-20260070;Verifica lavorabilità della richiesta;2026-06-17T09:05:48Z;2026-06-17T09:16:41Z;f.neri
RDA-20260070;Richiedi integrazione della richiesta;2026-06-17T10:49:01Z;2026-06-17T11:07:56Z;f.neri
RDA-20260070;Ricostruisci richiesta e informazioni mancanti;2026-06-17T11:07:56Z;2026-06-17T11:32:56Z;l.conti
RDA-20260070;Invia richiesta ad Acquisti;2026-06-17T11:45:36Z;2026-06-17T11:50:24Z;l.conti
RDA-20260070;Verifica lavorabilità della richiesta;2026-06-17T12:25:03Z;2026-06-17T12:33:31Z;f.neri
RDA-20260070;Richiedi integrazione della richiesta;2026-06-17T13:23:58Z;2026-06-17T13:32:56Z;f.neri
RDA-20260070;Ricostruisci richiesta e informazioni mancanti;2026-06-17T13:36:00Z;2026-06-17T13:43:06Z;l.conti
RDA-20260070;Invia richiesta ad Acquisti;2026-06-17T13:43:06Z;2026-06-17T13:48:07Z;l.conti
RDA-20260070;Verifica lavorabilità della richiesta;2026-06-18T07:18:50Z;2026-06-18T07:29:41Z;f.neri
RDA-20260070;Seleziona fornitore o richiedi quotazioni;2026-06-18T09:30:31Z;2026-06-18T09:45:37Z;f.neri
RDA-20260070;Emetti ordine al fornitore;2026-06-18T10:58:33Z;2026-06-18T11:02:28Z;f.neri
RDA-20260070;Ricevi merce in magazzino;2026-06-18T11:02:28Z;2026-06-18T11:18:28Z;magazzino
RDA-20260070;Verifica merce ricevuta;2026-06-18T11:18:28Z;2026-06-18T11:26:25Z;reparto
RDA-20260071;Rileva fabbisogno durante il giro impianti;2026-06-16T14:12:47Z;2026-06-16T14:22:55Z;reparto
RDA-20260071;Invia richiesta all'Ufficio Tecnico;2026-06-16T14:22:55Z;2026-06-16T14:27:57Z;reparto
RDA-20260071;Ricostruisci richiesta e informazioni mancanti;2026-06-16T14:31:33Z;2026-06-17T07:03:43Z;l.conti
RDA-20260071;Invia richiesta ad Acquisti;2026-06-17T07:08:40Z;2026-06-17T07:13:06Z;l.conti
RDA-20260071;Verifica lavorabilità della richiesta;2026-06-17T09:16:41Z;2026-06-17T09:31:27Z;f.neri
RDA-20260071;Seleziona fornitore o richiedi quotazioni;2026-06-17T11:07:56Z;2026-06-17T11:25:20Z;f.neri
RDA-20260071;Emetti ordine al fornitore;2026-06-17T12:05:33Z;2026-06-17T12:15:40Z;f.neri
RDA-20260071;Ricevi merce in magazzino;2026-06-17T12:15:40Z;2026-06-17T12:27:16Z;magazzino
RDA-20260071;Verifica merce ricevuta;2026-06-17T12:27:16Z;2026-06-17T12:40:01Z;reparto
RDA-20260072;Rileva fabbisogno durante il giro impianti;2026-06-16T14:48:13Z;2026-06-16T14:57:44Z;reparto
RDA-20260072;Invia richiesta all'Ufficio Tecnico;2026-06-16T14:57:44Z;2026-06-17T07:03:54Z;reparto
RDA-20260072;Ricostruisci richiesta e informazioni mancanti;2026-06-17T07:13:06Z;2026-06-17T07:20:25Z;l.conti
RDA-20260072;Invia richiesta ad Acquisti;2026-06-17T07:31:49Z;2026-06-17T07:37:42Z;l.conti
RDA-20260072;Verifica lavorabilità della richiesta;2026-06-17T09:41:27Z;2026-06-17T09:57:47Z;f.neri
RDA-20260072;Richiedi integrazione della richiesta;2026-06-17T11:32:06Z;2026-06-17T11:41:33Z;f.neri
RDA-20260072;Ricostruisci richiesta e informazioni mancanti;2026-06-17T11:50:24Z;2026-06-17T12:00:54Z;l.conti
RDA-20260072;Invia richiesta ad Acquisti;2026-06-17T12:11:52Z;2026-06-17T12:14:27Z;l.conti
RDA-20260072;Verifica lavorabilità della richiesta;2026-06-17T12:57:55Z;2026-06-17T13:08:13Z;f.neri
RDA-20260072;Richiedi integrazione della richiesta;2026-06-17T14:19:55Z;2026-06-17T14:24:11Z;f.neri
RDA-20260072;Ricostruisci richiesta e informazioni mancanti;2026-06-17T14:26:36Z;2026-06-17T14:36:56Z;l.conti
RDA-20260072;Invia richiesta ad Acquisti;2026-06-18T07:00:30Z;2026-06-18T07:07:57Z;l.conti
RDA-20260072;Verifica lavorabilità della richiesta;2026-06-18T08:40:05Z;2026-06-18T08:49:34Z;f.neri
RDA-20260072;Richiedi integrazione della richiesta;2026-06-18T10:26:38Z;2026-06-18T10:34:09Z;f.neri
RDA-20260072;Ricostruisci richiesta e informazioni mancanti;2026-06-18T10:35:46Z;2026-06-18T10:44:56Z;l.conti
RDA-20260072;Invia richiesta ad Acquisti;2026-06-18T10:51:16Z;2026-06-18T10:57:54Z;l.conti
RDA-20260072;Verifica lavorabilità della richiesta;2026-06-18T11:44:27Z;2026-06-18T11:56:17Z;f.neri
RDA-20260072;Richiedi autorizzazione al responsabile;2026-06-18T12:50:15Z;2026-06-18T12:57:45Z;f.neri
RDA-20260072;Autorizza spesa;2026-06-18T14:15:16Z;2026-06-18T14:20:55Z;resp.acquisti
RDA-20260072;Seleziona fornitore o richiedi quotazioni;2026-06-19T08:14:09Z;2026-06-19T08:30:20Z;f.neri
RDA-20260072;Emetti ordine al fornitore;2026-06-19T09:53:53Z;2026-06-19T10:04:50Z;f.neri
RDA-20260072;Ricevi merce in magazzino;2026-06-19T10:09:26Z;2026-06-19T10:20:28Z;magazzino
RDA-20260072;Verifica merce ricevuta;2026-06-19T10:20:28Z;2026-06-19T10:28:45Z;reparto
RDA-20260073;Rileva fabbisogno durante il giro impianti;2026-06-17T07:00:00Z;2026-06-17T07:10:19Z;reparto
RDA-20260073;Invia richiesta all'Ufficio Tecnico;2026-06-17T07:10:19Z;2026-06-17T07:16:09Z;reparto
RDA-20260073;Ricostruisci richiesta e informazioni mancanti;2026-06-17T07:20:25Z;2026-06-17T07:31:49Z;l.conti
RDA-20260073;Invia richiesta ad Acquisti;2026-06-17T07:37:42Z;2026-06-17T07:42:55Z;l.conti
RDA-20260073;Verifica lavorabilità della richiesta;2026-06-17T09:57:47Z;2026-06-17T10:10:20Z;f.neri
RDA-20260073;Richiedi integrazione della richiesta;2026-06-17T11:41:33Z;2026-06-17T11:50:25Z;f.neri
RDA-20260073;Ricostruisci richiesta e informazioni mancanti;2026-06-17T12:05:31Z;2026-06-17T12:11:52Z;l.conti
RDA-20260073;Invia richiesta ad Acquisti;2026-06-17T12:27:44Z;2026-06-17T12:31:46Z;l.conti
RDA-20260073;Verifica lavorabilità della richiesta;2026-06-17T13:08:13Z;2026-06-17T13:23:58Z;f.neri
RDA-20260073;Richiedi integrazione della richiesta;2026-06-17T14:24:11Z;2026-06-17T14:33:15Z;f.neri
RDA-20260073;Ricostruisci richiesta e informazioni mancanti;2026-06-17T14:41:22Z;2026-06-18T07:00:30Z;l.conti
RDA-20260073;Invia richiesta ad Acquisti;2026-06-18T07:17:13Z;2026-06-18T07:21:49Z;l.conti
RDA-20260073;Verifica lavorabilità della richiesta;2026-06-18T08:59:35Z;2026-06-18T09:10:21Z;f.neri
RDA-20260073;Seleziona fornitore o richiedi quotazioni;2026-06-18T10:34:09Z;2026-06-18T10:49:09Z;f.neri
RDA-20260073;Emetti ordine al fornitore;2026-06-18T11:17:05Z;2026-06-18T11:31:25Z;f.neri
RDA-20260073;Ricevi merce in magazzino;2026-06-18T11:31:25Z;2026-06-18T11:40:47Z;magazzino
RDA-20260073;Verifica merce ricevuta;2026-06-18T11:40:47Z;2026-06-18T11:51:49Z;reparto
RDA-20260074;Rileva fabbisogno durante il giro impianti;2026-06-17T09:10:00Z;2026-06-17T09:20:41Z;reparto
RDA-20260074;Invia richiesta all'Ufficio Tecnico;2026-06-17T09:20:41Z;2026-06-17T09:26:12Z;reparto
RDA-20260074;Ricostruisci richiesta e informazioni mancanti;2026-06-17T09:26:12Z;2026-06-17T09:28:55Z;l.conti
RDA-20260074;Invia richiesta ad Acquisti;2026-06-17T09:28:55Z;2026-06-17T09:33:44Z;l.conti
RDA-20260074;Verifica lavorabilità della richiesta;2026-06-17T11:25:20Z;2026-06-17T11:32:06Z;f.neri
RDA-20260074;Richiedi integrazione della richiesta;2026-06-17T12:15:40Z;2026-06-17T12:25:03Z;f.neri
RDA-20260074;Ricostruisci richiesta e informazioni mancanti;2026-06-17T12:31:46Z;2026-06-17T12:40:58Z;l.conti
RDA-20260074;Invia richiesta ad Acquisti;2026-06-17T13:01:09Z;2026-06-17T13:05:26Z;l.conti
RDA-20260074;Verifica lavorabilità della richiesta;2026-06-17T14:10:25Z;2026-06-17T14:19:55Z;f.neri
RDA-20260074;Seleziona fornitore o richiedi quotazioni;2026-06-18T07:37:39Z;2026-06-18T07:56:43Z;f.neri
RDA-20260074;Emetti ordine al fornitore;2026-06-18T09:45:37Z;2026-06-18T09:53:23Z;f.neri
RDA-20260074;Ricevi merce in magazzino;2026-06-18T09:53:23Z;2026-06-18T10:05:16Z;magazzino
RDA-20260074;Verifica merce ricevuta;2026-06-18T10:05:16Z;2026-06-18T10:12:32Z;reparto
RDA-20260075;Rileva fabbisogno durante il giro impianti;2026-06-17T10:13:51Z;2026-06-17T10:21:26Z;reparto
RDA-20260075;Invia richiesta all'Ufficio Tecnico;2026-06-17T10:21:26Z;2026-06-17T10:27:51Z;reparto
RDA-20260075;Ricostruisci richiesta e informazioni mancanti;2026-06-17T10:27:51Z;2026-06-17T10:34:01Z;l.conti
RDA-20260075;Invia richiesta ad Acquisti;2026-06-17T10:34:01Z;2026-06-17T10:37:42Z;l.conti
RDA-20260075;Verifica lavorabilità della richiesta;2026-06-17T11:50:25Z;2026-06-17T11:56:41Z;f.neri
RDA-20260075;Richiedi integrazione della richiesta;2026-06-17T12:33:31Z;2026-06-17T12:44:37Z;f.neri
RDA-20260075;Ricostruisci richiesta e informazioni mancanti;2026-06-17T13:05:26Z;2026-06-17T13:14:19Z;l.conti
RDA-20260075;Invia richiesta ad Acquisti;2026-06-17T13:25:43Z;2026-06-17T13:30:51Z;l.conti
RDA-20260075;Verifica lavorabilità della richiesta;2026-06-17T14:44:34Z;2026-06-17T14:49:23Z;f.neri
RDA-20260075;Richiedi autorizzazione al responsabile;2026-06-18T08:13:07Z;2026-06-18T08:17:25Z;f.neri
RDA-20260075;Autorizza spesa;2026-06-18T14:05:06Z;2026-06-18T14:10:56Z;resp.acquisti
RDA-20260075;Seleziona fornitore o richiedi quotazioni;2026-06-19T07:07:44Z;2026-06-19T07:44:57Z;f.neri
RDA-20260075;Emetti ordine al fornitore;2026-06-19T09:29:08Z;2026-06-19T09:39:58Z;f.neri
RDA-20260075;Ricevi merce in magazzino;2026-06-19T09:39:58Z;2026-06-19T09:49:57Z;magazzino
RDA-20260075;Verifica merce ricevuta;2026-06-19T09:49:57Z;2026-06-19T09:58:59Z;reparto
RDA-20260076;Rileva fabbisogno durante il giro impianti;2026-06-17T10:27:59Z;2026-06-17T10:38:31Z;reparto
RDA-20260076;Invia richiesta all'Ufficio Tecnico;2026-06-17T10:38:31Z;2026-06-17T10:43:07Z;reparto
RDA-20260076;Ricostruisci richiesta e informazioni mancanti;2026-06-17T10:43:07Z;2026-06-17T10:50:10Z;l.conti
RDA-20260076;Invia richiesta ad Acquisti;2026-06-17T10:50:10Z;2026-06-17T10:54:36Z;l.conti
RDA-20260076;Verifica lavorabilità della richiesta;2026-06-17T11:56:41Z;2026-06-17T12:05:33Z;f.neri
RDA-20260076;Richiedi autorizzazione al responsabile;2026-06-17T12:54:29Z;2026-06-17T12:57:55Z;f.neri
RDA-20260076;Autorizza spesa;2026-06-18T14:00:00Z;2026-06-18T14:05:06Z;resp.acquisti
RDA-20260076;Seleziona fornitore o richiedi quotazioni;2026-06-18T14:39:45Z;2026-06-18T14:47:35Z;f.neri
RDA-20260076;Emetti ordine al fornitore;2026-06-19T09:06:39Z;2026-06-19T09:14:03Z;f.neri
RDA-20260076;Ricevi merce in magazzino;2026-06-19T09:14:03Z;2026-06-19T09:23:32Z;magazzino
RDA-20260076;Verifica merce ricevuta;2026-06-19T09:23:32Z;2026-06-19T09:34:53Z;reparto
RDA-20260077;Rileva fabbisogno durante il giro impianti;2026-06-17T11:08:23Z;2026-06-17T11:19:00Z;reparto
RDA-20260077;Invia richiesta all'Ufficio Tecnico;2026-06-17T11:19:00Z;2026-06-17T11:23:30Z;reparto
RDA-20260077;Ricostruisci richiesta e informazioni mancanti;2026-06-17T11:32:56Z;2026-06-17T11:45:36Z;l.conti
RDA-20260077;Invia richiesta ad Acquisti;2026-06-17T12:00:54Z;2026-06-17T12:05:31Z;l.conti
RDA-20260077;Verifica lavorabilità della richiesta;2026-06-17T12:44:37Z;2026-06-17T12:54:29Z;f.neri
RDA-20260077;Seleziona fornitore o richiedi quotazioni;2026-06-17T13:43:22Z;2026-06-17T14:10:25Z;f.neri
RDA-20260077;Emetti ordine al fornitore;2026-06-18T07:29:41Z;2026-06-18T07:37:39Z;f.neri
RDA-20260077;Ricevi merce in magazzino;2026-06-18T07:37:39Z;2026-06-18T07:47:59Z;magazzino
RDA-20260077;Verifica merce ricevuta;2026-06-18T07:47:59Z;2026-06-18T08:03:00Z;reparto
RDA-20260078;Rileva fabbisogno durante il giro impianti;2026-06-17T11:46:02Z;2026-06-17T11:56:26Z;reparto
RDA-20260078;Invia richiesta all'Ufficio Tecnico;2026-06-17T11:56:26Z;2026-06-17T12:01:28Z;reparto
RDA-20260078;Ricostruisci richiesta e informazioni mancanti;2026-06-17T12:14:27Z;2026-06-17T12:27:44Z;l.conti
RDA-20260078;Invia richiesta ad Acquisti;2026-06-17T12:40:58Z;2026-06-17T12:46:50Z;l.conti
RDA-20260078;Verifica lavorabilità della richiesta;2026-06-17T13:32:56Z;2026-06-17T13:43:22Z;f.neri
RDA-20260078;Seleziona fornitore o richiedi quotazioni;2026-06-18T07:01:18Z;2026-06-18T07:18:50Z;f.neri
RDA-20260078;Emetti ordine al fornitore;2026-06-18T08:49:34Z;2026-06-18T08:59:35Z;f.neri
RDA-20260078;Ricevi merce in magazzino;2026-06-18T08:59:35Z;2026-06-18T09:11:23Z;magazzino
RDA-20260078;Verifica merce ricevuta;2026-06-18T09:11:23Z;2026-06-18T09:19:08Z;reparto
RDA-20260079;Rileva fabbisogno durante il giro impianti;2026-06-17T12:20:20Z;2026-06-17T12:30:40Z;reparto
RDA-20260079;Invia richiesta all'Ufficio Tecnico;2026-06-17T12:30:40Z;2026-06-17T12:36:16Z;reparto
RDA-20260079;Ricostruisci richiesta e informazioni mancanti;2026-06-17T12:46:50Z;2026-06-17T13:01:09Z;l.conti
RDA-20260079;Invia richiesta ad Acquisti;2026-06-17T13:20:53Z;2026-06-17T13:25:43Z;l.conti
RDA-20260079;Verifica lavorabilità della richiesta;2026-06-17T14:33:15Z;2026-06-17T14:44:34Z;f.neri
RDA-20260079;Richiedi integrazione della richiesta;2026-06-18T08:03:47Z;2026-06-18T08:13:07Z;f.neri
RDA-20260079;Ricostruisci richiesta e informazioni mancanti;2026-06-18T08:13:07Z;2026-06-18T08:28:24Z;l.conti
RDA-20260079;Invia richiesta ad Acquisti;2026-06-18T08:28:24Z;2026-06-18T08:34:19Z;l.conti
RDA-20260079;Verifica lavorabilità della richiesta;2026-06-18T10:06:14Z;2026-06-18T10:13:46Z;f.neri
RDA-20260079;Richiedi integrazione della richiesta;2026-06-18T11:12:32Z;2026-06-18T11:17:05Z;f.neri
RDA-20260079;Ricostruisci richiesta e informazioni mancanti;2026-06-18T11:24:53Z;2026-06-18T11:31:41Z;l.conti
RDA-20260079;Invia richiesta ad Acquisti;2026-06-18T11:36:39Z;2026-06-18T11:42:09Z;l.conti
RDA-20260079;Verifica lavorabilità della richiesta;2026-06-18T12:35:45Z;2026-06-18T12:44:56Z;f.neri
RDA-20260079;Richiedi integrazione della richiesta;2026-06-18T13:40:26Z;2026-06-18T13:44:15Z;f.neri
RDA-20260079;Ricostruisci richiesta e informazioni mancanti;2026-06-18T13:44:15Z;2026-06-18T13:57:41Z;l.conti
RDA-20260079;Invia richiesta ad Acquisti;2026-06-18T13:57:41Z;2026-06-18T14:03:03Z;l.conti
RDA-20260079;Verifica lavorabilità della richiesta;2026-06-18T14:29:48Z;2026-06-18T14:39:45Z;f.neri
RDA-20260079;Richiedi integrazione della richiesta;2026-06-19T08:44:19Z;2026-06-19T08:54:00Z;f.neri
RDA-20260079;Ricostruisci richiesta e informazioni mancanti;2026-06-19T08:54:00Z;2026-06-19T09:21:48Z;l.conti
RDA-20260079;Invia richiesta ad Acquisti;2026-06-19T09:26:47Z;2026-06-19T09:31:39Z;l.conti
RDA-20260079;Verifica lavorabilità della richiesta;2026-06-19T10:26:55Z;2026-06-19T10:32:26Z;f.neri
RDA-20260079;Richiedi integrazione della richiesta;2026-06-19T10:43:14Z;2026-06-19T10:52:42Z;f.neri
RDA-20260079;Ricostruisci richiesta e informazioni mancanti;2026-06-19T10:52:42Z;2026-06-19T11:08:13Z;l.conti
RDA-20260079;Invia richiesta ad Acquisti;2026-06-19T11:08:13Z;2026-06-19T11:11:49Z;l.conti
RDA-20260079;Verifica lavorabilità della richiesta;2026-06-19T11:11:49Z;2026-06-19T11:19:14Z;f.neri
RDA-20260079;Seleziona fornitore o richiedi quotazioni;2026-06-19T11:19:14Z;2026-06-19T11:41:04Z;f.neri
RDA-20260079;Emetti ordine al fornitore;2026-06-19T11:41:04Z;2026-06-19T11:50:51Z;f.neri
RDA-20260079;Ricevi merce in magazzino;2026-06-19T11:50:51Z;2026-06-19T11:57:24Z;magazzino
RDA-20260079;Verifica merce ricevuta;2026-06-19T11:57:24Z;2026-06-19T12:09:55Z;reparto
RDA-20260080;Rileva fabbisogno durante il giro impianti;2026-06-17T12:37:42Z;2026-06-17T12:50:29Z;reparto
RDA-20260080;Invia richiesta all'Ufficio Tecnico;2026-06-17T12:50:29Z;2026-06-17T12:53:12Z;reparto
RDA-20260080;Ricostruisci richiesta e informazioni mancanti;2026-06-17T13:14:19Z;2026-06-17T13:20:53Z;l.conti
RDA-20260080;Invia richiesta ad Acquisti;2026-06-17T13:30:51Z;2026-06-17T13:36:00Z;l.conti
RDA-20260080;Verifica lavorabilità della richiesta;2026-06-17T14:49:23Z;2026-06-18T07:01:18Z;f.neri
RDA-20260080;Seleziona fornitore o richiedi quotazioni;2026-06-18T08:17:25Z;2026-06-18T08:40:05Z;f.neri
RDA-20260080;Emetti ordine al fornitore;2026-06-18T10:13:46Z;2026-06-18T10:26:38Z;f.neri
RDA-20260080;Ricevi merce in magazzino;2026-06-18T10:26:38Z;2026-06-18T10:36:16Z;magazzino
RDA-20260080;Verifica merce ricevuta;2026-06-18T10:36:16Z;2026-06-18T10:44:45Z;reparto
RDA-20260081;Rileva fabbisogno durante il giro impianti;2026-06-17T13:29:10Z;2026-06-17T13:38:31Z;reparto
RDA-20260081;Invia richiesta all'Ufficio Tecnico;2026-06-17T13:38:31Z;2026-06-17T13:43:48Z;reparto
RDA-20260081;Ricostruisci richiesta e informazioni mancanti;2026-06-17T13:48:07Z;2026-06-17T14:26:36Z;l.conti
RDA-20260081;Invia richiesta ad Acquisti;2026-06-17T14:36:56Z;2026-06-17T14:41:22Z;l.conti
RDA-20260081;Verifica lavorabilità della richiesta;2026-06-18T07:56:43Z;2026-06-18T08:03:47Z;f.neri
RDA-20260081;Richiedi integrazione della richiesta;2026-06-18T09:53:23Z;2026-06-18T10:06:14Z;f.neri
RDA-20260081;Ricostruisci richiesta e informazioni mancanti;2026-06-18T10:06:14Z;2026-06-18T10:35:46Z;l.conti
RDA-20260081;Invia richiesta ad Acquisti;2026-06-18T10:44:56Z;2026-06-18T10:51:16Z;l.conti
RDA-20260081;Verifica lavorabilità della richiesta;2026-06-18T11:31:25Z;2026-06-18T11:44:27Z;f.neri
RDA-20260081;Richiedi autorizzazione al responsabile;2026-06-18T12:44:56Z;2026-06-18T12:50:15Z;f.neri
RDA-20260081;Autorizza spesa;2026-06-18T14:10:56Z;2026-06-18T14:15:16Z;resp.acquisti
RDA-20260081;Seleziona fornitore o richiedi quotazioni;2026-06-19T07:44:57Z;2026-06-19T08:14:09Z;f.neri
RDA-20260081;Emetti ordine al fornitore;2026-06-19T09:39:58Z;2026-06-19T09:53:53Z;f.neri
RDA-20260081;Ricevi merce in magazzino;2026-06-19T09:53:53Z;2026-06-19T10:09:26Z;magazzino
RDA-20260081;Verifica merce ricevuta;2026-06-19T10:09:26Z;2026-06-19T10:14:49Z;reparto
RDA-20260082;Rileva fabbisogno durante il giro impianti;2026-06-17T14:26:14Z;2026-06-17T14:38:36Z;reparto
RDA-20260082;Invia richiesta all'Ufficio Tecnico;2026-06-17T14:38:36Z;2026-06-17T14:44:37Z;reparto
RDA-20260082;Ricostruisci richiesta e informazioni mancanti;2026-06-18T07:07:57Z;2026-06-18T07:17:13Z;l.conti
RDA-20260082;Invia richiesta ad Acquisti;2026-06-18T07:21:49Z;2026-06-18T07:27:09Z;l.conti
RDA-20260082;Verifica lavorabilità della richiesta;2026-06-18T09:10:21Z;2026-06-18T09:15:10Z;f.neri
RDA-20260082;Richiedi integrazione della richiesta;2026-06-18T10:49:09Z;2026-06-18T10:58:33Z;f.neri
RDA-20260082;Ricostruisci richiesta e informazioni mancanti;2026-06-18T10:58:33Z;2026-06-18T11:06:11Z;l.conti
RDA-20260082;Invia richiesta ad Acquisti;2026-06-18T11:19:07Z;2026-06-18T11:24:53Z;l.conti
RDA-20260082;Verifica lavorabilità della richiesta;2026-06-18T12:10:47Z;2026-06-18T12:22:27Z;f.neri
RDA-20260082;Richiedi integrazione della richiesta;2026-06-18T12:57:45Z;2026-06-18T13:07:12Z;f.neri
RDA-20260082;Ricostruisci richiesta e informazioni mancanti;2026-06-18T13:07:12Z;2026-06-18T13:26:07Z;l.conti
RDA-20260082;Invia richiesta ad Acquisti;2026-06-18T13:26:07Z;2026-06-18T13:31:28Z;l.conti
RDA-20260082;Verifica lavorabilità della richiesta;2026-06-18T14:03:01Z;2026-06-18T14:10:00Z;f.neri
RDA-20260082;Seleziona fornitore o richiedi quotazioni;2026-06-18T14:47:35Z;2026-06-19T07:07:44Z;f.neri
RDA-20260082;Emetti ordine al fornitore;2026-06-19T09:14:03Z;2026-06-19T09:23:07Z;f.neri
RDA-20260082;Ricevi merce in magazzino;2026-06-19T09:23:32Z;2026-06-19T09:31:24Z;magazzino
RDA-20260082;Verifica merce ricevuta;2026-06-19T09:31:24Z;2026-06-19T09:42:39Z;reparto
RDA-20260083;Rileva fabbisogno durante il giro impianti;2026-06-18T07:00:00Z;2026-06-18T07:06:15Z;reparto
RDA-20260083;Chiama fornitore direttamente;2026-06-18T07:06:15Z;2026-06-18T07:22:02Z;reparto
RDA-20260083;Invia riferimento ordine del fornitore;2026-06-18T07:22:02Z;2026-06-18T07:28:02Z;reparto
RDA-20260083;Regolarizza ordine a posteriori;2026-06-18T09:15:10Z;2026-06-18T09:30:31Z;f.neri
RDA-20260083;Gestione contabile della fattura;2026-06-18T09:30:31Z;2026-06-18T09:58:40Z;amministrazione
RDA-20260084;Rileva fabbisogno durante il giro impianti;2026-06-18T09:32:47Z;2026-06-18T09:47:33Z;reparto
RDA-20260084;Invia richiesta all'Ufficio Tecnico;2026-06-18T09:47:33Z;2026-06-18T09:50:22Z;reparto
RDA-20260084;Ricostruisci richiesta e informazioni mancanti;2026-06-18T09:50:22Z;2026-06-18T09:56:39Z;l.conti
RDA-20260084;Invia richiesta ad Acquisti;2026-06-18T09:56:39Z;2026-06-18T10:01:50Z;l.conti
RDA-20260084;Verifica lavorabilità della richiesta;2026-06-18T11:02:28Z;2026-06-18T11:12:32Z;f.neri
RDA-20260084;Richiedi integrazione della richiesta;2026-06-18T11:56:17Z;2026-06-18T12:10:47Z;f.neri
RDA-20260084;Ricostruisci richiesta e informazioni mancanti;2026-06-18T12:17:40Z;2026-06-18T12:26:46Z;l.conti
RDA-20260084;Invia richiesta ad Acquisti;2026-06-18T12:30:29Z;2026-06-18T12:34:31Z;l.conti
RDA-20260084;Verifica lavorabilità della richiesta;2026-06-18T13:17:38Z;2026-06-18T13:24:33Z;f.neri
RDA-20260084;Seleziona fornitore o richiedi quotazioni;2026-06-18T13:48:06Z;2026-06-18T14:03:01Z;f.neri
RDA-20260084;Emetti ordine al fornitore;2026-06-18T14:18:51Z;2026-06-18T14:29:48Z;f.neri
RDA-20260084;Ricevi merce in magazzino;2026-06-18T14:29:48Z;2026-06-18T14:40:00Z;magazzino
RDA-20260084;Verifica merce ricevuta;2026-06-18T14:40:00Z;2026-06-18T14:49:12Z;reparto
RDA-20260085;Rileva fabbisogno durante il giro impianti;2026-06-18T10:43:43Z;2026-06-18T10:55:23Z;reparto
RDA-20260085;Invia richiesta all'Ufficio Tecnico;2026-06-18T10:55:23Z;2026-06-18T11:00:10Z;reparto
RDA-20260085;Ricostruisci richiesta e informazioni mancanti;2026-06-18T11:06:11Z;2026-06-18T11:19:07Z;l.conti
RDA-20260085;Invia richiesta ad Acquisti;2026-06-18T11:31:41Z;2026-06-18T11:36:39Z;l.conti
RDA-20260085;Verifica lavorabilità della richiesta;2026-06-18T12:22:27Z;2026-06-18T12:35:45Z;f.neri
RDA-20260085;Seleziona fornitore o richiedi quotazioni;2026-06-18T13:24:33Z;2026-06-18T13:40:26Z;f.neri
RDA-20260085;Emetti ordine al fornitore;2026-06-18T14:10:00Z;2026-06-18T14:18:51Z;f.neri
RDA-20260085;Ricevi merce in magazzino;2026-06-18T14:18:51Z;2026-06-18T14:27:29Z;magazzino
RDA-20260085;Verifica merce ricevuta;2026-06-18T14:27:29Z;2026-06-18T14:35:55Z;reparto
RDA-20260086;Rileva fabbisogno durante il giro impianti;2026-06-18T11:42:59Z;2026-06-18T11:51:22Z;reparto
RDA-20260086;Invia richiesta all'Ufficio Tecnico;2026-06-18T11:51:22Z;2026-06-18T11:58:58Z;reparto
RDA-20260086;Ricostruisci richiesta e informazioni mancanti;2026-06-18T11:58:58Z;2026-06-18T12:17:40Z;l.conti
RDA-20260086;Invia richiesta ad Acquisti;2026-06-18T12:26:46Z;2026-06-18T12:30:29Z;l.conti
RDA-20260086;Verifica lavorabilità della richiesta;2026-06-18T13:07:12Z;2026-06-18T13:17:38Z;f.neri
RDA-20260086;Richiedi autorizzazione al responsabile;2026-06-18T13:44:15Z;2026-06-18T13:48:06Z;f.neri
RDA-20260086;Autorizza spesa;2026-06-18T14:20:55Z;2026-06-18T14:32:04Z;resp.acquisti
RDA-20260086;Seleziona fornitore o richiedi quotazioni;2026-06-19T08:30:20Z;2026-06-19T08:44:19Z;f.neri
RDA-20260086;Emetti ordine al fornitore;2026-06-19T10:04:50Z;2026-06-19T10:15:04Z;f.neri
RDA-20260086;Ricevi merce in magazzino;2026-06-19T10:20:28Z;2026-06-19T10:32:30Z;magazzino
RDA-20260086;Verifica merce ricevuta;2026-06-19T10:32:30Z;2026-06-19T10:43:06Z;reparto
RDA-20260087;Rileva fabbisogno durante il giro impianti;2026-06-18T14:07:34Z;2026-06-18T14:19:07Z;reparto
RDA-20260087;Invia richiesta all'Ufficio Tecnico;2026-06-18T14:19:07Z;2026-06-18T14:24:19Z;reparto
RDA-20260087;Ricostruisci richiesta e informazioni mancanti;2026-06-18T14:24:19Z;2026-06-18T14:36:12Z;l.conti
RDA-20260087;Invia richiesta ad Acquisti;2026-06-18T14:36:12Z;2026-06-18T14:40:25Z;l.conti
RDA-20260087;Verifica lavorabilità della richiesta;2026-06-19T08:54:00Z;2026-06-19T09:06:39Z;f.neri
RDA-20260087;Richiedi autorizzazione al responsabile;2026-06-19T10:15:04Z;2026-06-19T10:19:35Z;f.neri
RDA-20260087;Autorizza spesa;2026-06-23T14:00:00Z;2026-06-23T14:08:15Z;resp.acquisti
RDA-20260087;Seleziona fornitore o richiedi quotazioni;2026-06-23T14:23:38Z;2026-06-23T14:53:45Z;f.neri
RDA-20260087;Emetti ordine al fornitore;2026-06-24T08:44:05Z;2026-06-24T08:54:04Z;f.neri
RDA-20260087;Ricevi merce in magazzino;2026-06-24T08:54:04Z;2026-06-24T09:02:13Z;magazzino
RDA-20260087;Verifica merce ricevuta;2026-06-24T09:02:13Z;2026-06-24T09:10:34Z;reparto
RDA-20260088;Rileva fabbisogno durante il giro impianti;2026-06-19T07:00:00Z;2026-06-19T07:09:47Z;reparto
RDA-20260088;Invia richiesta all'Ufficio Tecnico;2026-06-19T07:09:47Z;2026-06-19T07:13:47Z;reparto
RDA-20260088;Ricostruisci richiesta e informazioni mancanti;2026-06-19T07:13:47Z;2026-06-19T07:24:56Z;l.conti
RDA-20260088;Invia richiesta ad Acquisti;2026-06-19T07:24:56Z;2026-06-19T07:29:04Z;l.conti
RDA-20260088;Verifica lavorabilità della richiesta;2026-06-19T09:23:07Z;2026-06-19T09:29:08Z;f.neri
RDA-20260088;Richiedi autorizzazione al responsabile;2026-06-19T10:19:35Z;2026-06-19T10:26:55Z;f.neri
RDA-20260088;Autorizza spesa;2026-06-23T14:08:15Z;2026-06-23T14:17:23Z;resp.acquisti
RDA-20260088;Seleziona fornitore o richiedi quotazioni;2026-06-23T14:58:13Z;2026-06-24T07:20:26Z;f.neri
RDA-20260088;Emetti ordine al fornitore;2026-06-24T09:04:08Z;2026-06-24T09:14:20Z;f.neri
RDA-20260088;Ricevi merce in magazzino;2026-06-24T09:14:20Z;2026-06-24T09:27:48Z;magazzino
RDA-20260088;Verifica merce ricevuta;2026-06-24T09:27:48Z;2026-06-24T09:40:55Z;reparto
RDA-20260089;Rileva fabbisogno durante il giro impianti;2026-06-19T08:47:52Z;2026-06-19T08:54:36Z;reparto
RDA-20260089;Invia richiesta all'Ufficio Tecnico;2026-06-19T08:54:36Z;2026-06-19T08:59:03Z;reparto
RDA-20260089;Ricostruisci richiesta e informazioni mancanti;2026-06-19T09:21:48Z;2026-06-19T09:26:47Z;l.conti
RDA-20260089;Invia richiesta ad Acquisti;2026-06-19T09:31:39Z;2026-06-19T09:35:49Z;l.conti
RDA-20260089;Verifica lavorabilità della richiesta;2026-06-19T10:32:26Z;2026-06-19T10:43:14Z;f.neri
RDA-20260089;Richiedi autorizzazione al responsabile;2026-06-19T10:52:42Z;2026-06-19T10:58:24Z;f.neri
RDA-20260089;Autorizza spesa;2026-06-23T14:17:23Z;2026-06-23T14:25:03Z;resp.acquisti
RDA-20260089;Seleziona fornitore o richiedi quotazioni;2026-06-24T07:28:04Z;2026-06-24T07:57:28Z;f.neri
RDA-20260089;Emetti ordine al fornitore;2026-06-24T09:31:02Z;2026-06-24T09:43:24Z;f.neri
RDA-20260089;Ricevi merce in magazzino;2026-06-24T09:43:24Z;2026-06-24T09:57:20Z;magazzino
RDA-20260089;Verifica merce ricevuta;2026-06-24T09:57:20Z;2026-06-24T10:02:21Z;reparto
RDA-20260090;Rileva fabbisogno durante il giro impianti;2026-06-19T11:22:36Z;2026-06-19T11:35:02Z;reparto
RDA-20260090;Invia richiesta all'Ufficio Tecnico;2026-06-19T11:35:02Z;2026-06-19T11:41:47Z;reparto
RDA-20260090;Ricostruisci richiesta e informazioni mancanti;2026-06-19T11:41:47Z;2026-06-19T11:53:03Z;l.conti
RDA-20260090;Invia richiesta ad Acquisti;2026-06-19T11:53:03Z;2026-06-19T11:58:29Z;l.conti
RDA-20260090;Verifica lavorabilità della richiesta;2026-06-19T11:58:29Z;2026-06-19T12:07:14Z;f.neri
RDA-20260090;Seleziona fornitore o richiedi quotazioni;2026-06-19T12:07:14Z;2026-06-19T12:23:19Z;f.neri
RDA-20260090;Emetti ordine al fornitore;2026-06-19T12:23:19Z;2026-06-19T12:37:53Z;f.neri
RDA-20260090;Ricevi merce in magazzino;2026-06-19T12:37:53Z;2026-06-19T12:49:01Z;magazzino
RDA-20260090;Verifica merce ricevuta;2026-06-19T12:49:01Z;2026-06-19T13:00:48Z;reparto
RDA-20260091;Rileva fabbisogno durante il giro impianti;2026-06-22T07:00:00Z;2026-06-22T07:10:10Z;reparto
RDA-20260091;Invia richiesta all'Ufficio Tecnico;2026-06-22T07:10:10Z;2026-06-22T07:15:47Z;reparto
RDA-20260091;Ricostruisci richiesta e informazioni mancanti;2026-06-22T07:32:06Z;2026-06-22T07:39:32Z;l.conti
RDA-20260091;Invia richiesta ad Acquisti;2026-06-22T07:46:37Z;2026-06-22T07:51:57Z;l.conti
RDA-20260091;Verifica lavorabilità della richiesta;2026-06-22T07:56:13Z;2026-06-22T08:03:21Z;f.neri
RDA-20260091;Richiedi integrazione della richiesta;2026-06-22T08:13:53Z;2026-06-22T08:23:25Z;f.neri
RDA-20260091;Ricostruisci richiesta e informazioni mancanti;2026-06-22T08:29:39Z;2026-06-22T09:05:56Z;l.conti
RDA-20260091;Invia richiesta ad Acquisti;2026-06-22T09:11:45Z;2026-06-22T09:15:22Z;l.conti
RDA-20260091;Verifica lavorabilità della richiesta;2026-06-22T09:26:17Z;2026-06-22T09:39:38Z;f.neri
RDA-20260091;Richiedi integrazione della richiesta;2026-06-22T09:58:12Z;2026-06-22T10:07:55Z;f.neri
RDA-20260091;Ricostruisci richiesta e informazioni mancanti;2026-06-22T10:07:55Z;2026-06-22T10:14:48Z;l.conti
RDA-20260091;Invia richiesta ad Acquisti;2026-06-22T10:14:48Z;2026-06-22T10:20:29Z;l.conti
RDA-20260091;Verifica lavorabilità della richiesta;2026-06-22T10:20:29Z;2026-06-22T10:32:32Z;f.neri
RDA-20260091;Richiedi integrazione della richiesta;2026-06-22T10:32:32Z;2026-06-22T10:41:01Z;f.neri
RDA-20260091;Ricostruisci richiesta e informazioni mancanti;2026-06-22T11:06:18Z;2026-06-22T11:12:42Z;l.conti
RDA-20260091;Invia richiesta ad Acquisti;2026-06-22T11:34:19Z;2026-06-22T11:37:39Z;l.conti
RDA-20260091;Verifica lavorabilità della richiesta;2026-06-22T11:45:50Z;2026-06-22T11:57:05Z;f.neri
RDA-20260091;Richiedi integrazione della richiesta;2026-06-22T12:29:45Z;2026-06-22T12:37:19Z;f.neri
RDA-20260091;Ricostruisci richiesta e informazioni mancanti;2026-06-22T12:37:19Z;2026-06-22T12:44:40Z;l.conti
RDA-20260091;Invia richiesta ad Acquisti;2026-06-22T12:44:40Z;2026-06-22T12:50:08Z;l.conti
RDA-20260091;Verifica lavorabilità della richiesta;2026-06-22T12:59:54Z;2026-06-22T13:17:00Z;f.neri
RDA-20260091;Richiedi integrazione della richiesta;2026-06-22T13:30:06Z;2026-06-22T13:39:34Z;f.neri
RDA-20260091;Ricostruisci richiesta e informazioni mancanti;2026-06-22T13:48:39Z;2026-06-22T13:53:24Z;l.conti
RDA-20260091;Invia richiesta ad Acquisti;2026-06-22T13:57:40Z;2026-06-22T14:03:48Z;l.conti
RDA-20260091;Verifica lavorabilità della richiesta;2026-06-22T14:11:09Z;2026-06-22T14:20:55Z;f.neri
RDA-20260091;Richiedi integrazione della richiesta;2026-06-22T14:41:43Z;2026-06-22T14:50:47Z;f.neri
RDA-20260091;Ricostruisci richiesta e informazioni mancanti;2026-06-22T14:52:44Z;2026-06-22T14:57:30Z;l.conti
RDA-20260091;Invia richiesta ad Acquisti;2026-06-22T14:57:30Z;2026-06-23T07:01:32Z;l.conti
RDA-20260091;Verifica lavorabilità della richiesta;2026-06-23T07:13:53Z;2026-06-23T07:25:16Z;f.neri
RDA-20260091;Richiedi autorizzazione al responsabile;2026-06-23T07:53:00Z;2026-06-23T07:57:47Z;f.neri
RDA-20260091;Autorizza spesa;2026-06-23T14:33:47Z;2026-06-23T14:39:56Z;resp.acquisti
RDA-20260091;Seleziona fornitore o richiedi quotazioni;2026-06-24T08:09:16Z;2026-06-24T08:21:29Z;f.neri
RDA-20260091;Emetti ordine al fornitore;2026-06-24T09:52:58Z;2026-06-24T10:04:44Z;f.neri
RDA-20260091;Ricevi merce in magazzino;2026-06-24T10:05:14Z;2026-06-24T10:16:40Z;magazzino
RDA-20260091;Verifica merce ricevuta;2026-06-24T10:16:40Z;2026-06-24T10:26:26Z;reparto
RDA-20260092;Rileva fabbisogno durante il giro impianti;2026-06-22T07:03:59Z;2026-06-22T07:08:32Z;reparto
RDA-20260092;Invia richiesta all'Ufficio Tecnico;2026-06-22T07:08:32Z;2026-06-22T07:13:25Z;reparto
RDA-20260092;Ricostruisci richiesta e informazioni mancanti;2026-06-22T07:13:25Z;2026-06-22T07:32:06Z;l.conti
RDA-20260092;Invia richiesta ad Acquisti;2026-06-22T07:39:32Z;2026-06-22T07:46:37Z;l.conti
RDA-20260092;Verifica lavorabilità della richiesta;2026-06-22T07:46:37Z;2026-06-22T07:56:13Z;f.neri
RDA-20260092;Richiedi integrazione della richiesta;2026-06-22T08:03:21Z;2026-06-22T08:13:53Z;f.neri
RDA-20260092;Ricostruisci richiesta e informazioni mancanti;2026-06-22T08:13:53Z;2026-06-22T08:29:39Z;l.conti
RDA-20260092;Invia richiesta ad Acquisti;2026-06-22T09:05:56Z;2026-06-22T09:11:45Z;l.conti
RDA-20260092;Verifica lavorabilità della richiesta;2026-06-22T09:11:45Z;2026-06-22T09:26:17Z;f.neri
RDA-20260092;Seleziona fornitore o richiedi quotazioni;2026-06-22T09:39:38Z;2026-06-22T09:58:12Z;f.neri
RDA-20260092;Emetti ordine al fornitore;2026-06-22T10:07:55Z;2026-06-22T10:17:44Z;f.neri
RDA-20260092;Ricevi merce in magazzino;2026-06-22T10:17:44Z;2026-06-22T10:28:21Z;magazzino
RDA-20260092;Verifica merce ricevuta;2026-06-22T10:28:21Z;2026-06-22T10:36:02Z;reparto
RDA-20260093;Rileva fabbisogno durante il giro impianti;2026-06-22T10:24:07Z;2026-06-22T10:33:45Z;reparto
RDA-20260093;Invia richiesta all'Ufficio Tecnico;2026-06-22T10:33:45Z;2026-06-22T10:39:39Z;reparto
RDA-20260093;Ricostruisci richiesta e informazioni mancanti;2026-06-22T10:39:39Z;2026-06-22T11:06:18Z;l.conti
RDA-20260093;Invia richiesta ad Acquisti;2026-06-22T11:29:40Z;2026-06-22T11:34:19Z;l.conti
RDA-20260093;Verifica lavorabilità della richiesta;2026-06-22T11:34:19Z;2026-06-22T11:45:50Z;f.neri
RDA-20260093;Seleziona fornitore o richiedi quotazioni;2026-06-22T12:11:06Z;2026-06-22T12:29:45Z;f.neri
RDA-20260093;Emetti ordine al fornitore;2026-06-22T12:43:04Z;2026-06-22T12:48:24Z;f.neri
RDA-20260093;Ricevi merce in magazzino;2026-06-22T12:48:24Z;2026-06-22T12:53:12Z;magazzino
RDA-20260093;Verifica merce ricevuta;2026-06-22T12:53:12Z;2026-06-22T13:10:01Z;reparto
RDA-20260094;Rileva fabbisogno durante il giro impianti;2026-06-22T10:55:12Z;2026-06-22T11:00:01Z;reparto
RDA-20260094;Invia richiesta all'Ufficio Tecnico;2026-06-22T11:00:01Z;2026-06-22T11:03:33Z;reparto
RDA-20260094;Ricostruisci richiesta e informazioni mancanti;2026-06-22T11:12:42Z;2026-06-22T11:29:40Z;l.conti
RDA-20260094;Invia richiesta ad Acquisti;2026-06-22T11:37:39Z;2026-06-22T11:41:51Z;l.conti
RDA-20260094;Verifica lavorabilità della richiesta;2026-06-22T11:57:05Z;2026-06-22T12:11:06Z;f.neri
RDA-20260094;Richiedi autorizzazione al responsabile;2026-06-22T12:37:19Z;2026-06-22T12:43:04Z;f.neri
RDA-20260094;Autorizza spesa;2026-06-23T14:25:03Z;2026-06-23T14:33:47Z;resp.acquisti
RDA-20260094;Seleziona fornitore o richiedi quotazioni;2026-06-24T07:57:28Z;2026-06-24T08:09:16Z;f.neri
RDA-20260094;Emetti ordine al fornitore;2026-06-24T09:43:24Z;2026-06-24T09:52:58Z;f.neri
RDA-20260094;Ricevi merce in magazzino;2026-06-24T09:57:20Z;2026-06-24T10:05:14Z;magazzino
RDA-20260094;Verifica merce ricevuta;2026-06-24T10:05:14Z;2026-06-24T10:15:45Z;reparto
RDA-20260095;Rileva fabbisogno durante il giro impianti;2026-06-22T11:57:12Z;2026-06-22T12:09:15Z;reparto
RDA-20260095;Invia richiesta all'Ufficio Tecnico;2026-06-22T12:09:15Z;2026-06-22T12:15:03Z;reparto
RDA-20260095;Ricostruisci richiesta e informazioni mancanti;2026-06-22T12:15:03Z;2026-06-22T12:27:24Z;l.conti
RDA-20260095;Invia richiesta ad Acquisti;2026-06-22T12:27:24Z;2026-06-22T12:32:55Z;l.conti
RDA-20260095;Verifica lavorabilità della richiesta;2026-06-22T12:48:24Z;2026-06-22T12:59:54Z;f.neri
RDA-20260095;Richiedi integrazione della richiesta;2026-06-22T13:17:00Z;2026-06-22T13:30:06Z;f.neri
RDA-20260095;Ricostruisci richiesta e informazioni mancanti;2026-06-22T13:30:06Z;2026-06-22T13:48:39Z;l.conti
RDA-20260095;Invia richiesta ad Acquisti;2026-06-22T13:53:24Z;2026-06-22T13:57:40Z;l.conti
RDA-20260095;Verifica lavorabilità della richiesta;2026-06-22T13:57:40Z;2026-06-22T14:11:09Z;f.neri
RDA-20260095;Seleziona fornitore o richiedi quotazioni;2026-06-22T14:20:55Z;2026-06-22T14:41:43Z;f.neri
RDA-20260095;Emetti ordine al fornitore;2026-06-22T14:50:47Z;2026-06-23T07:02:38Z;f.neri
RDA-20260095;Ricevi merce in magazzino;2026-06-23T07:02:38Z;2026-06-23T07:09:24Z;magazzino
RDA-20260095;Verifica merce ricevuta;2026-06-23T07:09:24Z;2026-06-23T07:18:05Z;reparto
RDA-20260096;Rileva fabbisogno durante il giro impianti;2026-06-22T14:30:10Z;2026-06-22T14:36:29Z;reparto
RDA-20260096;Invia richiesta all'Ufficio Tecnico;2026-06-22T14:36:29Z;2026-06-22T14:41:45Z;reparto
RDA-20260096;Ricostruisci richiesta e informazioni mancanti;2026-06-22T14:41:45Z;2026-06-22T14:46:21Z;l.conti
RDA-20260096;Invia richiesta ad Acquisti;2026-06-22T14:46:21Z;2026-06-22T14:52:44Z;l.conti
RDA-20260096;Verifica lavorabilità della richiesta;2026-06-23T07:02:38Z;2026-06-23T07:13:53Z;f.neri
RDA-20260096;Richiedi integrazione della richiesta;2026-06-23T07:25:16Z;2026-06-23T07:35:25Z;f.neri
RDA-20260096;Ricostruisci richiesta e informazioni mancanti;2026-06-23T07:37:02Z;2026-06-23T07:44:22Z;l.conti
RDA-20260096;Invia richiesta ad Acquisti;2026-06-23T07:50:10Z;2026-06-23T07:56:07Z;l.conti
RDA-20260096;Verifica lavorabilità della richiesta;2026-06-23T08:17:23Z;2026-06-23T08:24:55Z;f.neri
RDA-20260096;Richiedi autorizzazione al responsabile;2026-06-23T08:47:27Z;2026-06-23T08:53:03Z;f.neri
RDA-20260096;Autorizza spesa;2026-06-23T14:39:56Z;2026-06-23T14:47:56Z;resp.acquisti
RDA-20260096;Seleziona fornitore o richiedi quotazioni;2026-06-24T08:21:29Z;2026-06-24T08:44:05Z;f.neri
RDA-20260096;Emetti ordine al fornitore;2026-06-24T10:04:44Z;2026-06-24T10:17:18Z;f.neri
RDA-20260096;Ricevi merce in magazzino;2026-06-24T10:17:18Z;2026-06-24T10:25:27Z;magazzino
RDA-20260096;Verifica merce ricevuta;2026-06-24T10:25:27Z;2026-06-24T10:38:15Z;reparto
RDA-20260097;Rileva fabbisogno durante il giro impianti;2026-06-23T07:00:00Z;2026-06-23T07:09:08Z;reparto
RDA-20260097;Invia richiesta all'Ufficio Tecnico;2026-06-23T07:09:08Z;2026-06-23T07:13:52Z;reparto
RDA-20260097;Ricostruisci richiesta e informazioni mancanti;2026-06-23T07:13:52Z;2026-06-23T07:18:35Z;l.conti
RDA-20260097;Invia richiesta ad Acquisti;2026-06-23T07:18:35Z;2026-06-23T07:23:08Z;l.conti
RDA-20260097;Verifica lavorabilità della richiesta;2026-06-23T07:35:25Z;2026-06-23T07:53:00Z;f.neri
RDA-20260097;Seleziona fornitore o richiedi quotazioni;2026-06-23T07:58:48Z;2026-06-23T08:17:23Z;f.neri
RDA-20260097;Emetti ordine al fornitore;2026-06-23T08:36:15Z;2026-06-23T08:47:27Z;f.neri
RDA-20260097;Ricevi merce in magazzino;2026-06-23T08:47:27Z;2026-06-23T08:55:18Z;magazzino
RDA-20260097;Verifica merce ricevuta;2026-06-23T08:55:18Z;2026-06-23T09:07:14Z;reparto
RDA-20260098;Rileva fabbisogno durante il giro impianti;2026-06-23T07:15:16Z;2026-06-23T07:19:40Z;reparto
RDA-20260098;Invia richiesta all'Ufficio Tecnico;2026-06-23T07:19:40Z;2026-06-23T07:24:36Z;reparto
RDA-20260098;Ricostruisci richiesta e informazioni mancanti;2026-06-23T07:24:36Z;2026-06-23T07:37:02Z;l.conti
RDA-20260098;Invia richiesta ad Acquisti;2026-06-23T07:44:22Z;2026-06-23T07:50:10Z;l.conti
RDA-20260098;Verifica lavorabilità della richiesta;2026-06-23T07:57:47Z;2026-06-23T07:58:48Z;f.neri
RDA-20260098;Richiedi integrazione della richiesta;2026-06-23T08:24:55Z;2026-06-23T08:36:15Z;f.neri
RDA-20260098;Ricostruisci richiesta e informazioni mancanti;2026-06-23T08:36:15Z;2026-06-23T08:44:51Z;l.conti
RDA-20260098;Invia richiesta ad Acquisti;2026-06-23T08:44:51Z;2026-06-23T08:49:39Z;l.conti
RDA-20260098;Verifica lavorabilità della richiesta;2026-06-23T08:53:03Z;2026-06-23T09:02:10Z;f.neri
RDA-20260098;Richiedi integrazione della richiesta;2026-06-23T09:02:10Z;2026-06-23T09:12:54Z;f.neri
RDA-20260098;Ricostruisci richiesta e informazioni mancanti;2026-06-23T09:12:54Z;2026-06-23T09:19:57Z;l.conti
RDA-20260098;Invia richiesta ad Acquisti;2026-06-23T09:42:15Z;2026-06-23T09:46:49Z;l.conti
RDA-20260098;Verifica lavorabilità della richiesta;2026-06-23T09:46:49Z;2026-06-23T09:55:59Z;f.neri
RDA-20260098;Richiedi integrazione della richiesta;2026-06-23T10:05:19Z;2026-06-23T10:14:21Z;f.neri
RDA-20260098;Ricostruisci richiesta e informazioni mancanti;2026-06-23T10:16:48Z;2026-06-23T10:31:49Z;l.conti
RDA-20260098;Invia richiesta ad Acquisti;2026-06-23T10:36:33Z;2026-06-23T10:41:16Z;l.conti
RDA-20260098;Verifica lavorabilità della richiesta;2026-06-23T11:12:35Z;2026-06-23T11:23:53Z;f.neri
RDA-20260098;Seleziona fornitore o richiedi quotazioni;2026-06-23T11:39:30Z;2026-06-23T12:03:42Z;f.neri
RDA-20260098;Emetti ordine al fornitore;2026-06-23T12:03:42Z;2026-06-23T12:16:48Z;f.neri
RDA-20260098;Ricevi merce in magazzino;2026-06-23T12:16:48Z;2026-06-23T12:24:13Z;magazzino
RDA-20260098;Verifica merce ricevuta;2026-06-23T12:24:13Z;2026-06-23T12:31:34Z;reparto
RDA-20260099;Rileva fabbisogno durante il giro impianti;2026-06-23T08:58:29Z;2026-06-23T09:10:00Z;reparto
RDA-20260099;Invia richiesta all'Ufficio Tecnico;2026-06-23T09:10:00Z;2026-06-23T09:17:28Z;reparto
RDA-20260099;Ricostruisci richiesta e informazioni mancanti;2026-06-23T09:19:57Z;2026-06-23T09:35:50Z;l.conti
RDA-20260099;Invia richiesta ad Acquisti;2026-06-23T09:46:49Z;2026-06-23T09:52:38Z;l.conti
RDA-20260099;Verifica lavorabilità della richiesta;2026-06-23T09:55:59Z;2026-06-23T10:05:19Z;f.neri
RDA-20260099;Richiedi integrazione della richiesta;2026-06-23T10:29:08Z;2026-06-23T10:38:58Z;f.neri
RDA-20260099;Ricostruisci richiesta e informazioni mancanti;2026-06-23T10:41:16Z;2026-06-23T11:59:42Z;l.conti
RDA-20260099;Invia richiesta ad Acquisti;2026-06-23T11:59:42Z;2026-06-23T12:05:20Z;l.conti
RDA-20260099;Verifica lavorabilità della richiesta;2026-06-23T12:16:48Z;2026-06-23T12:26:39Z;f.neri
RDA-20260099;Richiedi autorizzazione al responsabile;2026-06-23T12:26:39Z;2026-06-23T12:30:26Z;f.neri
RDA-20260099;Autorizza spesa;2026-06-25T14:03:29Z;2026-06-25T14:08:40Z;resp.acquisti
RDA-20260099;Seleziona fornitore o richiedi quotazioni;2026-06-25T14:52:49Z;2026-06-26T07:12:21Z;f.neri
RDA-20260099;Emetti ordine al fornitore;2026-06-26T08:36:32Z;2026-06-26T08:46:59Z;f.neri
RDA-20260099;Ricevi merce in magazzino;2026-06-26T08:49:08Z;2026-06-26T09:01:22Z;magazzino
RDA-20260099;Verifica merce ricevuta;2026-06-26T09:01:22Z;2026-06-26T09:13:28Z;reparto
RDA-20260100;Rileva fabbisogno durante il giro impianti;2026-06-23T09:05:22Z;2026-06-23T09:15:07Z;reparto
RDA-20260100;Invia richiesta all'Ufficio Tecnico;2026-06-23T09:15:07Z;2026-06-23T09:19:10Z;reparto
RDA-20260100;Ricostruisci richiesta e informazioni mancanti;2026-06-23T09:35:50Z;2026-06-23T09:42:15Z;l.conti
RDA-20260100;Invia richiesta ad Acquisti;2026-06-23T09:52:38Z;2026-06-23T09:58:33Z;l.conti
RDA-20260100;Verifica lavorabilità della richiesta;2026-06-23T10:14:21Z;2026-06-23T10:29:08Z;f.neri
RDA-20260100;Seleziona fornitore o richiedi quotazioni;2026-06-23T10:38:58Z;2026-06-23T11:05:45Z;f.neri
RDA-20260100;Emetti ordine al fornitore;2026-06-23T11:23:53Z;2026-06-23T11:33:10Z;f.neri
RDA-20260100;Ricevi merce in magazzino;2026-06-23T11:33:10Z;2026-06-23T11:43:19Z;magazzino
RDA-20260100;Verifica merce ricevuta;2026-06-23T11:43:19Z;2026-06-23T11:49:19Z;reparto
RDA-20260101;Rileva fabbisogno durante il giro impianti;2026-06-23T09:47:47Z;2026-06-23T10:01:34Z;reparto
RDA-20260101;Invia richiesta all'Ufficio Tecnico;2026-06-23T10:01:34Z;2026-06-23T10:05:42Z;reparto
RDA-20260101;Ricostruisci richiesta e informazioni mancanti;2026-06-23T10:05:42Z;2026-06-23T10:16:48Z;l.conti
RDA-20260101;Invia richiesta ad Acquisti;2026-06-23T10:31:49Z;2026-06-23T10:36:33Z;l.conti
RDA-20260101;Verifica lavorabilità della richiesta;2026-06-23T11:05:45Z;2026-06-23T11:12:35Z;f.neri
RDA-20260101;Richiedi autorizzazione al responsabile;2026-06-23T11:33:10Z;2026-06-23T11:39:30Z;f.neri
RDA-20260101;Autorizza spesa;2026-06-23T14:47:56Z;2026-06-25T14:03:29Z;resp.acquisti
RDA-20260101;Seleziona fornitore o richiedi quotazioni;2026-06-25T14:25:15Z;2026-06-25T14:52:49Z;f.neri
RDA-20260101;Emetti ordine al fornitore;2026-06-26T08:21:33Z;2026-06-26T08:36:32Z;f.neri
RDA-20260101;Ricevi merce in magazzino;2026-06-26T08:36:32Z;2026-06-26T08:49:08Z;magazzino
RDA-20260101;Verifica merce ricevuta;2026-06-26T08:49:08Z;2026-06-26T09:00:32Z;reparto
RDA-20260102;Rileva fabbisogno durante il giro impianti;2026-06-23T12:28:39Z;2026-06-23T12:35:28Z;reparto
RDA-20260102;Invia richiesta all'Ufficio Tecnico;2026-06-23T12:35:28Z;2026-06-23T12:40:18Z;reparto
RDA-20260102;Ricostruisci richiesta e informazioni mancanti;2026-06-23T12:40:18Z;2026-06-23T12:54:54Z;l.conti
RDA-20260102;Invia richiesta ad Acquisti;2026-06-23T12:54:54Z;2026-06-23T13:00:35Z;l.conti
RDA-20260102;Verifica lavorabilità della richiesta;2026-06-23T13:00:35Z;2026-06-23T13:10:05Z;f.neri
RDA-20260102;Richiedi integrazione della richiesta;2026-06-23T13:10:05Z;2026-06-23T13:23:02Z;f.neri
RDA-20260102;Ricostruisci richiesta e informazioni mancanti;2026-06-23T13:23:02Z;2026-06-23T13:39:06Z;l.conti
RDA-20260102;Invia richiesta ad Acquisti;2026-06-23T13:51:49Z;2026-06-23T13:56:37Z;l.conti
RDA-20260102;Verifica lavorabilità della richiesta;2026-06-23T13:56:37Z;2026-06-23T14:12:34Z;f.neri
RDA-20260102;Richiedi autorizzazione al responsabile;2026-06-23T14:53:45Z;2026-06-23T14:58:13Z;f.neri
RDA-20260102;Autorizza spesa;2026-06-25T14:08:40Z;2026-06-25T14:13:26Z;resp.acquisti
RDA-20260102;Seleziona fornitore o richiedi quotazioni;2026-06-26T07:25:23Z;2026-06-26T07:44:11Z;f.neri
RDA-20260102;Emetti ordine al fornitore;2026-06-26T09:01:59Z;2026-06-26T09:16:13Z;f.neri
RDA-20260102;Ricevi merce in magazzino;2026-06-26T09:16:13Z;2026-06-26T09:24:15Z;magazzino
RDA-20260102;Verifica merce ricevuta;2026-06-26T09:24:15Z;2026-06-26T09:32:43Z;reparto
RDA-20260103;Rileva fabbisogno durante il giro impianti;2026-06-23T13:22:14Z;2026-06-23T13:28:31Z;reparto
RDA-20260103;Invia richiesta all'Ufficio Tecnico;2026-06-23T13:28:31Z;2026-06-23T13:32:28Z;reparto
RDA-20260103;Ricostruisci richiesta e informazioni mancanti;2026-06-23T13:39:06Z;2026-06-23T13:51:49Z;l.conti
RDA-20260103;Invia richiesta ad Acquisti;2026-06-23T13:56:37Z;2026-06-23T14:03:01Z;l.conti
RDA-20260103;Verifica lavorabilità della richiesta;2026-06-23T14:12:34Z;2026-06-23T14:23:38Z;f.neri
RDA-20260103;Richiedi integrazione della richiesta;2026-06-24T07:20:26Z;2026-06-24T07:28:04Z;f.neri
RDA-20260103;Ricostruisci richiesta e informazioni mancanti;2026-06-24T07:30:32Z;2026-06-24T07:35:39Z;l.conti
RDA-20260103;Invia richiesta ad Acquisti;2026-06-24T07:39:51Z;2026-06-24T07:44:04Z;l.conti
RDA-20260103;Verifica lavorabilità della richiesta;2026-06-24T09:26:35Z;2026-06-24T09:31:02Z;f.neri
RDA-20260103;Richiedi integrazione della richiesta;2026-06-24T10:29:27Z;2026-06-24T10:34:55Z;f.neri
RDA-20260103;Ricostruisci richiesta e informazioni mancanti;2026-06-24T10:57:55Z;2026-06-24T11:05:35Z;l.conti
RDA-20260103;Invia richiesta ad Acquisti;2026-06-24T11:09:12Z;2026-06-24T11:14:52Z;l.conti
RDA-20260103;Verifica lavorabilità della richiesta;2026-06-24T11:30:08Z;2026-06-24T11:41:38Z;f.neri
RDA-20260103;Seleziona fornitore o richiedi quotazioni;2026-06-24T11:53:20Z;2026-06-24T12:11:15Z;f.neri
RDA-20260103;Emetti ordine al fornitore;2026-06-24T12:22:10Z;2026-06-24T12:26:36Z;f.neri
RDA-20260103;Ricevi merce in magazzino;2026-06-24T12:26:36Z;2026-06-24T12:32:56Z;magazzino
RDA-20260103;Verifica merce ricevuta;2026-06-24T12:32:56Z;2026-06-24T12:43:56Z;reparto
RDA-20260104;Rileva fabbisogno durante il giro impianti;2026-06-23T14:50:09Z;2026-06-24T07:00:00Z;reparto
RDA-20260104;Invia richiesta all'Ufficio Tecnico;2026-06-24T07:00:00Z;2026-06-24T07:03:51Z;reparto
RDA-20260104;Ricostruisci richiesta e informazioni mancanti;2026-06-24T07:03:51Z;2026-06-24T07:13:17Z;l.conti
RDA-20260104;Invia richiesta ad Acquisti;2026-06-24T07:13:17Z;2026-06-24T07:17:12Z;l.conti
RDA-20260104;Verifica lavorabilità della richiesta;2026-06-24T08:54:04Z;2026-06-24T09:04:08Z;f.neri
RDA-20260104;Seleziona fornitore o richiedi quotazioni;2026-06-24T10:17:18Z;2026-06-24T10:21:53Z;f.neri
RDA-20260104;Emetti ordine al fornitore;2026-06-24T10:51:28Z;2026-06-24T11:04:28Z;f.neri
RDA-20260104;Ricevi merce in magazzino;2026-06-24T11:04:28Z;2026-06-24T11:14:20Z;magazzino
RDA-20260104;Verifica merce ricevuta;2026-06-24T11:14:20Z;2026-06-24T11:30:54Z;reparto
RDA-20260105;Rileva fabbisogno durante il giro impianti;2026-06-24T07:00:00Z;2026-06-24T07:08:56Z;reparto
RDA-20260105;Invia richiesta all'Ufficio Tecnico;2026-06-24T07:08:56Z;2026-06-24T07:15:23Z;reparto
RDA-20260105;Ricostruisci richiesta e informazioni mancanti;2026-06-24T07:17:12Z;2026-06-24T07:30:32Z;l.conti
RDA-20260105;Invia richiesta ad Acquisti;2026-06-24T07:35:39Z;2026-06-24T07:39:51Z;l.conti
RDA-20260105;Verifica lavorabilità della richiesta;2026-06-24T09:14:20Z;2026-06-24T09:26:35Z;f.neri
RDA-20260105;Richiedi integrazione della richiesta;2026-06-24T10:21:53Z;2026-06-24T10:29:27Z;f.neri
RDA-20260105;Ricostruisci richiesta e informazioni mancanti;2026-06-24T10:29:27Z;2026-06-24T10:57:55Z;l.conti
RDA-20260105;Invia richiesta ad Acquisti;2026-06-24T11:05:35Z;2026-06-24T11:09:12Z;l.conti
RDA-20260105;Verifica lavorabilità della richiesta;2026-06-24T11:21:08Z;2026-06-24T11:30:08Z;f.neri
RDA-20260105;Richiedi integrazione della richiesta;2026-06-24T11:41:38Z;2026-06-24T11:53:20Z;f.neri
RDA-20260105;Ricostruisci richiesta e informazioni mancanti;2026-06-24T11:53:20Z;2026-06-24T12:34:15Z;l.conti
RDA-20260105;Invia richiesta ad Acquisti;2026-06-24T13:37:20Z;2026-06-24T13:42:01Z;l.conti
RDA-20260105;Verifica lavorabilità della richiesta;2026-06-24T13:42:01Z;2026-06-24T13:52:43Z;f.neri
RDA-20260105;Seleziona fornitore o richiedi quotazioni;2026-06-24T14:04:15Z;2026-06-24T14:29:22Z;f.neri
RDA-20260105;Emetti ordine al fornitore;2026-06-24T14:53:10Z;2026-06-25T07:00:19Z;f.neri
RDA-20260105;Ricevi merce in magazzino;2026-06-25T07:00:19Z;2026-06-25T07:10:35Z;magazzino
RDA-20260105;Verifica merce ricevuta;2026-06-25T07:10:35Z;2026-06-25T07:23:26Z;reparto
RDA-20260106;Rileva fabbisogno durante il giro impianti;2026-06-24T09:45:16Z;2026-06-24T09:57:21Z;reparto
RDA-20260106;Invia richiesta all'Ufficio Tecnico;2026-06-24T09:57:21Z;2026-06-24T10:02:28Z;reparto
RDA-20260106;Ricostruisci richiesta e informazioni mancanti;2026-06-24T10:02:28Z;2026-06-24T10:08:04Z;l.conti
RDA-20260106;Invia richiesta ad Acquisti;2026-06-24T10:08:04Z;2026-06-24T10:12:28Z;l.conti
RDA-20260106;Verifica lavorabilità della richiesta;2026-06-24T10:34:55Z;2026-06-24T10:51:28Z;f.neri
RDA-20260106;Richiedi integrazione della richiesta;2026-06-24T11:04:28Z;2026-06-24T11:21:08Z;f.neri
RDA-20260106;Ricostruisci richiesta e informazioni mancanti;2026-06-24T11:21:08Z;2026-06-24T11:40:18Z;l.conti
RDA-20260106;Invia richiesta ad Acquisti;2026-06-24T11:40:18Z;2026-06-24T11:45:01Z;l.conti
RDA-20260106;Verifica lavorabilità della richiesta;2026-06-24T12:11:15Z;2026-06-24T12:22:10Z;f.neri
RDA-20260106;Seleziona fornitore o richiedi quotazioni;2026-06-24T12:26:36Z;2026-06-24T12:47:51Z;f.neri
RDA-20260106;Emetti ordine al fornitore;2026-06-24T12:47:51Z;2026-06-24T12:56:28Z;f.neri
RDA-20260106;Ricevi merce in magazzino;2026-06-24T12:56:28Z;2026-06-24T13:08:35Z;magazzino
RDA-20260106;Verifica merce ricevuta;2026-06-24T13:08:35Z;2026-06-24T13:20:39Z;reparto
RDA-20260107;Rileva fabbisogno durante il giro impianti;2026-06-24T12:02:29Z;2026-06-24T12:08:32Z;reparto
RDA-20260107;Invia richiesta all'Ufficio Tecnico;2026-06-24T12:08:32Z;2026-06-24T12:12:09Z;reparto
RDA-20260107;Ricostruisci richiesta e informazioni mancanti;2026-06-24T12:34:15Z;2026-06-24T12:36:51Z;l.conti
RDA-20260107;Invia richiesta ad Acquisti;2026-06-24T13:42:01Z;2026-06-24T13:47:11Z;l.conti
RDA-20260107;Verifica lavorabilità della richiesta;2026-06-24T13:52:43Z;2026-06-24T14:04:15Z;f.neri
RDA-20260107;Seleziona fornitore o richiedi quotazioni;2026-06-24T14:29:22Z;2026-06-24T14:53:10Z;f.neri
RDA-20260107;Emetti ordine al fornitore;2026-06-25T07:10:17Z;2026-06-25T07:18:08Z;f.neri
RDA-20260107;Ricevi merce in magazzino;2026-06-25T07:18:08Z;2026-06-25T07:21:02Z;magazzino
RDA-20260107;Verifica merce ricevuta;2026-06-25T07:21:02Z;2026-06-25T07:27:19Z;reparto
RDA-20260108;Rileva fabbisogno durante il giro impianti;2026-06-24T12:03:10Z;2026-06-24T12:13:55Z;reparto
RDA-20260108;Invia richiesta all'Ufficio Tecnico;2026-06-24T12:13:55Z;2026-06-24T12:18:30Z;reparto
RDA-20260108;Ricostruisci richiesta e informazioni mancanti;2026-06-24T12:36:51Z;2026-06-24T13:37:20Z;l.conti
RDA-20260108;Invia richiesta ad Acquisti;2026-06-24T14:26:01Z;2026-06-24T14:30:23Z;l.conti
RDA-20260108;Verifica lavorabilità della richiesta;2026-06-25T07:00:19Z;2026-06-25T07:10:17Z;f.neri
RDA-20260108;Richiedi integrazione della richiesta;2026-06-25T07:18:08Z;2026-06-25T07:30:19Z;f.neri
RDA-20260108;Ricostruisci richiesta e informazioni mancanti;2026-06-25T08:14:36Z;2026-06-25T08:24:01Z;l.conti
RDA-20260108;Invia richiesta ad Acquisti;2026-06-25T08:50:35Z;2026-06-25T08:57:24Z;l.conti
RDA-20260108;Verifica lavorabilità della richiesta;2026-06-25T09:02:21Z;2026-06-25T09:06:00Z;f.neri
RDA-20260108;Richiedi integrazione della richiesta;2026-06-25T09:12:44Z;2026-06-25T09:25:00Z;f.neri
RDA-20260108;Ricostruisci richiesta e informazioni mancanti;2026-06-25T10:48:19Z;2026-06-25T10:53:37Z;l.conti
RDA-20260108;Invia richiesta ad Acquisti;2026-06-25T11:03:49Z;2026-06-25T11:09:45Z;l.conti
RDA-20260108;Verifica lavorabilità della richiesta;2026-06-25T11:34:43Z;2026-06-25T11:43:53Z;f.neri
RDA-20260108;Richiedi integrazione della richiesta;2026-06-25T12:20:36Z;2026-06-25T12:31:39Z;f.neri
RDA-20260108;Ricostruisci richiesta e informazioni mancanti;2026-06-25T12:31:39Z;2026-06-25T12:48:59Z;l.conti
RDA-20260108;Invia richiesta ad Acquisti;2026-06-25T12:48:59Z;2026-06-25T12:53:40Z;l.conti
RDA-20260108;Verifica lavorabilità della richiesta;2026-06-25T13:07:24Z;2026-06-25T13:12:38Z;f.neri
RDA-20260108;Richiedi integrazione della richiesta;2026-06-25T13:45:21Z;2026-06-25T13:58:55Z;f.neri
RDA-20260108;Ricostruisci richiesta e informazioni mancanti;2026-06-25T13:58:55Z;2026-06-25T14:07:30Z;l.conti
RDA-20260108;Invia richiesta ad Acquisti;2026-06-25T14:07:30Z;2026-06-25T14:13:30Z;l.conti
RDA-20260108;Verifica lavorabilità della richiesta;2026-06-26T07:44:11Z;2026-06-26T07:47:58Z;f.neri
RDA-20260108;Richiedi integrazione della richiesta;2026-06-26T09:16:13Z;2026-06-26T09:27:16Z;f.neri
RDA-20260108;Ricostruisci richiesta e informazioni mancanti;2026-06-26T09:27:16Z;2026-06-26T09:33:40Z;l.conti
RDA-20260108;Invia richiesta ad Acquisti;2026-06-26T10:17:22Z;2026-06-26T10:23:05Z;l.conti
RDA-20260108;Verifica lavorabilità della richiesta;2026-06-26T11:01:25Z;2026-06-26T11:08:04Z;f.neri
RDA-20260108;Richiedi integrazione della richiesta;2026-06-26T12:05:11Z;2026-06-26T12:16:12Z;f.neri
RDA-20260108;Ricostruisci richiesta e informazioni mancanti;2026-06-26T12:17:03Z;2026-06-26T12:33:00Z;l.conti
RDA-20260108;Invia richiesta ad Acquisti;2026-06-26T12:59:19Z;2026-06-26T13:04:20Z;l.conti
RDA-20260108;Verifica lavorabilità della richiesta;2026-06-26T13:18:11Z;2026-06-26T13:26:23Z;f.neri
RDA-20260108;Richiedi autorizzazione al responsabile;2026-06-26T13:46:34Z;2026-06-26T13:53:38Z;f.neri
RDA-20260108;Autorizza spesa;2026-06-30T14:23:32Z;2026-06-30T14:35:25Z;resp.acquisti
RDA-20260108;Seleziona fornitore o richiedi quotazioni;2026-07-01T07:00:21Z;2026-07-01T07:30:09Z;f.neri
RDA-20260108;Emetti ordine al fornitore;2026-07-01T08:25:53Z;2026-07-01T08:40:21Z;f.neri
RDA-20260108;Ricevi merce in magazzino;2026-07-01T08:40:21Z;2026-07-01T08:48:24Z;magazzino
RDA-20260108;Verifica merce ricevuta;2026-07-01T08:48:24Z;2026-07-01T08:59:40Z;reparto
RDA-20260109;Rileva fabbisogno durante il giro impianti;2026-06-24T12:55:30Z;2026-06-24T13:01:36Z;reparto
RDA-20260109;Invia richiesta all'Ufficio Tecnico;2026-06-24T13:01:36Z;2026-06-24T13:06:04Z;reparto
RDA-20260109;Ricostruisci richiesta e informazioni mancanti;2026-06-24T13:47:11Z;2026-06-24T14:26:01Z;l.conti
RDA-20260109;Invia richiesta ad Acquisti;2026-06-25T07:16:20Z;2026-06-25T07:21:19Z;l.conti
RDA-20260109;Verifica lavorabilità della richiesta;2026-06-25T07:30:19Z;2026-06-25T07:36:33Z;f.neri
RDA-20260109;Richiedi integrazione della richiesta;2026-06-25T07:48:54Z;2026-06-25T07:59:26Z;f.neri
RDA-20260109;Ricostruisci richiesta e informazioni mancanti;2026-06-25T08:24:01Z;2026-06-25T08:39:40Z;l.conti
RDA-20260109;Invia richiesta ad Acquisti;2026-06-25T08:57:24Z;2026-06-25T09:01:44Z;l.conti
RDA-20260109;Verifica lavorabilità della richiesta;2026-06-25T09:06:00Z;2026-06-25T09:12:44Z;f.neri
RDA-20260109;Seleziona fornitore o richiedi quotazioni;2026-06-25T09:25:00Z;2026-06-25T09:39:44Z;f.neri
RDA-20260109;Emetti ordine al fornitore;2026-06-25T09:39:44Z;2026-06-25T09:52:43Z;f.neri
RDA-20260109;Ricevi merce in magazzino;2026-06-25T09:52:43Z;2026-06-25T10:01:18Z;magazzino
RDA-20260109;Verifica merce ricevuta;2026-06-25T10:01:18Z;2026-06-25T10:13:01Z;reparto
RDA-20260110;Rileva fabbisogno durante il giro impianti;2026-06-24T13:55:13Z;2026-06-24T14:08:41Z;reparto
RDA-20260110;Invia richiesta all'Ufficio Tecnico;2026-06-24T14:08:41Z;2026-06-24T14:15:04Z;reparto
RDA-20260110;Ricostruisci richiesta e informazioni mancanti;2026-06-24T14:30:23Z;2026-06-25T07:00:47Z;l.conti
RDA-20260110;Invia richiesta ad Acquisti;2026-06-25T07:21:19Z;2026-06-25T07:25:34Z;l.conti
RDA-20260110;Verifica lavorabilità della richiesta;2026-06-25T07:36:33Z;2026-06-25T07:48:54Z;f.neri
RDA-20260110;Richiedi integrazione della richiesta;2026-06-25T07:59:26Z;2026-06-25T08:13:19Z;f.neri
RDA-20260110;Ricostruisci richiesta e informazioni mancanti;2026-06-25T08:44:22Z;2026-06-25T08:50:35Z;l.conti
RDA-20260110;Invia richiesta ad Acquisti;2026-06-25T10:33:20Z;2026-06-25T10:39:48Z;l.conti
RDA-20260110;Verifica lavorabilità della richiesta;2026-06-25T10:39:48Z;2026-06-25T10:52:26Z;f.neri
RDA-20260110;Seleziona fornitore o richiedi quotazioni;2026-06-25T10:52:26Z;2026-06-25T11:09:51Z;f.neri
RDA-20260110;Emetti ordine al fornitore;2026-06-25T11:43:53Z;2026-06-25T11:55:33Z;f.neri
RDA-20260110;Ricevi merce in magazzino;2026-06-25T11:55:33Z;2026-06-25T12:01:11Z;magazzino
RDA-20260110;Verifica merce ricevuta;2026-06-25T12:01:11Z;2026-06-25T12:09:38Z;reparto
RDA-20260111;Rileva fabbisogno durante il giro impianti;2026-06-24T14:00:42Z;2026-06-24T14:12:53Z;reparto
RDA-20260111;Invia richiesta all'Ufficio Tecnico;2026-06-24T14:12:53Z;2026-06-24T14:18:23Z;reparto
RDA-20260111;Ricostruisci richiesta e informazioni mancanti;2026-06-25T07:00:47Z;2026-06-25T07:16:20Z;l.conti
RDA-20260111;Invia richiesta ad Acquisti;2026-06-25T08:09:47Z;2026-06-25T08:14:36Z;l.conti
RDA-20260111;Verifica lavorabilità della richiesta;2026-06-25T08:14:36Z;2026-06-25T08:24:57Z;f.neri
RDA-20260111;Richiedi autorizzazione al responsabile;2026-06-25T08:24:57Z;2026-06-25T08:30:41Z;f.neri
RDA-20260111;Autorizza spesa;2026-06-25T14:13:26Z;2026-06-25T14:26:22Z;resp.acquisti
RDA-20260111;Seleziona fornitore o richiedi quotazioni;2026-06-26T08:01:11Z;2026-06-26T08:21:33Z;f.neri
RDA-20260111;Emetti ordine al fornitore;2026-06-26T09:51:49Z;2026-06-26T10:02:31Z;f.neri
RDA-20260111;Ricevi merce in magazzino;2026-06-26T10:02:31Z;2026-06-26T10:16:13Z;magazzino
RDA-20260111;Verifica merce ricevuta;2026-06-26T10:16:13Z;2026-06-26T10:28:29Z;reparto
RDA-20260112;Rileva fabbisogno durante il giro impianti;2026-06-25T07:00:00Z;2026-06-25T07:03:32Z;reparto
RDA-20260112;Invia richiesta all'Ufficio Tecnico;2026-06-25T07:03:32Z;2026-06-25T07:08:41Z;reparto
RDA-20260112;Ricostruisci richiesta e informazioni mancanti;2026-06-25T07:25:34Z;2026-06-25T08:09:47Z;l.conti
RDA-20260112;Invia richiesta ad Acquisti;2026-06-25T08:39:40Z;2026-06-25T08:44:22Z;l.conti
RDA-20260112;Verifica lavorabilità della richiesta;2026-06-25T08:44:22Z;2026-06-25T08:53:24Z;f.neri
RDA-20260112;Richiedi integrazione della richiesta;2026-06-25T08:53:24Z;2026-06-25T09:02:21Z;f.neri
RDA-20260112;Ricostruisci richiesta e informazioni mancanti;2026-06-25T10:39:48Z;2026-06-25T10:48:19Z;l.conti
RDA-20260112;Invia richiesta ad Acquisti;2026-06-25T10:58:40Z;2026-06-25T11:03:49Z;l.conti
RDA-20260112;Verifica lavorabilità della richiesta;2026-06-25T11:20:19Z;2026-06-25T11:34:43Z;f.neri
RDA-20260112;Richiedi integrazione della richiesta;2026-06-25T12:00:51Z;2026-06-25T12:11:25Z;f.neri
RDA-20260112;Ricostruisci richiesta e informazioni mancanti;2026-06-25T12:11:25Z;2026-06-25T12:16:09Z;l.conti
RDA-20260112;Invia richiesta ad Acquisti;2026-06-25T12:16:09Z;2026-06-25T12:21:18Z;l.conti
RDA-20260112;Verifica lavorabilità della richiesta;2026-06-25T12:49:55Z;2026-06-25T12:57:23Z;f.neri
RDA-20260112;Richiedi integrazione della richiesta;2026-06-25T13:12:38Z;2026-06-25T13:22:06Z;f.neri
RDA-20260112;Ricostruisci richiesta e informazioni mancanti;2026-06-25T13:22:06Z;2026-06-25T13:33:28Z;l.conti
RDA-20260112;Invia richiesta ad Acquisti;2026-06-25T13:33:28Z;2026-06-25T13:37:39Z;l.conti
RDA-20260112;Verifica lavorabilità della richiesta;2026-06-25T13:58:55Z;2026-06-25T14:09:26Z;f.neri
RDA-20260112;Seleziona fornitore o richiedi quotazioni;2026-06-26T07:12:21Z;2026-06-26T07:25:23Z;f.neri
RDA-20260112;Emetti ordine al fornitore;2026-06-26T08:46:59Z;2026-06-26T09:01:59Z;f.neri
RDA-20260112;Ricevi merce in magazzino;2026-06-26T09:01:59Z;2026-06-26T09:12:36Z;magazzino
RDA-20260112;Verifica merce ricevuta;2026-06-26T09:12:36Z;2026-06-26T09:24:26Z;reparto
RDA-20260113;Rileva fabbisogno durante il giro impianti;2026-06-25T08:29:50Z;2026-06-25T08:42:26Z;reparto
RDA-20260113;Invia richiesta all'Ufficio Tecnico;2026-06-25T08:42:26Z;2026-06-25T08:48:01Z;reparto
RDA-20260113;Ricostruisci richiesta e informazioni mancanti;2026-06-25T09:01:44Z;2026-06-25T10:33:20Z;l.conti
RDA-20260113;Invia richiesta ad Acquisti;2026-06-25T10:53:37Z;2026-06-25T10:58:40Z;l.conti
RDA-20260113;Verifica lavorabilità della richiesta;2026-06-25T11:09:51Z;2026-06-25T11:20:19Z;f.neri
RDA-20260113;Richiedi integrazione della richiesta;2026-06-25T11:55:33Z;2026-06-25T12:00:51Z;f.neri
RDA-20260113;Ricostruisci richiesta e informazioni mancanti;2026-06-25T12:00:51Z;2026-06-25T12:06:02Z;l.conti
RDA-20260113;Invia richiesta ad Acquisti;2026-06-25T12:06:02Z;2026-06-25T12:10:13Z;l.conti
RDA-20260113;Verifica lavorabilità della richiesta;2026-06-25T12:31:39Z;2026-06-25T12:42:02Z;f.neri
RDA-20260113;Seleziona fornitore o richiedi quotazioni;2026-06-25T12:57:23Z;2026-06-25T13:07:24Z;f.neri
RDA-20260113;Emetti ordine al fornitore;2026-06-25T13:22:06Z;2026-06-25T13:36:07Z;f.neri
RDA-20260113;Ricevi merce in magazzino;2026-06-25T13:36:07Z;2026-06-25T13:46:51Z;magazzino
RDA-20260113;Verifica merce ricevuta;2026-06-25T13:46:51Z;2026-06-25T14:04:30Z;reparto
RDA-20260114;Rileva fabbisogno durante il giro impianti;2026-06-25T11:19:05Z;2026-06-25T11:28:43Z;reparto
RDA-20260114;Invia richiesta all'Ufficio Tecnico;2026-06-25T11:28:43Z;2026-06-25T11:34:49Z;reparto
RDA-20260114;Ricostruisci richiesta e informazioni mancanti;2026-06-25T11:34:49Z;2026-06-25T11:39:11Z;l.conti
RDA-20260114;Invia richiesta ad Acquisti;2026-06-25T11:39:11Z;2026-06-25T11:43:17Z;l.conti
RDA-20260114;Verifica lavorabilità della richiesta;2026-06-25T12:11:25Z;2026-06-25T12:20:36Z;f.neri
RDA-20260114;Richiedi integrazione della richiesta;2026-06-25T12:42:02Z;2026-06-25T12:49:55Z;f.neri
RDA-20260114;Ricostruisci richiesta e informazioni mancanti;2026-06-25T12:53:40Z;2026-06-25T13:04:50Z;l.conti
RDA-20260114;Invia richiesta ad Acquisti;2026-06-25T13:04:50Z;2026-06-25T13:08:33Z;l.conti
RDA-20260114;Verifica lavorabilità della richiesta;2026-06-25T13:36:07Z;2026-06-25T13:45:21Z;f.neri
RDA-20260114;Seleziona fornitore o richiedi quotazioni;2026-06-25T14:09:26Z;2026-06-25T14:25:15Z;f.neri
RDA-20260114;Emetti ordine al fornitore;2026-06-26T07:47:58Z;2026-06-26T08:01:11Z;f.neri
RDA-20260114;Ricevi merce in magazzino;2026-06-26T08:01:11Z;2026-06-26T08:10:03Z;magazzino
RDA-20260114;Verifica merce ricevuta;2026-06-26T08:10:03Z;2026-06-26T08:18:45Z;reparto
RDA-20260115;Rileva fabbisogno durante il giro impianti;2026-06-26T07:00:00Z;2026-06-26T07:10:08Z;reparto
RDA-20260115;Invia richiesta all'Ufficio Tecnico;2026-06-26T07:10:08Z;2026-06-26T07:14:52Z;reparto
RDA-20260115;Ricostruisci richiesta e informazioni mancanti;2026-06-26T07:14:52Z;2026-06-26T07:36:44Z;l.conti
RDA-20260115;Invia richiesta ad Acquisti;2026-06-26T07:52:32Z;2026-06-26T07:56:28Z;l.conti
RDA-20260115;Verifica lavorabilità della richiesta;2026-06-26T09:27:16Z;2026-06-26T09:42:37Z;f.neri
RDA-20260115;Seleziona fornitore o richiedi quotazioni;2026-06-26T10:10:01Z;2026-06-26T10:20:22Z;f.neri
RDA-20260115;Emetti ordine al fornitore;2026-06-26T10:49:44Z;2026-06-26T11:01:25Z;f.neri
RDA-20260115;Ricevi merce in magazzino;2026-06-26T11:01:25Z;2026-06-26T11:16:16Z;magazzino
RDA-20260115;Verifica merce ricevuta;2026-06-26T11:16:16Z;2026-06-26T11:24:58Z;reparto
RDA-20260116;Rileva fabbisogno durante il giro impianti;2026-06-26T07:13:09Z;2026-06-26T07:23:14Z;reparto
RDA-20260116;Invia richiesta all'Ufficio Tecnico;2026-06-26T07:23:14Z;2026-06-26T07:29:29Z;reparto
RDA-20260116;Ricostruisci richiesta e informazioni mancanti;2026-06-26T07:36:44Z;2026-06-26T07:52:32Z;l.conti
RDA-20260116;Invia richiesta ad Acquisti;2026-06-26T07:56:28Z;2026-06-26T08:01:53Z;l.conti
RDA-20260116;Verifica lavorabilità della richiesta;2026-06-26T09:42:37Z;2026-06-26T09:51:49Z;f.neri
RDA-20260116;Seleziona fornitore o richiedi quotazioni;2026-06-26T10:20:22Z;2026-06-26T10:38:55Z;f.neri
RDA-20260116;Emetti ordine al fornitore;2026-06-26T11:19:15Z;2026-06-26T11:32:13Z;f.neri
RDA-20260116;Ricevi merce in magazzino;2026-06-26T11:32:13Z;2026-06-26T11:41:24Z;magazzino
RDA-20260116;Verifica merce ricevuta;2026-06-26T11:41:24Z;2026-06-26T11:57:03Z;reparto
RDA-20260117;Rileva fabbisogno durante il giro impianti;2026-06-26T07:38:18Z;2026-06-26T07:50:08Z;reparto
RDA-20260117;Invia richiesta all'Ufficio Tecnico;2026-06-26T07:50:08Z;2026-06-26T07:55:49Z;reparto
RDA-20260117;Ricostruisci richiesta e informazioni mancanti;2026-06-26T08:01:53Z;2026-06-26T08:56:16Z;l.conti
RDA-20260117;Invia richiesta ad Acquisti;2026-06-26T08:56:16Z;2026-06-26T09:00:50Z;l.conti
RDA-20260117;Verifica lavorabilità della richiesta;2026-06-26T10:02:31Z;2026-06-26T10:10:01Z;f.neri
RDA-20260117;Richiedi integrazione della richiesta;2026-06-26T10:38:55Z;2026-06-26T10:49:44Z;f.neri
RDA-20260117;Ricostruisci richiesta e informazioni mancanti;2026-06-26T10:56:42Z;2026-06-26T11:00:36Z;l.conti
RDA-20260117;Invia richiesta ad Acquisti;2026-06-26T11:00:36Z;2026-06-26T11:03:42Z;l.conti
RDA-20260117;Verifica lavorabilità della richiesta;2026-06-26T11:50:30Z;2026-06-26T12:05:11Z;f.neri
RDA-20260117;Richiedi integrazione della richiesta;2026-06-26T12:43:46Z;2026-06-26T12:48:43Z;f.neri
RDA-20260117;Ricostruisci richiesta e informazioni mancanti;2026-06-26T13:15:50Z;2026-06-26T13:19:06Z;l.conti
RDA-20260117;Invia richiesta ad Acquisti;2026-06-26T13:27:28Z;2026-06-26T13:31:33Z;l.conti
RDA-20260117;Verifica lavorabilità della richiesta;2026-06-26T14:03:16Z;2026-06-26T14:11:39Z;f.neri
RDA-20260117;Seleziona fornitore o richiedi quotazioni;2026-06-26T14:25:48Z;2026-06-26T14:44:56Z;f.neri
RDA-20260117;Emetti ordine al fornitore;2026-06-26T14:44:56Z;2026-06-26T14:53:09Z;f.neri
RDA-20260117;Ricevi merce in magazzino;2026-06-26T14:53:09Z;2026-06-29T07:07:21Z;magazzino
RDA-20260117;Verifica merce ricevuta;2026-06-29T07:07:21Z;2026-06-29T07:18:04Z;reparto
RDA-20260118;Rileva fabbisogno durante il giro impianti;2026-06-26T09:21:38Z;2026-06-26T09:28:04Z;reparto
RDA-20260118;Invia richiesta all'Ufficio Tecnico;2026-06-26T09:28:04Z;2026-06-26T09:32:13Z;reparto
RDA-20260118;Ricostruisci richiesta e informazioni mancanti;2026-06-26T09:33:40Z;2026-06-26T10:17:22Z;l.conti
RDA-20260118;Invia richiesta ad Acquisti;2026-06-26T10:28:57Z;2026-06-26T10:34:29Z;l.conti
RDA-20260118;Verifica lavorabilità della richiesta;2026-06-26T11:08:04Z;2026-06-26T11:19:15Z;f.neri
RDA-20260118;Richiedi integrazione della richiesta;2026-06-26T12:16:12Z;2026-06-26T12:22:51Z;f.neri
RDA-20260118;Ricostruisci richiesta e informazioni mancanti;2026-06-26T12:38:08Z;2026-06-26T12:59:19Z;l.conti
RDA-20260118;Invia richiesta ad Acquisti;2026-06-26T13:19:06Z;2026-06-26T13:23:53Z;l.conti
RDA-20260118;Verifica lavorabilità della richiesta;2026-06-26T13:39:53Z;2026-06-26T13:46:34Z;f.neri
RDA-20260118;Richiedi integrazione della richiesta;2026-06-26T14:11:39Z;2026-06-26T14:20:49Z;f.neri
RDA-20260118;Ricostruisci richiesta e informazioni mancanti;2026-06-26T14:20:49Z;2026-06-26T14:43:55Z;l.conti
RDA-20260118;Invia richiesta ad Acquisti;2026-06-26T14:55:19Z;2026-06-26T14:59:25Z;l.conti
RDA-20260118;Verifica lavorabilità della richiesta;2026-06-26T14:59:25Z;2026-06-29T07:09:09Z;f.neri
RDA-20260118;Richiedi integrazione della richiesta;2026-06-29T07:14:47Z;2026-06-29T07:28:13Z;f.neri
RDA-20260118;Ricostruisci richiesta e informazioni mancanti;2026-06-29T07:37:19Z;2026-06-29T07:46:07Z;l.conti
RDA-20260118;Invia richiesta ad Acquisti;2026-06-29T08:04:16Z;2026-06-29T08:11:34Z;l.conti
RDA-20260118;Verifica lavorabilità della richiesta;2026-06-29T08:26:10Z;2026-06-29T08:36:58Z;f.neri
RDA-20260118;Seleziona fornitore o richiedi quotazioni;2026-06-29T09:08:41Z;2026-06-29T09:30:24Z;f.neri
RDA-20260118;Emetti ordine al fornitore;2026-06-29T10:21:59Z;2026-06-29T10:32:32Z;f.neri
RDA-20260118;Ricevi merce in magazzino;2026-06-29T10:32:32Z;2026-06-29T10:45:53Z;magazzino
RDA-20260118;Verifica merce ricevuta;2026-06-29T10:45:53Z;2026-06-29T10:52:48Z;reparto
RDA-20260119;Rileva fabbisogno durante il giro impianti;2026-06-26T09:35:16Z;2026-06-26T09:46:14Z;reparto
RDA-20260119;Invia richiesta all'Ufficio Tecnico;2026-06-26T09:46:14Z;2026-06-26T09:50:03Z;reparto
RDA-20260119;Ricostruisci richiesta e informazioni mancanti;2026-06-26T10:23:05Z;2026-06-26T10:28:57Z;l.conti
RDA-20260119;Invia richiesta ad Acquisti;2026-06-26T10:48:01Z;2026-06-26T10:52:09Z;l.conti
RDA-20260119;Verifica lavorabilità della richiesta;2026-06-26T11:32:13Z;2026-06-26T11:38:53Z;f.neri
RDA-20260119;Richiedi autorizzazione al responsabile;2026-06-26T12:22:51Z;2026-06-26T12:27:33Z;f.neri
RDA-20260119;Autorizza spesa;2026-06-30T14:00:00Z;2026-06-30T14:08:42Z;resp.acquisti
RDA-20260119;Seleziona fornitore o richiedi quotazioni;2026-06-30T14:08:42Z;2026-06-30T14:31:02Z;f.neri
RDA-20260119;Emetti ordine al fornitore;2026-06-30T14:50:47Z;2026-07-01T07:00:21Z;f.neri
RDA-20260119;Ricevi merce in magazzino;2026-07-01T07:00:21Z;2026-07-01T07:08:43Z;magazzino
RDA-20260119;Verifica merce ricevuta;2026-07-01T07:08:43Z;2026-07-01T07:18:51Z;reparto
RDA-20260120;Rileva fabbisogno durante il giro impianti;2026-06-26T09:59:38Z;2026-06-26T10:14:42Z;reparto
RDA-20260120;Invia richiesta all'Ufficio Tecnico;2026-06-26T10:14:42Z;2026-06-26T10:18:33Z;reparto
RDA-20260120;Ricostruisci richiesta e informazioni mancanti;2026-06-26T10:34:29Z;2026-06-26T10:48:01Z;l.conti
RDA-20260120;Invia richiesta ad Acquisti;2026-06-26T10:52:09Z;2026-06-26T10:56:42Z;l.conti
RDA-20260120;Verifica lavorabilità della richiesta;2026-06-26T11:38:53Z;2026-06-26T11:50:30Z;f.neri
RDA-20260120;Richiedi integrazione della richiesta;2026-06-26T12:27:33Z;2026-06-26T12:37:00Z;f.neri
RDA-20260120;Ricostruisci richiesta e informazioni mancanti;2026-06-26T13:04:20Z;2026-06-26T13:15:50Z;l.conti
RDA-20260120;Invia richiesta ad Acquisti;2026-06-26T13:23:53Z;2026-06-26T13:27:28Z;l.conti
RDA-20260120;Verifica lavorabilità della richiesta;2026-06-26T13:53:38Z;2026-06-26T14:03:16Z;f.neri
RDA-20260120;Richiedi autorizzazione al responsabile;2026-06-26T14:20:49Z;2026-06-26T14:25:48Z;f.neri
RDA-20260120;Autorizza spesa;2026-06-30T14:35:25Z;2026-06-30T14:45:40Z;resp.acquisti
RDA-20260120;Seleziona fornitore o richiedi quotazioni;2026-07-01T07:30:09Z;2026-07-01T07:55:30Z;f.neri
RDA-20260120;Emetti ordine al fornitore;2026-07-01T09:07:09Z;2026-07-01T09:17:57Z;f.neri
RDA-20260120;Ricevi merce in magazzino;2026-07-01T09:17:57Z;2026-07-01T09:25:48Z;magazzino
RDA-20260120;Verifica merce ricevuta;2026-07-01T09:25:48Z;2026-07-01T09:39:06Z;reparto
RDA-20260121;Rileva fabbisogno durante il giro impianti;2026-06-26T11:21:44Z;2026-06-26T11:30:57Z;reparto
RDA-20260121;Invia richiesta all'Ufficio Tecnico;2026-06-26T11:30:57Z;2026-06-26T11:37:07Z;reparto
RDA-20260121;Ricostruisci richiesta e informazioni mancanti;2026-06-26T11:37:07Z;2026-06-26T11:49:19Z;l.conti
RDA-20260121;Invia richiesta ad Acquisti;2026-06-26T11:49:19Z;2026-06-26T11:54:52Z;l.conti
RDA-20260121;Verifica lavorabilità della richiesta;2026-06-26T12:37:00Z;2026-06-26T12:43:46Z;f.neri
RDA-20260121;Richiedi autorizzazione al responsabile;2026-06-26T12:57:22Z;2026-06-26T13:00:22Z;f.neri
RDA-20260121;Autorizza spesa;2026-06-30T14:08:42Z;2026-06-30T14:23:32Z;resp.acquisti
RDA-20260121;Seleziona fornitore o richiedi quotazioni;2026-06-30T14:31:02Z;2026-06-30T14:50:47Z;f.neri
RDA-20260121;Emetti ordine al fornitore;2026-07-01T07:55:30Z;2026-07-01T08:07:52Z;f.neri
RDA-20260121;Ricevi merce in magazzino;2026-07-01T08:07:52Z;2026-07-01T08:15:43Z;magazzino
RDA-20260121;Verifica merce ricevuta;2026-07-01T08:15:43Z;2026-07-01T08:28:26Z;reparto
RDA-20260122;Rileva fabbisogno durante il giro impianti;2026-06-26T11:39:34Z;2026-06-26T11:50:29Z;reparto
RDA-20260122;Invia richiesta all'Ufficio Tecnico;2026-06-26T11:50:29Z;2026-06-26T11:53:36Z;reparto
RDA-20260122;Ricostruisci richiesta e informazioni mancanti;2026-06-26T11:54:52Z;2026-06-26T12:17:03Z;l.conti
RDA-20260122;Invia richiesta ad Acquisti;2026-06-26T12:33:00Z;2026-06-26T12:38:08Z;l.conti
RDA-20260122;Verifica lavorabilità della richiesta;2026-06-26T12:48:43Z;2026-06-26T12:57:22Z;f.neri
RDA-20260122;Seleziona fornitore o richiedi quotazioni;2026-06-26T13:00:22Z;2026-06-26T13:18:11Z;f.neri
RDA-20260122;Emetti ordine al fornitore;2026-06-26T13:26:23Z;2026-06-26T13:39:53Z;f.neri
RDA-20260122;Ricevi merce in magazzino;2026-06-26T13:39:53Z;2026-06-26T13:54:41Z;magazzino
RDA-20260122;Verifica merce ricevuta;2026-06-26T13:54:41Z;2026-06-26T14:03:44Z;reparto
RDA-20260123;Rileva fabbisogno durante il giro impianti;2026-06-26T14:05:54Z;2026-06-26T14:17:10Z;reparto
RDA-20260123;Invia richiesta all'Ufficio Tecnico;2026-06-26T14:17:10Z;2026-06-26T14:21:58Z;reparto
RDA-20260123;Ricostruisci richiesta e informazioni mancanti;2026-06-26T14:43:55Z;2026-06-26T14:55:19Z;l.conti
RDA-20260123;Invia richiesta ad Acquisti;2026-06-26T14:59:25Z;2026-06-29T07:05:09Z;l.conti
RDA-20260123;Verifica lavorabilità della richiesta;2026-06-29T07:09:09Z;2026-06-29T07:14:47Z;f.neri
RDA-20260123;Richiedi integrazione della richiesta;2026-06-29T07:28:13Z;2026-06-29T07:43:54Z;f.neri
RDA-20260123;Ricostruisci richiesta e informazioni mancanti;2026-06-29T07:51:42Z;2026-06-29T08:04:16Z;l.conti
RDA-20260123;Invia richiesta ad Acquisti;2026-06-29T08:22:28Z;2026-06-29T08:26:27Z;l.conti
RDA-20260123;Verifica lavorabilità della richiesta;2026-06-29T08:48:45Z;2026-06-29T08:59:49Z;f.neri
RDA-20260123;Seleziona fornitore o richiedi quotazioni;2026-06-29T09:43:32Z;2026-06-29T09:55:33Z;f.neri
RDA-20260123;Emetti ordine al fornitore;2026-06-29T10:42:40Z;2026-06-29T10:48:05Z;f.neri
RDA-20260123;Ricevi merce in magazzino;2026-06-29T10:48:05Z;2026-06-29T11:00:05Z;magazzino
RDA-20260123;Verifica merce ricevuta;2026-06-29T11:00:05Z;2026-06-29T11:09:21Z;reparto
RDA-20260124;Rileva fabbisogno durante il giro impianti;2026-06-29T07:00:00Z;2026-06-29T07:13:17Z;reparto
RDA-20260124;Invia richiesta all'Ufficio Tecnico;2026-06-29T07:13:17Z;2026-06-29T07:17:32Z;reparto
RDA-20260124;Ricostruisci richiesta e informazioni mancanti;2026-06-29T07:17:32Z;2026-06-29T07:21:51Z;l.conti
RDA-20260124;Invia richiesta ad Acquisti;2026-06-29T07:21:51Z;2026-06-29T07:25:33Z;l.conti
RDA-20260124;Verifica lavorabilità della richiesta;2026-06-29T07:43:54Z;2026-06-29T07:49:32Z;f.neri
RDA-20260124;Richiedi integrazione della richiesta;2026-06-29T07:49:32Z;2026-06-29T08:00:57Z;f.neri
RDA-20260124;Ricostruisci richiesta e informazioni mancanti;2026-06-29T08:11:34Z;2026-06-29T08:22:28Z;l.conti
RDA-20260124;Invia richiesta ad Acquisti;2026-06-29T08:26:27Z;2026-06-29T08:32:06Z;l.conti
RDA-20260124;Verifica lavorabilità della richiesta;2026-06-29T08:59:49Z;2026-06-29T09:08:41Z;f.neri
RDA-20260124;Seleziona fornitore o richiedi quotazioni;2026-06-29T09:55:33Z;2026-06-29T10:21:59Z;f.neri
RDA-20260124;Emetti ordine al fornitore;2026-06-29T10:48:05Z;2026-06-29T11:03:06Z;f.neri
RDA-20260124;Ricevi merce in magazzino;2026-06-29T11:03:06Z;2026-06-29T11:08:00Z;magazzino
RDA-20260124;Verifica merce ricevuta;2026-06-29T11:08:00Z;2026-06-29T11:13:01Z;reparto
RDA-20260125;Rileva fabbisogno durante il giro impianti;2026-06-29T07:03:17Z;2026-06-29T07:16:54Z;reparto
RDA-20260125;Invia richiesta all'Ufficio Tecnico;2026-06-29T07:16:54Z;2026-06-29T07:22:16Z;reparto
RDA-20260125;Ricostruisci richiesta e informazioni mancanti;2026-06-29T07:25:33Z;2026-06-29T07:37:19Z;l.conti
RDA-20260125;Invia richiesta ad Acquisti;2026-06-29T07:46:07Z;2026-06-29T07:51:42Z;l.conti
RDA-20260125;Verifica lavorabilità della richiesta;2026-06-29T08:00:57Z;2026-06-29T08:10:28Z;f.neri
RDA-20260125;Seleziona fornitore o richiedi quotazioni;2026-06-29T08:10:28Z;2026-06-29T08:26:10Z;f.neri
RDA-20260125;Emetti ordine al fornitore;2026-06-29T08:36:58Z;2026-06-29T08:48:45Z;f.neri
RDA-20260125;Ricevi merce in magazzino;2026-06-29T08:48:45Z;2026-06-29T08:59:46Z;magazzino
RDA-20260125;Verifica merce ricevuta;2026-06-29T08:59:46Z;2026-06-29T09:03:24Z;reparto
RDA-20260126;Rileva fabbisogno durante il giro impianti;2026-06-29T08:16:18Z;2026-06-29T08:26:19Z;reparto
RDA-20260126;Invia richiesta all'Ufficio Tecnico;2026-06-29T08:26:19Z;2026-06-29T08:30:45Z;reparto
RDA-20260126;Ricostruisci richiesta e informazioni mancanti;2026-06-29T08:32:06Z;2026-06-29T08:37:48Z;l.conti
RDA-20260126;Invia richiesta ad Acquisti;2026-06-29T08:37:48Z;2026-06-29T08:42:30Z;l.conti
RDA-20260126;Verifica lavorabilità della richiesta;2026-06-29T09:30:24Z;2026-06-29T09:43:32Z;f.neri
RDA-20260126;Richiedi integrazione della richiesta;2026-06-29T10:32:32Z;2026-06-29T10:42:40Z;f.neri
RDA-20260126;Ricostruisci richiesta e informazioni mancanti;2026-06-29T10:42:40Z;2026-06-29T11:03:03Z;l.conti
RDA-20260126;Invia richiesta ad Acquisti;2026-06-29T11:03:03Z;2026-06-29T11:06:24Z;l.conti
RDA-20260126;Verifica lavorabilità della richiesta;2026-06-29T11:06:24Z;2026-06-29T11:15:14Z;f.neri
RDA-20260126;Seleziona fornitore o richiedi quotazioni;2026-06-29T11:15:14Z;2026-06-29T11:40:25Z;f.neri
RDA-20260126;Emetti ordine al fornitore;2026-06-29T11:49:50Z;2026-06-29T12:02:41Z;f.neri
RDA-20260126;Ricevi merce in magazzino;2026-06-29T12:02:41Z;2026-06-29T12:13:26Z;magazzino
RDA-20260126;Verifica merce ricevuta;2026-06-29T12:13:26Z;2026-06-29T12:16:15Z;reparto
RDA-20260127;Rileva fabbisogno durante il giro impianti;2026-06-29T10:49:21Z;2026-06-29T11:03:03Z;reparto
RDA-20260127;Invia richiesta all'Ufficio Tecnico;2026-06-29T11:03:03Z;2026-06-29T11:07:11Z;reparto
RDA-20260127;Ricostruisci richiesta e informazioni mancanti;2026-06-29T11:07:11Z;2026-06-29T11:30:06Z;l.conti
RDA-20260127;Invia richiesta ad Acquisti;2026-06-29T11:30:06Z;2026-06-29T11:35:32Z;l.conti
RDA-20260127;Verifica lavorabilità della richiesta;2026-06-29T11:40:25Z;2026-06-29T11:49:50Z;f.neri
RDA-20260127;Seleziona fornitore o richiedi quotazioni;2026-06-29T12:02:41Z;2026-06-29T12:33:01Z;f.neri
RDA-20260127;Emetti ordine al fornitore;2026-06-29T12:33:01Z;2026-06-29T12:42:21Z;f.neri
RDA-20260127;Ricevi merce in magazzino;2026-06-29T12:42:21Z;2026-06-29T12:48:57Z;magazzino
RDA-20260127;Verifica merce ricevuta;2026-06-29T12:48:57Z;2026-06-29T12:54:51Z;reparto
RDA-20260128;Rileva fabbisogno durante il giro impianti;2026-06-30T07:00:00Z;2026-06-30T07:15:32Z;reparto
RDA-20260128;Invia richiesta all'Ufficio Tecnico;2026-06-30T07:15:32Z;2026-06-30T07:21:18Z;reparto
RDA-20260128;Ricostruisci richiesta e informazioni mancanti;2026-06-30T07:21:18Z;2026-06-30T07:36:47Z;l.conti
RDA-20260128;Invia richiesta ad Acquisti;2026-06-30T07:36:47Z;2026-06-30T07:43:19Z;l.conti
RDA-20260128;Verifica lavorabilità della richiesta;2026-06-30T07:43:19Z;2026-06-30T07:55:51Z;f.neri
RDA-20260128;Richiedi autorizzazione al responsabile;2026-06-30T07:55:51Z;2026-06-30T08:01:33Z;f.neri
RDA-20260128;Autorizza spesa;2026-06-30T14:45:40Z;2026-06-30T14:58:20Z;resp.acquisti
RDA-20260128;Seleziona fornitore o richiedi quotazioni;2026-07-01T08:07:52Z;2026-07-01T08:25:53Z;f.neri
RDA-20260128;Emetti ordine al fornitore;2026-07-01T09:22:30Z;2026-07-01T09:36:19Z;f.neri
RDA-20260128;Ricevi merce in magazzino;2026-07-01T09:36:19Z;2026-07-01T09:46:11Z;magazzino
RDA-20260128;Verifica merce ricevuta;2026-07-01T09:46:11Z;2026-07-01T10:00:20Z;reparto
RDA-20260129;Rileva fabbisogno durante il giro impianti;2026-06-30T07:30:46Z;2026-06-30T07:45:12Z;reparto
RDA-20260129;Invia richiesta all'Ufficio Tecnico;2026-06-30T07:45:12Z;2026-06-30T07:49:52Z;reparto
RDA-20260129;Ricostruisci richiesta e informazioni mancanti;2026-06-30T07:49:52Z;2026-06-30T07:57:23Z;l.conti
RDA-20260129;Invia richiesta ad Acquisti;2026-06-30T07:57:23Z;2026-06-30T08:01:57Z;l.conti
RDA-20260129;Verifica lavorabilità della richiesta;2026-06-30T08:01:57Z;2026-06-30T08:10:53Z;f.neri
RDA-20260129;Richiedi autorizzazione al responsabile;2026-06-30T08:10:53Z;2026-06-30T08:16:03Z;f.neri
RDA-20260129;Autorizza spesa;2026-06-30T14:58:20Z;2026-07-02T14:08:12Z;resp.acquisti
RDA-20260129;Seleziona fornitore o richiedi quotazioni;2026-07-02T14:13:38Z;2026-07-02T14:28:38Z;f.neri
RDA-20260129;Emetti ordine al fornitore;2026-07-03T07:39:53Z;2026-07-03T07:48:44Z;f.neri
RDA-20260129;Ricevi merce in magazzino;2026-07-03T07:48:44Z;2026-07-03T08:00:20Z;magazzino
RDA-20260129;Verifica merce ricevuta;2026-07-03T08:00:20Z;2026-07-03T08:08:20Z;reparto
RDA-20260130;Rileva fabbisogno durante il giro impianti;2026-06-30T07:48:33Z;2026-06-30T07:59:42Z;reparto
RDA-20260130;Invia richiesta all'Ufficio Tecnico;2026-06-30T07:59:42Z;2026-06-30T08:05:44Z;reparto
RDA-20260130;Ricostruisci richiesta e informazioni mancanti;2026-06-30T08:05:44Z;2026-06-30T08:21:53Z;l.conti
RDA-20260130;Invia richiesta ad Acquisti;2026-06-30T08:21:53Z;2026-06-30T08:28:07Z;l.conti
RDA-20260130;Verifica lavorabilità della richiesta;2026-06-30T08:28:07Z;2026-06-30T08:38:32Z;f.neri
RDA-20260130;Richiedi integrazione della richiesta;2026-06-30T08:38:32Z;2026-06-30T08:49:31Z;f.neri
RDA-20260130;Ricostruisci richiesta e informazioni mancanti;2026-06-30T08:49:31Z;2026-06-30T09:01:51Z;l.conti
RDA-20260130;Invia richiesta ad Acquisti;2026-06-30T09:01:51Z;2026-06-30T09:07:21Z;l.conti
RDA-20260130;Verifica lavorabilità della richiesta;2026-06-30T09:07:21Z;2026-06-30T09:15:18Z;f.neri
RDA-20260130;Richiedi integrazione della richiesta;2026-06-30T09:15:18Z;2026-06-30T09:19:45Z;f.neri
RDA-20260130;Ricostruisci richiesta e informazioni mancanti;2026-06-30T09:19:45Z;2026-06-30T09:58:42Z;l.conti
RDA-20260130;Invia richiesta ad Acquisti;2026-06-30T09:58:42Z;2026-06-30T10:05:35Z;l.conti
RDA-20260130;Verifica lavorabilità della richiesta;2026-06-30T10:05:35Z;2026-06-30T10:14:43Z;f.neri
RDA-20260130;Richiedi integrazione della richiesta;2026-06-30T10:14:43Z;2026-06-30T10:21:15Z;f.neri
RDA-20260130;Ricostruisci richiesta e informazioni mancanti;2026-06-30T10:21:15Z;2026-06-30T10:32:41Z;l.conti
RDA-20260130;Invia richiesta ad Acquisti;2026-06-30T10:32:41Z;2026-06-30T10:37:44Z;l.conti
RDA-20260130;Verifica lavorabilità della richiesta;2026-06-30T10:37:44Z;2026-06-30T10:52:34Z;f.neri
RDA-20260130;Seleziona fornitore o richiedi quotazioni;2026-06-30T10:52:34Z;2026-06-30T11:20:03Z;f.neri
RDA-20260130;Emetti ordine al fornitore;2026-06-30T11:20:03Z;2026-06-30T11:28:28Z;f.neri
RDA-20260130;Ricevi merce in magazzino;2026-06-30T11:28:28Z;2026-06-30T11:38:05Z;magazzino
RDA-20260130;Verifica merce ricevuta;2026-06-30T11:38:05Z;2026-06-30T11:46:02Z;reparto
RDA-20260131;Rileva fabbisogno durante il giro impianti;2026-06-30T11:09:29Z;2026-06-30T11:21:10Z;reparto
RDA-20260131;Invia richiesta all'Ufficio Tecnico;2026-06-30T11:21:10Z;2026-06-30T11:24:19Z;reparto
RDA-20260131;Ricostruisci richiesta e informazioni mancanti;2026-06-30T11:24:19Z;2026-06-30T11:38:54Z;l.conti
RDA-20260131;Invia richiesta ad Acquisti;2026-06-30T11:38:54Z;2026-06-30T11:44:43Z;l.conti
RDA-20260131;Verifica lavorabilità della richiesta;2026-06-30T11:44:43Z;2026-06-30T11:49:11Z;f.neri
RDA-20260131;Richiedi integrazione della richiesta;2026-06-30T11:49:11Z;2026-06-30T11:57:22Z;f.neri
RDA-20260131;Ricostruisci richiesta e informazioni mancanti;2026-06-30T11:57:22Z;2026-06-30T12:01:54Z;l.conti
RDA-20260131;Invia richiesta ad Acquisti;2026-06-30T12:01:54Z;2026-06-30T12:07:17Z;l.conti
RDA-20260131;Verifica lavorabilità della richiesta;2026-06-30T12:07:17Z;2026-06-30T12:15:38Z;f.neri
RDA-20260131;Richiedi integrazione della richiesta;2026-06-30T12:15:38Z;2026-06-30T12:24:31Z;f.neri
RDA-20260131;Ricostruisci richiesta e informazioni mancanti;2026-06-30T12:24:31Z;2026-06-30T12:32:33Z;l.conti
RDA-20260131;Invia richiesta ad Acquisti;2026-06-30T12:32:33Z;2026-06-30T12:37:22Z;l.conti
RDA-20260131;Verifica lavorabilità della richiesta;2026-06-30T12:37:22Z;2026-06-30T12:48:43Z;f.neri
RDA-20260131;Richiedi autorizzazione al responsabile;2026-06-30T12:48:43Z;2026-06-30T12:56:31Z;f.neri
RDA-20260131;Autorizza spesa;2026-07-02T14:08:12Z;2026-07-02T14:15:17Z;resp.acquisti
RDA-20260131;Seleziona fornitore o richiedi quotazioni;2026-07-02T14:39:07Z;2026-07-03T07:09:30Z;f.neri
RDA-20260131;Emetti ordine al fornitore;2026-07-03T08:58:55Z;2026-07-03T09:13:53Z;f.neri
RDA-20260131;Ricevi merce in magazzino;2026-07-03T09:13:53Z;2026-07-03T09:28:10Z;magazzino
RDA-20260131;Verifica merce ricevuta;2026-07-03T09:28:10Z;2026-07-03T09:36:54Z;reparto
RDA-20260132;Rileva fabbisogno durante il giro impianti;2026-06-30T14:59:47Z;2026-07-01T07:07:37Z;reparto
RDA-20260132;Invia richiesta all'Ufficio Tecnico;2026-07-01T07:07:37Z;2026-07-01T07:13:32Z;reparto
RDA-20260132;Ricostruisci richiesta e informazioni mancanti;2026-07-01T07:13:32Z;2026-07-01T07:20:35Z;l.conti
RDA-20260132;Invia richiesta ad Acquisti;2026-07-01T07:41:39Z;2026-07-01T07:46:04Z;l.conti
RDA-20260132;Verifica lavorabilità della richiesta;2026-07-01T08:40:21Z;2026-07-01T08:52:08Z;f.neri
RDA-20260132;Richiedi integrazione della richiesta;2026-07-01T09:36:19Z;2026-07-01T09:47:48Z;f.neri
RDA-20260132;Ricostruisci richiesta e informazioni mancanti;2026-07-01T09:47:48Z;2026-07-01T10:10:05Z;l.conti
RDA-20260132;Invia richiesta ad Acquisti;2026-07-01T10:10:05Z;2026-07-01T10:15:05Z;l.conti
RDA-20260132;Verifica lavorabilità della richiesta;2026-07-01T10:31:44Z;2026-07-01T10:45:56Z;f.neri
RDA-20260132;Seleziona fornitore o richiedi quotazioni;2026-07-01T10:45:56Z;2026-07-01T10:56:24Z;f.neri
RDA-20260132;Emetti ordine al fornitore;2026-07-01T10:56:24Z;2026-07-01T11:03:32Z;f.neri
RDA-20260132;Ricevi merce in magazzino;2026-07-01T11:03:32Z;2026-07-01T11:13:50Z;magazzino
RDA-20260132;Verifica merce ricevuta;2026-07-01T11:13:50Z;2026-07-01T11:26:41Z;reparto
RDA-20260133;Rileva fabbisogno durante il giro impianti;2026-07-01T07:00:00Z;2026-07-01T07:09:21Z;reparto
RDA-20260133;Invia richiesta all'Ufficio Tecnico;2026-07-01T07:09:21Z;2026-07-01T07:15:09Z;reparto
RDA-20260133;Ricostruisci richiesta e informazioni mancanti;2026-07-01T07:20:35Z;2026-07-01T07:41:39Z;l.conti
RDA-20260133;Invia richiesta ad Acquisti;2026-07-01T07:46:04Z;2026-07-01T07:51:59Z;l.conti
RDA-20260133;Verifica lavorabilità della richiesta;2026-07-01T08:52:08Z;2026-07-01T09:07:09Z;f.neri
RDA-20260133;Seleziona fornitore o richiedi quotazioni;2026-07-01T09:47:48Z;2026-07-01T10:13:35Z;f.neri
RDA-20260133;Emetti ordine al fornitore;2026-07-01T10:18:29Z;2026-07-01T10:31:44Z;f.neri
RDA-20260133;Ricevi merce in magazzino;2026-07-01T10:31:44Z;2026-07-01T10:41:35Z;magazzino
RDA-20260133;Verifica merce ricevuta;2026-07-01T10:41:35Z;2026-07-01T10:52:33Z;reparto
RDA-20260134;Rileva fabbisogno durante il giro impianti;2026-07-01T07:55:55Z;2026-07-01T08:02:04Z;reparto
RDA-20260134;Invia richiesta all'Ufficio Tecnico;2026-07-01T08:02:04Z;2026-07-01T08:08:22Z;reparto
RDA-20260134;Ricostruisci richiesta e informazioni mancanti;2026-07-01T08:08:22Z;2026-07-01T08:13:42Z;l.conti
RDA-20260134;Invia richiesta ad Acquisti;2026-07-01T08:13:42Z;2026-07-01T08:17:27Z;l.conti
RDA-20260134;Verifica lavorabilità della richiesta;2026-07-01T09:17:57Z;2026-07-01T09:22:30Z;f.neri
RDA-20260134;Richiedi integrazione della richiesta;2026-07-01T10:13:35Z;2026-07-01T10:18:29Z;f.neri
RDA-20260134;Ricostruisci richiesta e informazioni mancanti;2026-07-01T10:40:44Z;2026-07-01T11:01:11Z;l.conti
RDA-20260134;Invia richiesta ad Acquisti;2026-07-01T11:06:32Z;2026-07-01T11:13:13Z;l.conti
RDA-20260134;Verifica lavorabilità della richiesta;2026-07-01T11:22:07Z;2026-07-01T11:39:25Z;f.neri
RDA-20260134;Richiedi integrazione della richiesta;2026-07-01T11:45:34Z;2026-07-01T11:56:02Z;f.neri
RDA-20260134;Ricostruisci richiesta e informazioni mancanti;2026-07-01T11:56:02Z;2026-07-01T12:06:16Z;l.conti
RDA-20260134;Invia richiesta ad Acquisti;2026-07-01T12:06:16Z;2026-07-01T12:11:55Z;l.conti
RDA-20260134;Verifica lavorabilità della richiesta;2026-07-01T12:11:55Z;2026-07-01T12:24:08Z;f.neri
RDA-20260134;Richiedi integrazione della richiesta;2026-07-01T12:24:08Z;2026-07-01T12:35:00Z;f.neri
RDA-20260134;Ricostruisci richiesta e informazioni mancanti;2026-07-01T12:35:00Z;2026-07-01T12:51:05Z;l.conti
RDA-20260134;Invia richiesta ad Acquisti;2026-07-01T12:51:05Z;2026-07-01T12:55:12Z;l.conti
RDA-20260134;Verifica lavorabilità della richiesta;2026-07-01T12:55:12Z;2026-07-01T13:06:28Z;f.neri
RDA-20260134;Seleziona fornitore o richiedi quotazioni;2026-07-01T13:06:28Z;2026-07-01T13:18:46Z;f.neri
RDA-20260134;Emetti ordine al fornitore;2026-07-01T13:18:46Z;2026-07-01T13:33:55Z;f.neri
RDA-20260134;Ricevi merce in magazzino;2026-07-01T13:33:55Z;2026-07-01T13:41:08Z;magazzino
RDA-20260134;Verifica merce ricevuta;2026-07-01T13:41:08Z;2026-07-01T13:52:25Z;reparto
RDA-20260135;Rileva fabbisogno durante il giro impianti;2026-07-01T09:57:52Z;2026-07-01T10:08:27Z;reparto
RDA-20260135;Invia richiesta all'Ufficio Tecnico;2026-07-01T10:08:27Z;2026-07-01T10:13:39Z;reparto
RDA-20260135;Ricostruisci richiesta e informazioni mancanti;2026-07-01T10:15:05Z;2026-07-01T10:40:44Z;l.conti
RDA-20260135;Invia richiesta ad Acquisti;2026-07-01T11:01:11Z;2026-07-01T11:06:32Z;l.conti
RDA-20260135;Verifica lavorabilità della richiesta;2026-07-01T11:06:32Z;2026-07-01T11:08:29Z;f.neri
RDA-20260135;Seleziona fornitore o richiedi quotazioni;2026-07-01T11:08:29Z;2026-07-01T11:22:07Z;f.neri
RDA-20260135;Emetti ordine al fornitore;2026-07-01T11:39:25Z;2026-07-01T11:45:34Z;f.neri
RDA-20260135;Ricevi merce in magazzino;2026-07-01T11:45:34Z;2026-07-01T11:55:47Z;magazzino
RDA-20260135;Verifica merce ricevuta;2026-07-01T11:55:47Z;2026-07-01T12:11:40Z;reparto
RDA-20260136;Rileva fabbisogno durante il giro impianti;2026-07-01T12:57:03Z;2026-07-01T13:08:07Z;reparto
RDA-20260136;Invia richiesta all'Ufficio Tecnico;2026-07-01T13:08:07Z;2026-07-01T13:13:13Z;reparto
RDA-20260136;Ricostruisci richiesta e informazioni mancanti;2026-07-01T13:13:13Z;2026-07-01T13:23:16Z;l.conti
RDA-20260136;Invia richiesta ad Acquisti;2026-07-01T13:23:16Z;2026-07-01T13:27:34Z;l.conti
RDA-20260136;Verifica lavorabilità della richiesta;2026-07-01T13:33:55Z;2026-07-01T13:47:21Z;f.neri
RDA-20260136;Richiedi integrazione della richiesta;2026-07-01T13:47:21Z;2026-07-01T13:57:55Z;f.neri
RDA-20260136;Ricostruisci richiesta e informazioni mancanti;2026-07-01T13:57:55Z;2026-07-01T14:03:29Z;l.conti
RDA-20260136;Invia richiesta ad Acquisti;2026-07-01T14:03:29Z;2026-07-01T14:08:52Z;l.conti
RDA-20260136;Verifica lavorabilità della richiesta;2026-07-01T14:19:54Z;2026-07-01T14:30:43Z;f.neri
RDA-20260136;Richiedi integrazione della richiesta;2026-07-01T14:30:43Z;2026-07-01T14:40:40Z;f.neri
RDA-20260136;Ricostruisci richiesta e informazioni mancanti;2026-07-01T14:40:40Z;2026-07-01T14:46:04Z;l.conti
RDA-20260136;Invia richiesta ad Acquisti;2026-07-01T14:46:04Z;2026-07-01T14:50:05Z;l.conti
RDA-20260136;Verifica lavorabilità della richiesta;2026-07-01T14:52:14Z;2026-07-02T07:04:59Z;f.neri
RDA-20260136;Richiedi integrazione della richiesta;2026-07-02T07:19:03Z;2026-07-02T07:29:04Z;f.neri
RDA-20260136;Ricostruisci richiesta e informazioni mancanti;2026-07-02T08:06:54Z;2026-07-02T08:13:47Z;l.conti
RDA-20260136;Invia richiesta ad Acquisti;2026-07-02T08:24:08Z;2026-07-02T08:29:03Z;l.conti
RDA-20260136;Verifica lavorabilità della richiesta;2026-07-02T08:48:25Z;2026-07-02T08:59:52Z;f.neri
RDA-20260136;Richiedi autorizzazione al responsabile;2026-07-02T09:11:48Z;2026-07-02T09:14:42Z;f.neri
RDA-20260136;Autorizza spesa;2026-07-02T14:21:30Z;2026-07-02T14:27:10Z;resp.acquisti
RDA-20260136;Seleziona fornitore o richiedi quotazioni;2026-07-03T07:22:42Z;2026-07-03T07:39:53Z;f.neri
RDA-20260136;Emetti ordine al fornitore;2026-07-03T09:34:00Z;2026-07-03T09:48:58Z;f.neri
RDA-20260136;Ricevi merce in magazzino;2026-07-03T09:48:58Z;2026-07-03T09:55:20Z;magazzino
RDA-20260136;Verifica merce ricevuta;2026-07-03T09:55:20Z;2026-07-03T10:07:42Z;reparto
RDA-20260137;Rileva fabbisogno durante il giro impianti;2026-07-01T13:14:44Z;2026-07-01T13:25:04Z;reparto
RDA-20260137;Invia richiesta all'Ufficio Tecnico;2026-07-01T13:25:04Z;2026-07-01T13:29:46Z;reparto
RDA-20260137;Ricostruisci richiesta e informazioni mancanti;2026-07-01T13:29:46Z;2026-07-01T13:48:31Z;l.conti
RDA-20260137;Invia richiesta ad Acquisti;2026-07-01T13:48:31Z;2026-07-01T13:54:20Z;l.conti
RDA-20260137;Verifica lavorabilità della richiesta;2026-07-01T13:57:55Z;2026-07-01T14:08:12Z;f.neri
RDA-20260137;Richiedi integrazione della richiesta;2026-07-01T14:08:12Z;2026-07-01T14:19:54Z;f.neri
RDA-20260137;Ricostruisci richiesta e informazioni mancanti;2026-07-01T14:19:54Z;2026-07-01T14:26:54Z;l.conti
RDA-20260137;Invia richiesta ad Acquisti;2026-07-01T14:26:54Z;2026-07-01T14:33:09Z;l.conti
RDA-20260137;Verifica lavorabilità della richiesta;2026-07-01T14:40:40Z;2026-07-01T14:52:14Z;f.neri
RDA-20260137;Richiedi integrazione della richiesta;2026-07-02T07:04:59Z;2026-07-02T07:19:03Z;f.neri
RDA-20260137;Ricostruisci richiesta e informazioni mancanti;2026-07-02T07:32:02Z;2026-07-02T08:00:46Z;l.conti
RDA-20260137;Invia richiesta ad Acquisti;2026-07-02T08:17:56Z;2026-07-02T08:24:08Z;l.conti
RDA-20260137;Verifica lavorabilità della richiesta;2026-07-02T08:32:35Z;2026-07-02T08:48:25Z;f.neri
RDA-20260137;Richiedi autorizzazione al responsabile;2026-07-02T09:07:10Z;2026-07-02T09:11:48Z;f.neri
RDA-20260137;Autorizza spesa;2026-07-02T14:15:17Z;2026-07-02T14:21:30Z;resp.acquisti
RDA-20260137;Seleziona fornitore o richiedi quotazioni;2026-07-03T07:09:30Z;2026-07-03T07:22:42Z;f.neri
RDA-20260137;Emetti ordine al fornitore;2026-07-03T09:13:53Z;2026-07-03T09:23:10Z;f.neri
RDA-20260137;Ricevi merce in magazzino;2026-07-03T09:28:10Z;2026-07-03T09:41:28Z;magazzino
RDA-20260137;Verifica merce ricevuta;2026-07-03T09:41:28Z;2026-07-03T09:45:30Z;reparto
RDA-20260138;Rileva fabbisogno durante il giro impianti;2026-07-01T14:59:43Z;2026-07-02T07:07:01Z;reparto
RDA-20260138;Invia richiesta all'Ufficio Tecnico;2026-07-02T07:07:01Z;2026-07-02T07:12:47Z;reparto
RDA-20260138;Ricostruisci richiesta e informazioni mancanti;2026-07-02T07:12:47Z;2026-07-02T07:27:01Z;l.conti
RDA-20260138;Invia richiesta ad Acquisti;2026-07-02T08:00:46Z;2026-07-02T08:06:54Z;l.conti
RDA-20260138;Verifica lavorabilità della richiesta;2026-07-02T08:06:54Z;2026-07-02T08:15:07Z;f.neri
RDA-20260138;Richiedi integrazione della richiesta;2026-07-02T08:15:07Z;2026-07-02T08:20:25Z;f.neri
RDA-20260138;Ricostruisci richiesta e informazioni mancanti;2026-07-02T08:29:03Z;2026-07-02T08:35:33Z;l.conti
RDA-20260138;Invia richiesta ad Acquisti;2026-07-02T09:09:25Z;2026-07-02T09:14:34Z;l.conti
RDA-20260138;Verifica lavorabilità della richiesta;2026-07-02T09:14:42Z;2026-07-02T09:27:03Z;f.neri
RDA-20260138;Richiedi integrazione della richiesta;2026-07-02T09:27:03Z;2026-07-02T09:36:27Z;f.neri
RDA-20260138;Ricostruisci richiesta e informazioni mancanti;2026-07-02T10:18:47Z;2026-07-02T10:38:20Z;l.conti
RDA-20260138;Invia richiesta ad Acquisti;2026-07-02T10:53:28Z;2026-07-02T10:57:47Z;l.conti
RDA-20260138;Verifica lavorabilità della richiesta;2026-07-02T11:29:03Z;2026-07-02T11:35:28Z;f.neri
RDA-20260138;Seleziona fornitore o richiedi quotazioni;2026-07-02T12:05:15Z;2026-07-02T12:27:15Z;f.neri
RDA-20260138;Emetti ordine al fornitore;2026-07-02T12:48:12Z;2026-07-02T12:57:32Z;f.neri
RDA-20260138;Ricevi merce in magazzino;2026-07-02T12:57:32Z;2026-07-02T13:09:35Z;magazzino
RDA-20260138;Verifica merce ricevuta;2026-07-02T13:09:35Z;2026-07-02T13:26:00Z;reparto
RDA-20260139;Rileva fabbisogno durante il giro impianti;2026-07-02T07:00:00Z;2026-07-02T07:09:31Z;reparto
RDA-20260139;Invia richiesta all'Ufficio Tecnico;2026-07-02T07:09:31Z;2026-07-02T07:13:49Z;reparto
RDA-20260139;Ricostruisci richiesta e informazioni mancanti;2026-07-02T07:27:01Z;2026-07-02T07:32:02Z;l.conti
RDA-20260139;Invia richiesta ad Acquisti;2026-07-02T08:13:47Z;2026-07-02T08:17:56Z;l.conti
RDA-20260139;Verifica lavorabilità della richiesta;2026-07-02T08:20:25Z;2026-07-02T08:32:35Z;f.neri
RDA-20260139;Richiedi integrazione della richiesta;2026-07-02T08:59:52Z;2026-07-02T09:07:10Z;f.neri
RDA-20260139;Ricostruisci richiesta e informazioni mancanti;2026-07-02T09:45:52Z;2026-07-02T09:57:16Z;l.conti
RDA-20260139;Invia richiesta ad Acquisti;2026-07-02T10:44:21Z;2026-07-02T10:49:11Z;l.conti
RDA-20260139;Verifica lavorabilità della richiesta;2026-07-02T10:57:33Z;2026-07-02T11:06:57Z;f.neri
RDA-20260139;Richiedi integrazione della richiesta;2026-07-02T11:35:28Z;2026-07-02T11:46:31Z;f.neri
RDA-20260139;Ricostruisci richiesta e informazioni mancanti;2026-07-02T11:49:22Z;2026-07-02T11:54:21Z;l.conti
RDA-20260139;Invia richiesta ad Acquisti;2026-07-02T12:00:28Z;2026-07-02T12:04:54Z;l.conti
RDA-20260139;Verifica lavorabilità della richiesta;2026-07-02T12:41:43Z;2026-07-02T12:48:12Z;f.neri
RDA-20260139;Richiedi integrazione della richiesta;2026-07-02T13:01:28Z;2026-07-02T13:12:09Z;f.neri
RDA-20260139;Ricostruisci richiesta e informazioni mancanti;2026-07-02T13:50:29Z;2026-07-02T14:09:43Z;l.conti
RDA-20260139;Invia richiesta ad Acquisti;2026-07-03T07:30:50Z;2026-07-03T07:35:58Z;l.conti
RDA-20260139;Verifica lavorabilità della richiesta;2026-07-03T09:23:10Z;2026-07-03T09:34:00Z;f.neri
RDA-20260139;Richiedi integrazione della richiesta;2026-07-03T11:41:29Z;2026-07-03T11:55:38Z;f.neri
RDA-20260139;Ricostruisci richiesta e informazioni mancanti;2026-07-03T11:55:38Z;2026-07-03T12:10:12Z;l.conti
RDA-20260139;Invia richiesta ad Acquisti;2026-07-03T12:10:12Z;2026-07-03T12:14:58Z;l.conti
RDA-20260139;Verifica lavorabilità della richiesta;2026-07-03T13:59:24Z;2026-07-03T14:08:57Z;f.neri
RDA-20260139;Seleziona fornitore o richiedi quotazioni;2026-07-06T07:48:00Z;2026-07-06T08:13:09Z;f.neri
RDA-20260139;Emetti ordine al fornitore;2026-07-06T09:08:03Z;2026-07-06T09:17:56Z;f.neri
RDA-20260139;Ricevi merce in magazzino;2026-07-06T09:17:56Z;2026-07-06T09:28:41Z;magazzino
RDA-20260139;Verifica merce ricevuta;2026-07-06T09:28:41Z;2026-07-06T09:38:32Z;reparto
RDA-20260140;Rileva fabbisogno durante il giro impianti;2026-07-02T08:16:35Z;2026-07-02T08:28:40Z;reparto
RDA-20260140;Invia richiesta all'Ufficio Tecnico;2026-07-02T08:28:40Z;2026-07-02T08:35:24Z;reparto
RDA-20260140;Ricostruisci richiesta e informazioni mancanti;2026-07-02T08:35:33Z;2026-07-02T09:09:25Z;l.conti
RDA-20260140;Invia richiesta ad Acquisti;2026-07-02T09:57:16Z;2026-07-02T10:02:27Z;l.conti
RDA-20260140;Verifica lavorabilità della richiesta;2026-07-02T10:02:27Z;2026-07-02T10:13:56Z;f.neri
RDA-20260140;Richiedi autorizzazione al responsabile;2026-07-02T10:13:56Z;2026-07-02T10:19:17Z;f.neri
RDA-20260140;Autorizza spesa;2026-07-02T14:27:10Z;2026-07-02T14:45:09Z;resp.acquisti
RDA-20260140;Seleziona fornitore o richiedi quotazioni;2026-07-03T08:10:16Z;2026-07-03T08:34:17Z;f.neri
RDA-20260140;Emetti ordine al fornitore;2026-07-03T10:41:29Z;2026-07-03T10:50:50Z;f.neri
RDA-20260140;Ricevi merce in magazzino;2026-07-03T10:50:50Z;2026-07-03T10:55:15Z;magazzino
RDA-20260140;Verifica merce ricevuta;2026-07-03T10:55:15Z;2026-07-03T11:04:32Z;reparto
RDA-20260141;Rileva fabbisogno durante il giro impianti;2026-07-02T08:33:52Z;2026-07-02T08:47:39Z;reparto
RDA-20260141;Invia richiesta all'Ufficio Tecnico;2026-07-02T08:47:39Z;2026-07-02T08:52:12Z;reparto
RDA-20260141;Ricostruisci richiesta e informazioni mancanti;2026-07-02T09:14:34Z;2026-07-02T09:32:02Z;l.conti
RDA-20260141;Invia richiesta ad Acquisti;2026-07-02T10:13:09Z;2026-07-02T10:18:47Z;l.conti
RDA-20260141;Verifica lavorabilità della richiesta;2026-07-02T10:19:17Z;2026-07-02T10:30:43Z;f.neri
RDA-20260141;Richiedi integrazione della richiesta;2026-07-02T10:30:43Z;2026-07-02T10:40:12Z;f.neri
RDA-20260141;Ricostruisci richiesta e informazioni mancanti;2026-07-02T10:57:47Z;2026-07-02T11:09:14Z;l.conti
RDA-20260141;Invia richiesta ad Acquisti;2026-07-02T11:09:14Z;2026-07-02T11:13:39Z;l.conti
RDA-20260141;Verifica lavorabilità della richiesta;2026-07-02T11:46:31Z;2026-07-02T11:53:33Z;f.neri
RDA-20260141;Richiedi autorizzazione al responsabile;2026-07-02T12:27:15Z;2026-07-02T12:32:30Z;f.neri
RDA-20260141;Autorizza spesa;2026-07-02T14:45:09Z;2026-07-02T14:57:08Z;resp.acquisti
RDA-20260141;Seleziona fornitore o richiedi quotazioni;2026-07-03T08:34:17Z;2026-07-03T08:51:39Z;f.neri
RDA-20260141;Emetti ordine al fornitore;2026-07-03T10:50:50Z;2026-07-03T10:58:39Z;f.neri
RDA-20260141;Ricevi merce in magazzino;2026-07-03T10:58:39Z;2026-07-03T11:09:38Z;magazzino
RDA-20260141;Verifica merce ricevuta;2026-07-03T11:09:38Z;2026-07-03T11:19:38Z;reparto
RDA-20260142;Rileva fabbisogno durante il giro impianti;2026-07-02T08:37:20Z;2026-07-02T08:51:03Z;reparto
RDA-20260142;Invia richiesta all'Ufficio Tecnico;2026-07-02T08:51:03Z;2026-07-02T08:55:10Z;reparto
RDA-20260142;Ricostruisci richiesta e informazioni mancanti;2026-07-02T09:32:02Z;2026-07-02T09:45:52Z;l.conti
RDA-20260142;Invia richiesta ad Acquisti;2026-07-02T10:38:20Z;2026-07-02T10:44:21Z;l.conti
RDA-20260142;Verifica lavorabilità della richiesta;2026-07-02T10:44:21Z;2026-07-02T10:57:33Z;f.neri
RDA-20260142;Richiedi integrazione della richiesta;2026-07-02T11:16:29Z;2026-07-02T11:29:03Z;f.neri
RDA-20260142;Ricostruisci richiesta e informazioni mancanti;2026-07-02T11:29:03Z;2026-07-02T11:49:22Z;l.conti
RDA-20260142;Invia richiesta ad Acquisti;2026-07-02T11:54:21Z;2026-07-02T12:00:28Z;l.conti
RDA-20260142;Verifica lavorabilità della richiesta;2026-07-02T12:32:30Z;2026-07-02T12:41:43Z;f.neri
RDA-20260142;Richiedi autorizzazione al responsabile;2026-07-02T12:57:32Z;2026-07-02T13:01:28Z;f.neri
RDA-20260142;Autorizza spesa;2026-07-02T14:57:08Z;2026-07-07T14:09:00Z;resp.acquisti
RDA-20260142;Seleziona fornitore o richiedi quotazioni;2026-07-07T14:09:00Z;2026-07-07T14:32:08Z;f.neri
RDA-20260142;Emetti ordine al fornitore;2026-07-08T07:27:30Z;2026-07-08T07:38:32Z;f.neri
RDA-20260142;Ricevi merce in magazzino;2026-07-08T07:38:32Z;2026-07-08T07:44:37Z;magazzino
RDA-20260142;Verifica merce ricevuta;2026-07-08T07:44:37Z;2026-07-08T07:53:54Z;reparto
RDA-20260143;Rileva fabbisogno durante il giro impianti;2026-07-02T09:09:05Z;2026-07-02T09:19:24Z;reparto
RDA-20260143;Invia richiesta all'Ufficio Tecnico;2026-07-02T09:19:24Z;2026-07-02T09:23:49Z;reparto
RDA-20260143;Ricostruisci richiesta e informazioni mancanti;2026-07-02T10:02:27Z;2026-07-02T10:13:09Z;l.conti
RDA-20260143;Invia richiesta ad Acquisti;2026-07-02T10:49:11Z;2026-07-02T10:53:28Z;l.conti
RDA-20260143;Verifica lavorabilità della richiesta;2026-07-02T11:06:57Z;2026-07-02T11:16:29Z;f.neri
RDA-20260143;Richiedi integrazione della richiesta;2026-07-02T11:53:33Z;2026-07-02T12:05:15Z;f.neri
RDA-20260143;Ricostruisci richiesta e informazioni mancanti;2026-07-02T12:42:16Z;2026-07-02T12:50:42Z;l.conti
RDA-20260143;Invia richiesta ad Acquisti;2026-07-02T13:14:25Z;2026-07-02T13:18:48Z;l.conti
RDA-20260143;Verifica lavorabilità della richiesta;2026-07-02T13:31:48Z;2026-07-02T13:40:39Z;f.neri
RDA-20260143;Seleziona fornitore o richiedi quotazioni;2026-07-02T14:02:31Z;2026-07-02T14:09:05Z;f.neri
RDA-20260143;Emetti ordine al fornitore;2026-07-02T14:28:38Z;2026-07-02T14:39:07Z;f.neri
RDA-20260143;Ricevi merce in magazzino;2026-07-02T14:39:07Z;2026-07-02T14:47:12Z;magazzino
RDA-20260143;Verifica merce ricevuta;2026-07-02T14:47:12Z;2026-07-03T07:00:48Z;reparto
RDA-20260144;Rileva fabbisogno durante il giro impianti;2026-07-02T11:47:26Z;2026-07-02T11:51:40Z;reparto
RDA-20260144;Invia richiesta all'Ufficio Tecnico;2026-07-02T11:51:40Z;2026-07-02T11:55:02Z;reparto
RDA-20260144;Ricostruisci richiesta e informazioni mancanti;2026-07-02T12:04:54Z;2026-07-02T12:23:23Z;l.conti
RDA-20260144;Invia richiesta ad Acquisti;2026-07-02T13:05:00Z;2026-07-02T13:08:37Z;l.conti
RDA-20260144;Verifica lavorabilità della richiesta;2026-07-02T13:12:09Z;2026-07-02T13:23:03Z;f.neri
RDA-20260144;Richiedi integrazione della richiesta;2026-07-02T13:40:39Z;2026-07-02T13:47:58Z;f.neri
RDA-20260144;Ricostruisci richiesta e informazioni mancanti;2026-07-02T14:40:13Z;2026-07-02T14:56:41Z;l.conti
RDA-20260144;Invia richiesta ad Acquisti;2026-07-03T07:46:28Z;2026-07-03T07:51:45Z;l.conti
RDA-20260144;Verifica lavorabilità della richiesta;2026-07-03T09:59:00Z;2026-07-03T10:07:25Z;f.neri
RDA-20260144;Seleziona fornitore o richiedi quotazioni;2026-07-03T12:21:18Z;2026-07-03T12:40:07Z;f.neri
RDA-20260144;Emetti ordine al fornitore;2026-07-03T14:40:47Z;2026-07-03T14:50:46Z;f.neri
RDA-20260144;Ricevi merce in magazzino;2026-07-03T14:50:46Z;2026-07-06T07:01:06Z;magazzino
RDA-20260144;Verifica merce ricevuta;2026-07-06T07:01:06Z;2026-07-06T07:18:37Z;reparto
RDA-20260145;Rileva fabbisogno durante il giro impianti;2026-07-02T11:51:50Z;2026-07-02T11:55:40Z;reparto
RDA-20260145;Invia richiesta all'Ufficio Tecnico;2026-07-02T11:55:40Z;2026-07-02T11:59:17Z;reparto
RDA-20260145;Ricostruisci richiesta e informazioni mancanti;2026-07-02T12:23:23Z;2026-07-02T12:42:16Z;l.conti
RDA-20260145;Invia richiesta ad Acquisti;2026-07-02T13:08:37Z;2026-07-02T13:14:25Z;l.conti
RDA-20260145;Verifica lavorabilità della richiesta;2026-07-02T13:23:03Z;2026-07-02T13:31:48Z;f.neri
RDA-20260145;Richiedi integrazione della richiesta;2026-07-02T13:47:58Z;2026-07-02T13:56:11Z;f.neri
RDA-20260145;Ricostruisci richiesta e informazioni mancanti;2026-07-03T07:02:23Z;2026-07-03T07:30:50Z;l.conti
RDA-20260145;Invia richiesta ad Acquisti;2026-07-03T08:20:33Z;2026-07-03T08:27:03Z;l.conti
RDA-20260145;Verifica lavorabilità della richiesta;2026-07-03T10:24:31Z;2026-07-03T10:33:08Z;f.neri
RDA-20260145;Richiedi integrazione della richiesta;2026-07-03T12:40:07Z;2026-07-03T12:46:57Z;f.neri
RDA-20260145;Ricostruisci richiesta e informazioni mancanti;2026-07-03T12:46:57Z;2026-07-03T12:52:58Z;l.conti
RDA-20260145;Invia richiesta ad Acquisti;2026-07-03T12:52:58Z;2026-07-03T12:56:41Z;l.conti
RDA-20260145;Verifica lavorabilità della richiesta;2026-07-03T14:50:46Z;2026-07-06T07:07:11Z;f.neri
RDA-20260145;Richiedi autorizzazione al responsabile;2026-07-06T08:53:05Z;2026-07-06T08:57:18Z;f.neri
RDA-20260145;Autorizza spesa;2026-07-07T14:48:23Z;2026-07-07T14:56:51Z;resp.acquisti
RDA-20260145;Seleziona fornitore o richiedi quotazioni;2026-07-08T08:11:03Z;2026-07-08T08:16:51Z;f.neri
RDA-20260145;Emetti ordine al fornitore;2026-07-08T09:34:23Z;2026-07-08T09:47:56Z;f.neri
RDA-20260145;Ricevi merce in magazzino;2026-07-08T09:47:56Z;2026-07-08T09:57:25Z;magazzino
RDA-20260145;Verifica merce ricevuta;2026-07-08T09:57:25Z;2026-07-08T10:04:52Z;reparto
RDA-20260146;Rileva fabbisogno durante il giro impianti;2026-07-02T11:52:38Z;2026-07-02T11:59:47Z;reparto
RDA-20260146;Invia richiesta all'Ufficio Tecnico;2026-07-02T11:59:47Z;2026-07-02T12:05:26Z;reparto
RDA-20260146;Ricostruisci richiesta e informazioni mancanti;2026-07-02T12:50:42Z;2026-07-02T13:05:00Z;l.conti
RDA-20260146;Invia richiesta ad Acquisti;2026-07-02T13:31:47Z;2026-07-02T13:37:46Z;l.conti
RDA-20260146;Verifica lavorabilità della richiesta;2026-07-02T13:56:11Z;2026-07-02T14:02:31Z;f.neri
RDA-20260146;Richiedi autorizzazione al responsabile;2026-07-02T14:09:05Z;2026-07-02T14:13:38Z;f.neri
RDA-20260146;Autorizza spesa;2026-07-07T14:09:00Z;2026-07-07T14:19:08Z;resp.acquisti
RDA-20260146;Seleziona fornitore o richiedi quotazioni;2026-07-07T14:32:08Z;2026-07-07T14:59:22Z;f.neri
RDA-20260146;Emetti ordine al fornitore;2026-07-08T08:27:38Z;2026-07-08T08:38:50Z;f.neri
RDA-20260146;Ricevi merce in magazzino;2026-07-08T08:38:50Z;2026-07-08T08:47:00Z;magazzino
RDA-20260146;Verifica merce ricevuta;2026-07-08T08:47:00Z;2026-07-08T08:55:27Z;reparto
RDA-20260147;Rileva fabbisogno durante il giro impianti;2026-07-02T12:35:43Z;2026-07-02T12:45:52Z;reparto
RDA-20260147;Invia richiesta all'Ufficio Tecnico;2026-07-02T12:45:52Z;2026-07-02T12:51:01Z;reparto
RDA-20260147;Ricostruisci richiesta e informazioni mancanti;2026-07-02T13:18:48Z;2026-07-02T13:21:57Z;l.conti
RDA-20260147;Invia richiesta ad Acquisti;2026-07-02T14:29:44Z;2026-07-02T14:34:07Z;l.conti
RDA-20260147;Verifica lavorabilità della richiesta;2026-07-03T07:48:44Z;2026-07-03T08:00:59Z;f.neri
RDA-20260147;Richiedi integrazione della richiesta;2026-07-03T10:07:25Z;2026-07-03T10:19:48Z;f.neri
RDA-20260147;Ricostruisci richiesta e informazioni mancanti;2026-07-03T10:19:48Z;2026-07-03T10:48:06Z;l.conti
RDA-20260147;Invia richiesta ad Acquisti;2026-07-03T10:52:12Z;2026-07-03T10:57:09Z;l.conti
RDA-20260147;Verifica lavorabilità della richiesta;2026-07-03T12:52:48Z;2026-07-03T12:59:23Z;f.neri
RDA-20260147;Richiedi autorizzazione al responsabile;2026-07-06T07:07:11Z;2026-07-06T07:09:37Z;f.neri
RDA-20260147;Autorizza spesa;2026-07-07T14:39:52Z;2026-07-07T14:48:23Z;resp.acquisti
RDA-20260147;Seleziona fornitore o richiedi quotazioni;2026-07-08T07:54:25Z;2026-07-08T08:11:03Z;f.neri
RDA-20260147;Emetti ordine al fornitore;2026-07-08T09:24:24Z;2026-07-08T09:34:23Z;f.neri
RDA-20260147;Ricevi merce in magazzino;2026-07-08T09:34:23Z;2026-07-08T09:42:35Z;magazzino
RDA-20260147;Verifica merce ricevuta;2026-07-08T09:42:35Z;2026-07-08T09:57:20Z;reparto
RDA-20260148;Rileva fabbisogno durante il giro impianti;2026-07-02T12:42:02Z;2026-07-02T12:54:15Z;reparto
RDA-20260148;Invia richiesta all'Ufficio Tecnico;2026-07-02T12:54:15Z;2026-07-02T12:58:08Z;reparto
RDA-20260148;Ricostruisci richiesta e informazioni mancanti;2026-07-02T13:21:57Z;2026-07-02T13:31:47Z;l.conti
RDA-20260148;Invia richiesta ad Acquisti;2026-07-02T14:34:07Z;2026-07-02T14:40:13Z;l.conti
RDA-20260148;Verifica lavorabilità della richiesta;2026-07-03T08:00:59Z;2026-07-03T08:10:16Z;f.neri
RDA-20260148;Richiedi autorizzazione al responsabile;2026-07-03T10:19:48Z;2026-07-03T10:24:31Z;f.neri
RDA-20260148;Autorizza spesa;2026-07-07T14:19:08Z;2026-07-07T14:27:18Z;resp.acquisti
RDA-20260148;Seleziona fornitore o richiedi quotazioni;2026-07-07T14:59:22Z;2026-07-08T07:27:30Z;f.neri
RDA-20260148;Emetti ordine al fornitore;2026-07-08T08:41:47Z;2026-07-08T08:50:02Z;f.neri
RDA-20260148;Ricevi merce in magazzino;2026-07-08T08:50:02Z;2026-07-08T09:05:38Z;magazzino
RDA-20260148;Verifica merce ricevuta;2026-07-08T09:05:38Z;2026-07-08T09:18:21Z;reparto
RDA-20260149;Rileva fabbisogno durante il giro impianti;2026-07-02T12:57:34Z;2026-07-02T13:06:43Z;reparto
RDA-20260149;Invia richiesta all'Ufficio Tecnico;2026-07-02T13:06:43Z;2026-07-02T13:09:29Z;reparto
RDA-20260149;Ricostruisci richiesta e informazioni mancanti;2026-07-02T13:37:46Z;2026-07-02T13:50:29Z;l.conti
RDA-20260149;Invia richiesta ad Acquisti;2026-07-02T14:56:41Z;2026-07-03T07:02:23Z;l.conti
RDA-20260149;Verifica lavorabilità della richiesta;2026-07-03T08:51:39Z;2026-07-03T08:58:55Z;f.neri
RDA-20260149;Seleziona fornitore o richiedi quotazioni;2026-07-03T10:58:39Z;2026-07-03T11:16:45Z;f.neri
RDA-20260149;Emetti ordine al fornitore;2026-07-03T13:08:34Z;2026-07-03T13:17:23Z;f.neri
RDA-20260149;Ricevi merce in magazzino;2026-07-03T13:17:23Z;2026-07-03T13:25:47Z;magazzino
RDA-20260149;Verifica merce ricevuta;2026-07-03T13:25:47Z;2026-07-03T13:37:11Z;reparto
RDA-20260150;Rileva fabbisogno durante il giro impianti;2026-07-02T12:59:49Z;2026-07-02T13:10:02Z;reparto
RDA-20260150;Invia richiesta all'Ufficio Tecnico;2026-07-02T13:10:02Z;2026-07-02T13:14:43Z;reparto
RDA-20260150;Ricostruisci richiesta e informazioni mancanti;2026-07-02T14:09:43Z;2026-07-02T14:29:44Z;l.conti
RDA-20260150;Invia richiesta ad Acquisti;2026-07-03T07:35:58Z;2026-07-03T07:41:26Z;l.conti
RDA-20260150;Verifica lavorabilità della richiesta;2026-07-03T09:48:58Z;2026-07-03T09:59:00Z;f.neri
RDA-20260150;Richiedi integrazione della richiesta;2026-07-03T12:15:11Z;2026-07-03T12:21:18Z;f.neri
RDA-20260150;Ricostruisci richiesta e informazioni mancanti;2026-07-03T12:21:18Z;2026-07-03T12:28:17Z;l.conti
RDA-20260150;Invia richiesta ad Acquisti;2026-07-03T12:28:17Z;2026-07-03T12:32:45Z;l.conti
RDA-20260150;Verifica lavorabilità della richiesta;2026-07-03T14:28:24Z;2026-07-03T14:40:47Z;f.neri
RDA-20260150;Richiedi integrazione della richiesta;2026-07-06T08:30:43Z;2026-07-06T08:44:25Z;f.neri
RDA-20260150;Ricostruisci richiesta e informazioni mancanti;2026-07-06T09:12:58Z;2026-07-06T09:18:46Z;l.conti
RDA-20260150;Invia richiesta ad Acquisti;2026-07-06T09:28:09Z;2026-07-06T09:32:21Z;l.conti
RDA-20260150;Verifica lavorabilità della richiesta;2026-07-06T10:24:50Z;2026-07-06T10:28:40Z;f.neri
RDA-20260150;Richiedi integrazione della richiesta;2026-07-06T11:20:13Z;2026-07-06T11:34:38Z;f.neri
RDA-20260150;Ricostruisci richiesta e informazioni mancanti;2026-07-06T11:54:36Z;2026-07-06T12:11:02Z;l.conti
RDA-20260150;Invia richiesta ad Acquisti;2026-07-06T12:17:14Z;2026-07-06T12:21:49Z;l.conti
RDA-20260150;Verifica lavorabilità della richiesta;2026-07-06T13:05:15Z;2026-07-06T13:13:19Z;f.neri
RDA-20260150;Seleziona fornitore o richiedi quotazioni;2026-07-06T13:27:54Z;2026-07-06T13:40:10Z;f.neri
RDA-20260150;Emetti ordine al fornitore;2026-07-06T14:07:21Z;2026-07-06T14:19:39Z;f.neri
RDA-20260150;Ricevi merce in magazzino;2026-07-06T14:19:39Z;2026-07-06T14:29:53Z;magazzino
RDA-20260150;Verifica merce ricevuta;2026-07-06T14:29:53Z;2026-07-06T14:45:03Z;reparto
RDA-20260151;Rileva fabbisogno durante il giro impianti;2026-07-02T14:11:14Z;2026-07-02T14:25:08Z;reparto
RDA-20260151;Invia richiesta all'Ufficio Tecnico;2026-07-02T14:25:08Z;2026-07-02T14:30:10Z;reparto
RDA-20260151;Ricostruisci richiesta e informazioni mancanti;2026-07-03T07:41:26Z;2026-07-03T07:46:28Z;l.conti
RDA-20260151;Invia richiesta ad Acquisti;2026-07-03T08:27:03Z;2026-07-03T08:32:52Z;l.conti
RDA-20260151;Verifica lavorabilità della richiesta;2026-07-03T10:33:08Z;2026-07-03T10:41:29Z;f.neri
RDA-20260151;Richiedi autorizzazione al responsabile;2026-07-03T12:46:57Z;2026-07-03T12:52:48Z;f.neri
RDA-20260151;Autorizza spesa;2026-07-07T14:27:18Z;2026-07-07T14:39:52Z;resp.acquisti
RDA-20260151;Seleziona fornitore o richiedi quotazioni;2026-07-08T07:38:32Z;2026-07-08T07:54:25Z;f.neri
RDA-20260151;Emetti ordine al fornitore;2026-07-08T09:02:50Z;2026-07-08T09:13:00Z;f.neri
RDA-20260151;Ricevi merce in magazzino;2026-07-08T09:13:00Z;2026-07-08T09:25:39Z;magazzino
RDA-20260151;Verifica merce ricevuta;2026-07-08T09:25:39Z;2026-07-08T09:37:13Z;reparto
RDA-20260152;Rileva fabbisogno durante il giro impianti;2026-07-03T07:00:00Z;2026-07-03T07:11:12Z;reparto
RDA-20260152;Invia richiesta all'Ufficio Tecnico;2026-07-03T07:11:12Z;2026-07-03T07:16:22Z;reparto
RDA-20260152;Ricostruisci richiesta e informazioni mancanti;2026-07-03T07:51:45Z;2026-07-03T08:20:33Z;l.conti
RDA-20260152;Invia richiesta ad Acquisti;2026-07-03T09:09:40Z;2026-07-03T09:14:59Z;l.conti
RDA-20260152;Verifica lavorabilità della richiesta;2026-07-03T11:16:45Z;2026-07-03T11:26:12Z;f.neri
RDA-20260152;Richiedi integrazione della richiesta;2026-07-03T13:17:23Z;2026-07-03T13:31:16Z;f.neri
RDA-20260152;Ricostruisci richiesta e informazioni mancanti;2026-07-03T13:31:16Z;2026-07-03T13:44:31Z;l.conti
RDA-20260152;Invia richiesta ad Acquisti;2026-07-03T13:44:31Z;2026-07-03T13:49:10Z;l.conti
RDA-20260152;Verifica lavorabilità della richiesta;2026-07-06T07:19:22Z;2026-07-06T07:35:45Z;f.neri
RDA-20260152;Richiedi integrazione della richiesta;2026-07-06T08:57:18Z;2026-07-06T09:08:03Z;f.neri
RDA-20260152;Ricostruisci richiesta e informazioni mancanti;2026-07-06T09:24:32Z;2026-07-06T09:28:09Z;l.conti
RDA-20260152;Invia richiesta ad Acquisti;2026-07-06T09:32:21Z;2026-07-06T09:37:34Z;l.conti
RDA-20260152;Verifica lavorabilità della richiesta;2026-07-06T10:28:40Z;2026-07-06T10:41:01Z;f.neri
RDA-20260152;Seleziona fornitore o richiedi quotazioni;2026-07-06T11:34:38Z;2026-07-06T11:56:46Z;f.neri
RDA-20260152;Emetti ordine al fornitore;2026-07-06T12:26:07Z;2026-07-06T12:40:47Z;f.neri
RDA-20260152;Ricevi merce in magazzino;2026-07-06T12:40:47Z;2026-07-06T12:47:04Z;magazzino
RDA-20260152;Verifica merce ricevuta;2026-07-06T12:47:04Z;2026-07-06T12:56:56Z;reparto
RDA-20260153;Rileva fabbisogno durante il giro impianti;2026-07-03T07:53:28Z;2026-07-03T08:05:09Z;reparto
RDA-20260153;Invia richiesta all'Ufficio Tecnico;2026-07-03T08:05:09Z;2026-07-03T08:09:16Z;reparto
RDA-20260153;Ricostruisci richiesta e informazioni mancanti;2026-07-03T08:32:52Z;2026-07-03T08:47:20Z;l.conti
RDA-20260153;Invia richiesta ad Acquisti;2026-07-03T09:14:59Z;2026-07-03T09:19:49Z;l.conti
RDA-20260153;Verifica lavorabilità della richiesta;2026-07-03T11:26:12Z;2026-07-03T11:41:29Z;f.neri
RDA-20260153;Seleziona fornitore o richiedi quotazioni;2026-07-03T13:31:16Z;2026-07-03T13:52:55Z;f.neri
RDA-20260153;Emetti ordine al fornitore;2026-07-06T07:35:45Z;2026-07-06T07:48:00Z;f.neri
RDA-20260153;Ricevi merce in magazzino;2026-07-06T07:48:00Z;2026-07-06T07:59:16Z;magazzino
RDA-20260153;Verifica merce ricevuta;2026-07-06T07:59:16Z;2026-07-06T08:11:55Z;reparto
RDA-20260154;Rileva fabbisogno durante il giro impianti;2026-07-03T08:07:20Z;2026-07-03T08:12:01Z;reparto
RDA-20260154;Invia richiesta all'Ufficio Tecnico;2026-07-03T08:12:01Z;2026-07-03T08:16:27Z;reparto
RDA-20260154;Ricostruisci richiesta e informazioni mancanti;2026-07-03T08:47:20Z;2026-07-03T09:09:40Z;l.conti
RDA-20260154;Invia richiesta ad Acquisti;2026-07-03T09:31:30Z;2026-07-03T09:36:59Z;l.conti
RDA-20260154;Verifica lavorabilità della richiesta;2026-07-03T11:55:38Z;2026-07-03T12:04:22Z;f.neri
RDA-20260154;Richiedi integrazione della richiesta;2026-07-03T13:52:55Z;2026-07-03T13:59:24Z;f.neri
RDA-20260154;Ricostruisci richiesta e informazioni mancanti;2026-07-03T13:59:24Z;2026-07-03T14:14:52Z;l.conti
RDA-20260154;Invia richiesta ad Acquisti;2026-07-03T14:14:52Z;2026-07-03T14:20:11Z;l.conti
RDA-20260154;Verifica lavorabilità della richiesta;2026-07-06T08:13:09Z;2026-07-06T08:20:50Z;f.neri
RDA-20260154;Richiedi autorizzazione al responsabile;2026-07-06T09:17:56Z;2026-07-06T09:24:05Z;f.neri
RDA-20260154;Autorizza spesa;2026-07-07T14:56:51Z;2026-07-09T14:05:08Z;resp.acquisti
RDA-20260154;Seleziona fornitore o richiedi quotazioni;2026-07-09T14:14:59Z;2026-07-09T14:34:41Z;f.neri
RDA-20260154;Emetti ordine al fornitore;2026-07-10T07:29:54Z;2026-07-10T07:42:45Z;f.neri
RDA-20260154;Ricevi merce in magazzino;2026-07-10T07:42:45Z;2026-07-10T07:53:02Z;magazzino
RDA-20260154;Verifica merce ricevuta;2026-07-10T07:53:02Z;2026-07-10T08:01:51Z;reparto
RDA-20260155;Rileva fabbisogno durante il giro impianti;2026-07-03T08:45:59Z;2026-07-03T08:58:55Z;reparto
RDA-20260155;Invia richiesta all'Ufficio Tecnico;2026-07-03T08:58:55Z;2026-07-03T09:01:36Z;reparto
RDA-20260155;Ricostruisci richiesta e informazioni mancanti;2026-07-03T09:19:49Z;2026-07-03T09:31:30Z;l.conti
RDA-20260155;Invia richiesta ad Acquisti;2026-07-03T09:36:59Z;2026-07-03T09:41:20Z;l.conti
RDA-20260155;Verifica lavorabilità della richiesta;2026-07-03T12:04:22Z;2026-07-03T12:15:11Z;f.neri
RDA-20260155;Seleziona fornitore o richiedi quotazioni;2026-07-03T14:08:57Z;2026-07-03T14:28:24Z;f.neri
RDA-20260155;Emetti ordine al fornitore;2026-07-06T08:20:50Z;2026-07-06T08:30:43Z;f.neri
RDA-20260155;Ricevi merce in magazzino;2026-07-06T08:30:43Z;2026-07-06T08:35:19Z;magazzino
RDA-20260155;Verifica merce ricevuta;2026-07-06T08:35:19Z;2026-07-06T08:45:32Z;reparto
RDA-20260156;Rileva fabbisogno durante il giro impianti;2026-07-03T10:11:39Z;2026-07-03T10:25:38Z;reparto
RDA-20260156;Invia richiesta all'Ufficio Tecnico;2026-07-03T10:25:38Z;2026-07-03T10:30:32Z;reparto
RDA-20260156;Ricostruisci richiesta e informazioni mancanti;2026-07-03T10:48:06Z;2026-07-03T10:52:12Z;l.conti
RDA-20260156;Invia richiesta ad Acquisti;2026-07-03T10:57:09Z;2026-07-03T11:02:06Z;l.conti
RDA-20260156;Verifica lavorabilità della richiesta;2026-07-03T12:59:23Z;2026-07-03T13:08:34Z;f.neri
RDA-20260156;Richiedi integrazione della richiesta;2026-07-06T07:09:37Z;2026-07-06T07:19:22Z;f.neri
RDA-20260156;Ricostruisci richiesta e informazioni mancanti;2026-07-06T07:56:28Z;2026-07-06T08:02:52Z;l.conti
RDA-20260156;Invia richiesta ad Acquisti;2026-07-06T09:02:23Z;2026-07-06T09:07:26Z;l.conti
RDA-20260156;Verifica lavorabilità della richiesta;2026-07-06T09:54:36Z;2026-07-06T10:07:04Z;f.neri
RDA-20260156;Richiedi integrazione della richiesta;2026-07-06T11:01:07Z;2026-07-06T11:12:37Z;f.neri
RDA-20260156;Ricostruisci richiesta e informazioni mancanti;2026-07-06T11:15:24Z;2026-07-06T11:30:42Z;l.conti
RDA-20260156;Invia richiesta ad Acquisti;2026-07-06T11:51:09Z;2026-07-06T11:54:36Z;l.conti
RDA-20260156;Verifica lavorabilità della richiesta;2026-07-06T12:14:23Z;2026-07-06T12:26:07Z;f.neri
RDA-20260156;Richiedi integrazione della richiesta;2026-07-06T13:13:19Z;2026-07-06T13:20:28Z;f.neri
RDA-20260156;Ricostruisci richiesta e informazioni mancanti;2026-07-06T13:20:28Z;2026-07-06T13:38:00Z;l.conti
RDA-20260156;Invia richiesta ad Acquisti;2026-07-06T13:57:13Z;2026-07-06T14:01:39Z;l.conti
RDA-20260156;Verifica lavorabilità della richiesta;2026-07-06T14:26:59Z;2026-07-06T14:34:49Z;f.neri
RDA-20260156;Richiedi integrazione della richiesta;2026-07-06T14:55:29Z;2026-07-07T07:05:35Z;f.neri
RDA-20260156;Ricostruisci richiesta e informazioni mancanti;2026-07-07T07:05:35Z;2026-07-07T07:21:04Z;l.conti
RDA-20260156;Invia richiesta ad Acquisti;2026-07-07T07:36:29Z;2026-07-07T07:41:35Z;l.conti
RDA-20260156;Verifica lavorabilità della richiesta;2026-07-07T08:08:53Z;2026-07-07T08:18:07Z;f.neri
RDA-20260156;Richiedi integrazione della richiesta;2026-07-07T08:43:45Z;2026-07-07T08:53:31Z;f.neri
RDA-20260156;Ricostruisci richiesta e informazioni mancanti;2026-07-07T08:53:31Z;2026-07-07T09:02:43Z;l.conti
RDA-20260156;Invia richiesta ad Acquisti;2026-07-07T09:02:43Z;2026-07-07T09:08:52Z;l.conti
RDA-20260156;Verifica lavorabilità della richiesta;2026-07-07T09:36:24Z;2026-07-07T09:41:12Z;f.neri
RDA-20260156;Richiedi integrazione della richiesta;2026-07-07T10:06:34Z;2026-07-07T10:15:30Z;f.neri
RDA-20260156;Ricostruisci richiesta e informazioni mancanti;2026-07-07T10:15:30Z;2026-07-07T10:20:06Z;l.conti
RDA-20260156;Invia richiesta ad Acquisti;2026-07-07T10:20:06Z;2026-07-07T10:25:21Z;l.conti
RDA-20260156;Verifica lavorabilità della richiesta;2026-07-07T10:50:41Z;2026-07-07T11:02:37Z;f.neri
RDA-20260156;Seleziona fornitore o richiedi quotazioni;2026-07-07T11:07:16Z;2026-07-07T11:17:47Z;f.neri
RDA-20260156;Emetti ordine al fornitore;2026-07-07T11:21:27Z;2026-07-07T11:30:24Z;f.neri
RDA-20260156;Ricevi merce in magazzino;2026-07-07T11:30:24Z;2026-07-07T11:43:58Z;magazzino
RDA-20260156;Verifica merce ricevuta;2026-07-07T11:43:58Z;2026-07-07T11:55:11Z;reparto
RDA-20260157;Rileva fabbisogno durante il giro impianti;2026-07-03T14:42:48Z;2026-07-03T14:46:38Z;reparto
RDA-20260157;Invia richiesta all'Ufficio Tecnico;2026-07-03T14:46:38Z;2026-07-03T14:50:50Z;reparto
RDA-20260157;Ricostruisci richiesta e informazioni mancanti;2026-07-03T14:50:50Z;2026-07-03T14:55:55Z;l.conti
RDA-20260157;Invia richiesta ad Acquisti;2026-07-03T14:55:55Z;2026-07-06T07:01:40Z;l.conti
RDA-20260157;Verifica lavorabilità della richiesta;2026-07-06T08:44:25Z;2026-07-06T08:53:05Z;f.neri
RDA-20260157;Seleziona fornitore o richiedi quotazioni;2026-07-06T09:24:05Z;2026-07-06T09:42:21Z;f.neri
RDA-20260157;Emetti ordine al fornitore;2026-07-06T10:41:01Z;2026-07-06T10:53:25Z;f.neri
RDA-20260157;Ricevi merce in magazzino;2026-07-06T10:53:25Z;2026-07-06T11:00:14Z;magazzino
RDA-20260157;Verifica merce ricevuta;2026-07-06T11:00:14Z;2026-07-06T11:16:15Z;reparto
RDA-20260158;Rileva fabbisogno durante il giro impianti;2026-07-06T07:00:00Z;2026-07-06T07:10:14Z;reparto
RDA-20260158;Invia richiesta all'Ufficio Tecnico;2026-07-06T07:10:14Z;2026-07-06T07:13:22Z;reparto
RDA-20260158;Ricostruisci richiesta e informazioni mancanti;2026-07-06T07:13:22Z;2026-07-06T07:56:28Z;l.conti
RDA-20260158;Invia richiesta ad Acquisti;2026-07-06T08:58:55Z;2026-07-06T09:02:23Z;l.conti
RDA-20260158;Verifica lavorabilità della richiesta;2026-07-06T09:42:21Z;2026-07-06T09:54:36Z;f.neri
RDA-20260158;Richiedi integrazione della richiesta;2026-07-06T10:53:25Z;2026-07-06T11:01:07Z;f.neri
RDA-20260158;Ricostruisci richiesta e informazioni mancanti;2026-07-06T11:01:07Z;2026-07-06T11:15:24Z;l.conti
RDA-20260158;Invia richiesta ad Acquisti;2026-07-06T11:30:42Z;2026-07-06T11:35:30Z;l.conti
RDA-20260158;Verifica lavorabilità della richiesta;2026-07-06T12:05:50Z;2026-07-06T12:14:23Z;f.neri
RDA-20260158;Richiedi integrazione della richiesta;2026-07-06T12:47:51Z;2026-07-06T12:58:28Z;f.neri
RDA-20260158;Ricostruisci richiesta e informazioni mancanti;2026-07-06T13:00:09Z;2026-07-06T13:09:40Z;l.conti
RDA-20260158;Invia richiesta ad Acquisti;2026-07-06T13:15:28Z;2026-07-06T13:19:50Z;l.conti
RDA-20260158;Verifica lavorabilità della richiesta;2026-07-06T13:54:13Z;2026-07-06T14:07:21Z;f.neri
RDA-20260158;Seleziona fornitore o richiedi quotazioni;2026-07-06T14:43:20Z;2026-07-06T14:55:29Z;f.neri
RDA-20260158;Emetti ordine al fornitore;2026-07-07T07:16:31Z;2026-07-07T07:26:22Z;f.neri
RDA-20260158;Ricevi merce in magazzino;2026-07-07T07:26:22Z;2026-07-07T07:36:18Z;magazzino
RDA-20260158;Verifica merce ricevuta;2026-07-07T07:36:18Z;2026-07-07T07:50:41Z;reparto
RDA-20260159;Rileva fabbisogno durante il giro impianti;2026-07-06T07:26:32Z;2026-07-06T07:32:44Z;reparto
RDA-20260159;Invia richiesta all'Ufficio Tecnico;2026-07-06T07:32:44Z;2026-07-06T07:37:50Z;reparto
RDA-20260159;Ricostruisci richiesta e informazioni mancanti;2026-07-06T08:02:52Z;2026-07-06T08:13:47Z;l.conti
RDA-20260159;Invia richiesta ad Acquisti;2026-07-06T09:07:26Z;2026-07-06T09:12:58Z;l.conti
RDA-20260159;Verifica lavorabilità della richiesta;2026-07-06T10:07:04Z;2026-07-06T10:15:01Z;f.neri
RDA-20260159;Richiedi autorizzazione al responsabile;2026-07-06T11:12:37Z;2026-07-06T11:17:27Z;f.neri
RDA-20260159;Autorizza spesa;2026-07-09T14:05:08Z;2026-07-09T14:13:39Z;resp.acquisti
RDA-20260159;Seleziona fornitore o richiedi quotazioni;2026-07-09T14:34:41Z;2026-07-09T14:57:26Z;f.neri
RDA-20260159;Emetti ordine al fornitore;2026-07-10T08:26:55Z;2026-07-10T08:40:34Z;f.neri
RDA-20260159;Ricevi merce in magazzino;2026-07-10T08:40:34Z;2026-07-10T08:47:50Z;magazzino
RDA-20260159;Verifica merce ricevuta;2026-07-10T08:47:50Z;2026-07-10T08:58:53Z;reparto
RDA-20260160;Rileva fabbisogno durante il giro impianti;2026-07-06T07:27:34Z;2026-07-06T07:35:12Z;reparto
RDA-20260160;Invia richiesta all'Ufficio Tecnico;2026-07-06T07:35:12Z;2026-07-06T07:39:51Z;reparto
RDA-20260160;Ricostruisci richiesta e informazioni mancanti;2026-07-06T08:13:47Z;2026-07-06T08:58:55Z;l.conti
RDA-20260160;Invia richiesta ad Acquisti;2026-07-06T09:18:46Z;2026-07-06T09:24:32Z;l.conti
RDA-20260160;Verifica lavorabilità della richiesta;2026-07-06T10:15:01Z;2026-07-06T10:24:50Z;f.neri
RDA-20260160;Richiedi integrazione della richiesta;2026-07-06T11:17:27Z;2026-07-06T11:20:13Z;f.neri
RDA-20260160;Ricostruisci richiesta e informazioni mancanti;2026-07-06T11:35:30Z;2026-07-06T11:51:09Z;l.conti
RDA-20260160;Invia richiesta ad Acquisti;2026-07-06T12:11:02Z;2026-07-06T12:17:14Z;l.conti
RDA-20260160;Verifica lavorabilità della richiesta;2026-07-06T12:58:28Z;2026-07-06T13:05:15Z;f.neri
RDA-20260160;Richiedi integrazione della richiesta;2026-07-06T13:20:28Z;2026-07-06T13:27:54Z;f.neri
RDA-20260160;Ricostruisci richiesta e informazioni mancanti;2026-07-06T13:38:00Z;2026-07-06T13:57:13Z;l.conti
RDA-20260160;Invia richiesta ad Acquisti;2026-07-06T14:01:39Z;2026-07-06T14:04:54Z;l.conti
RDA-20260160;Verifica lavorabilità della richiesta;2026-07-06T14:34:49Z;2026-07-06T14:43:20Z;f.neri
RDA-20260160;Richiedi integrazione della richiesta;2026-07-07T07:05:35Z;2026-07-07T07:16:31Z;f.neri
RDA-20260160;Ricostruisci richiesta e informazioni mancanti;2026-07-07T07:27:47Z;2026-07-07T07:36:29Z;l.conti
RDA-20260160;Invia richiesta ad Acquisti;2026-07-07T07:47:34Z;2026-07-07T07:53:20Z;l.conti
RDA-20260160;Verifica lavorabilità della richiesta;2026-07-07T08:31:20Z;2026-07-07T08:35:27Z;f.neri
RDA-20260160;Richiedi integrazione della richiesta;2026-07-07T09:26:45Z;2026-07-07T09:36:24Z;f.neri
RDA-20260160;Ricostruisci richiesta e informazioni mancanti;2026-07-07T09:36:24Z;2026-07-07T09:47:57Z;l.conti
RDA-20260160;Invia richiesta ad Acquisti;2026-07-07T09:59:28Z;2026-07-07T10:04:34Z;l.conti
RDA-20260160;Verifica lavorabilità della richiesta;2026-07-07T10:15:30Z;2026-07-07T10:24:43Z;f.neri
RDA-20260160;Richiedi integrazione della richiesta;2026-07-07T10:38:37Z;2026-07-07T10:50:41Z;f.neri
RDA-20260160;Ricostruisci richiesta e informazioni mancanti;2026-07-07T10:50:41Z;2026-07-07T11:01:30Z;l.conti
RDA-20260160;Invia richiesta ad Acquisti;2026-07-07T11:01:30Z;2026-07-07T11:06:10Z;l.conti
RDA-20260160;Verifica lavorabilità della richiesta;2026-07-07T11:17:47Z;2026-07-07T11:21:27Z;f.neri
RDA-20260160;Richiedi autorizzazione al responsabile;2026-07-07T11:30:24Z;2026-07-07T11:36:01Z;f.neri
RDA-20260160;Autorizza spesa;2026-07-09T14:22:53Z;2026-07-09T14:33:47Z;resp.acquisti
RDA-20260160;Seleziona fornitore o richiedi quotazioni;2026-07-10T07:05:26Z;2026-07-10T07:29:54Z;f.neri
RDA-20260160;Emetti ordine al fornitore;2026-07-10T09:03:12Z;2026-07-10T09:16:00Z;f.neri
RDA-20260160;Ricevi merce in magazzino;2026-07-10T09:16:00Z;2026-07-10T09:29:44Z;magazzino
RDA-20260160;Verifica merce ricevuta;2026-07-10T09:29:44Z;2026-07-10T09:35:52Z;reparto
RDA-20260161;Rileva fabbisogno durante il giro impianti;2026-07-06T10:18:02Z;2026-07-06T10:22:52Z;reparto
RDA-20260161;Invia richiesta all'Ufficio Tecnico;2026-07-06T10:22:52Z;2026-07-06T10:27:17Z;reparto
RDA-20260161;Ricostruisci richiesta e informazioni mancanti;2026-07-06T10:27:17Z;2026-07-06T10:41:01Z;l.conti
RDA-20260161;Invia richiesta ad Acquisti;2026-07-06T10:41:01Z;2026-07-06T10:47:08Z;l.conti
RDA-20260161;Verifica lavorabilità della richiesta;2026-07-06T11:56:46Z;2026-07-06T12:05:50Z;f.neri
RDA-20260161;Richiedi integrazione della richiesta;2026-07-06T12:40:47Z;2026-07-06T12:47:51Z;f.neri
RDA-20260161;Ricostruisci richiesta e informazioni mancanti;2026-07-06T12:47:51Z;2026-07-06T13:00:09Z;l.conti
RDA-20260161;Invia richiesta ad Acquisti;2026-07-06T13:09:40Z;2026-07-06T13:15:28Z;l.conti
RDA-20260161;Verifica lavorabilità della richiesta;2026-07-06T13:40:10Z;2026-07-06T13:54:13Z;f.neri
RDA-20260161;Richiedi integrazione della richiesta;2026-07-06T14:19:39Z;2026-07-06T14:26:59Z;f.neri
RDA-20260161;Ricostruisci richiesta e informazioni mancanti;2026-07-06T14:26:59Z;2026-07-06T14:47:43Z;l.conti
RDA-20260161;Invia richiesta ad Acquisti;2026-07-06T14:52:32Z;2026-07-06T14:58:09Z;l.conti
RDA-20260161;Verifica lavorabilità della richiesta;2026-07-07T07:26:22Z;2026-07-07T07:34:20Z;f.neri
RDA-20260161;Seleziona fornitore o richiedi quotazioni;2026-07-07T07:44:35Z;2026-07-07T08:08:53Z;f.neri
RDA-20260161;Emetti ordine al fornitore;2026-07-07T08:35:27Z;2026-07-07T08:43:45Z;f.neri
RDA-20260161;Ricevi merce in magazzino;2026-07-07T08:43:45Z;2026-07-07T08:55:47Z;magazzino
RDA-20260161;Verifica merce ricevuta;2026-07-07T08:55:47Z;2026-07-07T09:07:34Z;reparto
RDA-20260162;Rileva fabbisogno durante il giro impianti;2026-07-06T14:28:47Z;2026-07-06T14:33:20Z;reparto
RDA-20260162;Invia richiesta all'Ufficio Tecnico;2026-07-06T14:33:20Z;2026-07-06T14:38:29Z;reparto
RDA-20260162;Ricostruisci richiesta e informazioni mancanti;2026-07-06T14:47:43Z;2026-07-06T14:52:32Z;l.conti
RDA-20260162;Invia richiesta ad Acquisti;2026-07-06T14:58:09Z;2026-07-07T07:02:43Z;l.conti
RDA-20260162;Verifica lavorabilità della richiesta;2026-07-07T07:34:20Z;2026-07-07T07:44:35Z;f.neri
RDA-20260162;Richiedi integrazione della richiesta;2026-07-07T08:18:07Z;2026-07-07T08:20:05Z;f.neri
RDA-20260162;Ricostruisci richiesta e informazioni mancanti;2026-07-07T08:20:05Z;2026-07-07T08:27:48Z;l.conti
RDA-20260162;Invia richiesta ad Acquisti;2026-07-07T08:27:48Z;2026-07-07T08:32:53Z;l.conti
RDA-20260162;Verifica lavorabilità della richiesta;2026-07-07T09:14:54Z;2026-07-07T09:26:45Z;f.neri
RDA-20260162;Seleziona fornitore o richiedi quotazioni;2026-07-07T09:50:30Z;2026-07-07T10:06:34Z;f.neri
RDA-20260162;Emetti ordine al fornitore;2026-07-07T10:24:43Z;2026-07-07T10:30:41Z;f.neri
RDA-20260162;Ricevi merce in magazzino;2026-07-07T10:30:41Z;2026-07-07T10:40:09Z;magazzino
RDA-20260162;Verifica merce ricevuta;2026-07-07T10:40:09Z;2026-07-07T10:51:55Z;reparto
RDA-20260163;Rileva fabbisogno durante il giro impianti;2026-07-07T07:00:00Z;2026-07-07T07:12:08Z;reparto
RDA-20260163;Invia richiesta all'Ufficio Tecnico;2026-07-07T07:12:08Z;2026-07-07T07:16:28Z;reparto
RDA-20260163;Ricostruisci richiesta e informazioni mancanti;2026-07-07T07:21:04Z;2026-07-07T07:27:47Z;l.conti
RDA-20260163;Invia richiesta ad Acquisti;2026-07-07T07:41:35Z;2026-07-07T07:47:34Z;l.conti
RDA-20260163;Verifica lavorabilità della richiesta;2026-07-07T08:20:05Z;2026-07-07T08:31:20Z;f.neri
RDA-20260163;Seleziona fornitore o richiedi quotazioni;2026-07-07T08:53:31Z;2026-07-07T09:14:54Z;f.neri
RDA-20260163;Emetti ordine al fornitore;2026-07-07T09:41:12Z;2026-07-07T09:50:30Z;f.neri
RDA-20260163;Ricevi merce in magazzino;2026-07-07T09:50:30Z;2026-07-07T09:57:45Z;magazzino
RDA-20260163;Verifica merce ricevuta;2026-07-07T09:57:45Z;2026-07-07T10:06:12Z;reparto
RDA-20260164;Rileva fabbisogno durante il giro impianti;2026-07-07T09:21:41Z;2026-07-07T09:34:25Z;reparto
RDA-20260164;Invia richiesta all'Ufficio Tecnico;2026-07-07T09:34:25Z;2026-07-07T09:40:11Z;reparto
RDA-20260164;Ricostruisci richiesta e informazioni mancanti;2026-07-07T09:47:57Z;2026-07-07T09:59:28Z;l.conti
RDA-20260164;Invia richiesta ad Acquisti;2026-07-07T10:04:34Z;2026-07-07T10:10:20Z;l.conti
RDA-20260164;Verifica lavorabilità della richiesta;2026-07-07T10:30:41Z;2026-07-07T10:38:37Z;f.neri
RDA-20260164;Richiedi autorizzazione al responsabile;2026-07-07T11:02:37Z;2026-07-07T11:07:16Z;f.neri
RDA-20260164;Autorizza spesa;2026-07-09T14:13:39Z;2026-07-09T14:22:53Z;resp.acquisti
RDA-20260164;Seleziona fornitore o richiedi quotazioni;2026-07-09T14:57:26Z;2026-07-10T07:05:26Z;f.neri
RDA-20260164;Emetti ordine al fornitore;2026-07-10T08:40:34Z;2026-07-10T08:55:17Z;f.neri
RDA-20260164;Ricevi merce in magazzino;2026-07-10T08:55:17Z;2026-07-10T09:08:09Z;magazzino
RDA-20260164;Verifica merce ricevuta;2026-07-10T09:08:09Z;2026-07-10T09:17:43Z;reparto
RDA-20260165;Rileva fabbisogno durante il giro impianti;2026-07-07T12:34:47Z;2026-07-07T12:45:49Z;reparto
RDA-20260165;Invia richiesta all'Ufficio Tecnico;2026-07-07T12:45:49Z;2026-07-07T12:50:53Z;reparto
RDA-20260165;Ricostruisci richiesta e informazioni mancanti;2026-07-07T12:50:53Z;2026-07-07T13:06:47Z;l.conti
RDA-20260165;Invia richiesta ad Acquisti;2026-07-07T13:06:47Z;2026-07-07T13:11:33Z;l.conti
RDA-20260165;Verifica lavorabilità della richiesta;2026-07-07T13:11:33Z;2026-07-07T13:27:16Z;f.neri
RDA-20260165;Richiedi autorizzazione al responsabile;2026-07-07T13:27:16Z;2026-07-07T13:31:23Z;f.neri
RDA-20260165;Autorizza spesa;2026-07-09T14:33:47Z;2026-07-09T14:46:13Z;resp.acquisti
RDA-20260165;Seleziona fornitore o richiedi quotazioni;2026-07-10T07:47:38Z;2026-07-10T08:12:56Z;f.neri
RDA-20260165;Emetti ordine al fornitore;2026-07-10T09:34:46Z;2026-07-10T09:49:50Z;f.neri
RDA-20260165;Ricevi merce in magazzino;2026-07-10T09:49:50Z;2026-07-10T09:57:35Z;magazzino
RDA-20260165;Verifica merce ricevuta;2026-07-10T09:57:35Z;2026-07-10T10:06:39Z;reparto
RDA-20260166;Rileva fabbisogno durante il giro impianti;2026-07-07T14:05:05Z;2026-07-07T14:12:08Z;reparto
RDA-20260166;Invia richiesta all'Ufficio Tecnico;2026-07-07T14:12:08Z;2026-07-07T14:16:19Z;reparto
RDA-20260166;Ricostruisci richiesta e informazioni mancanti;2026-07-07T14:16:19Z;2026-07-07T14:54:36Z;l.conti
RDA-20260166;Invia richiesta ad Acquisti;2026-07-07T14:54:36Z;2026-07-07T14:57:57Z;l.conti
RDA-20260166;Verifica lavorabilità della richiesta;2026-07-08T08:16:51Z;2026-07-08T08:27:38Z;f.neri
RDA-20260166;Richiedi integrazione della richiesta;2026-07-08T10:02:34Z;2026-07-08T10:11:52Z;f.neri
RDA-20260166;Ricostruisci richiesta e informazioni mancanti;2026-07-08T10:11:52Z;2026-07-08T10:29:57Z;l.conti
RDA-20260166;Invia richiesta ad Acquisti;2026-07-08T10:41:13Z;2026-07-08T10:46:16Z;l.conti
RDA-20260166;Verifica lavorabilità della richiesta;2026-07-08T11:09:25Z;2026-07-08T11:15:37Z;f.neri
RDA-20260166;Richiedi autorizzazione al responsabile;2026-07-08T11:49:33Z;2026-07-08T11:53:11Z;f.neri
RDA-20260166;Autorizza spesa;2026-07-14T14:10:01Z;2026-07-14T14:22:04Z;resp.acquisti
RDA-20260166;Seleziona fornitore o richiedi quotazioni;2026-07-15T09:19:10Z;2026-07-15T09:41:05Z;f.neri
RDA-20260166;Emetti ordine al fornitore;2026-07-15T14:25:35Z;2026-07-15T14:41:04Z;f.neri
RDA-20260166;Ricevi merce in magazzino;2026-07-15T14:41:04Z;2026-07-15T14:47:15Z;magazzino
RDA-20260166;Verifica merce ricevuta;2026-07-15T14:47:15Z;2026-07-16T07:00:56Z;reparto
RDA-20260167;Rileva fabbisogno durante il giro impianti;2026-07-08T07:00:00Z;2026-07-08T07:06:47Z;reparto
RDA-20260167;Invia richiesta all'Ufficio Tecnico;2026-07-08T07:06:47Z;2026-07-08T07:10:32Z;reparto
RDA-20260167;Ricostruisci richiesta e informazioni mancanti;2026-07-08T07:10:32Z;2026-07-08T07:15:02Z;l.conti
RDA-20260167;Invia richiesta ad Acquisti;2026-07-08T07:15:02Z;2026-07-08T07:21:25Z;l.conti
RDA-20260167;Verifica lavorabilità della richiesta;2026-07-08T08:38:50Z;2026-07-08T08:41:47Z;f.neri
RDA-20260167;Richiedi integrazione della richiesta;2026-07-08T10:11:52Z;2026-07-08T10:21:54Z;f.neri
RDA-20260167;Ricostruisci richiesta e informazioni mancanti;2026-07-08T10:29:57Z;2026-07-08T10:41:13Z;l.conti
RDA-20260167;Invia richiesta ad Acquisti;2026-07-08T10:46:16Z;2026-07-08T10:51:10Z;l.conti
RDA-20260167;Verifica lavorabilità della richiesta;2026-07-08T11:15:37Z;2026-07-08T11:24:57Z;f.neri
RDA-20260167;Seleziona fornitore o richiedi quotazioni;2026-07-08T11:53:11Z;2026-07-08T12:14:38Z;f.neri
RDA-20260167;Emetti ordine al fornitore;2026-07-08T12:33:54Z;2026-07-08T12:46:13Z;f.neri
RDA-20260167;Ricevi merce in magazzino;2026-07-08T12:46:13Z;2026-07-08T12:56:18Z;magazzino
RDA-20260167;Verifica merce ricevuta;2026-07-08T12:56:18Z;2026-07-08T12:58:10Z;reparto
RDA-20260168;Rileva fabbisogno durante il giro impianti;2026-07-08T07:02:19Z;2026-07-08T07:13:34Z;reparto
RDA-20260168;Invia richiesta all'Ufficio Tecnico;2026-07-08T07:13:34Z;2026-07-08T07:19:32Z;reparto
RDA-20260168;Ricostruisci richiesta e informazioni mancanti;2026-07-08T07:21:25Z;2026-07-08T07:26:38Z;l.conti
RDA-20260168;Invia richiesta ad Acquisti;2026-07-08T07:26:38Z;2026-07-08T07:29:58Z;l.conti
RDA-20260168;Verifica lavorabilità della richiesta;2026-07-08T08:50:02Z;2026-07-08T09:02:50Z;f.neri
RDA-20260168;Richiedi autorizzazione al responsabile;2026-07-08T10:32:57Z;2026-07-08T10:38:14Z;f.neri
RDA-20260168;Autorizza spesa;2026-07-09T14:46:13Z;2026-07-14T14:01:51Z;resp.acquisti
RDA-20260168;Seleziona fornitore o richiedi quotazioni;2026-07-15T08:47:33Z;2026-07-15T09:02:45Z;f.neri
RDA-20260168;Emetti ordine al fornitore;2026-07-15T13:39:49Z;2026-07-15T13:52:33Z;f.neri
RDA-20260168;Ricevi merce in magazzino;2026-07-15T13:52:33Z;2026-07-15T14:01:54Z;magazzino
RDA-20260168;Verifica merce ricevuta;2026-07-15T14:01:54Z;2026-07-15T14:15:29Z;reparto
RDA-20260169;Rileva fabbisogno durante il giro impianti;2026-07-08T07:32:44Z;2026-07-08T07:42:01Z;reparto
RDA-20260169;Invia richiesta all'Ufficio Tecnico;2026-07-08T07:42:01Z;2026-07-08T07:48:02Z;reparto
RDA-20260169;Ricostruisci richiesta e informazioni mancanti;2026-07-08T07:48:02Z;2026-07-08T07:53:40Z;l.conti
RDA-20260169;Invia richiesta ad Acquisti;2026-07-08T07:53:40Z;2026-07-08T07:58:56Z;l.conti
RDA-20260169;Verifica lavorabilità della richiesta;2026-07-08T09:13:00Z;2026-07-08T09:24:24Z;f.neri
RDA-20260169;Richiedi integrazione della richiesta;2026-07-08T10:38:14Z;2026-07-08T10:51:17Z;f.neri
RDA-20260169;Ricostruisci richiesta e informazioni mancanti;2026-07-08T10:51:17Z;2026-07-08T10:58:33Z;l.conti
RDA-20260169;Invia richiesta ad Acquisti;2026-07-08T10:58:33Z;2026-07-08T11:03:19Z;l.conti
RDA-20260169;Verifica lavorabilità della richiesta;2026-07-08T11:24:57Z;2026-07-08T11:35:43Z;f.neri
RDA-20260169;Richiedi integrazione della richiesta;2026-07-08T12:14:38Z;2026-07-08T12:22:18Z;f.neri
RDA-20260169;Ricostruisci richiesta e informazioni mancanti;2026-07-08T12:22:18Z;2026-07-08T12:25:32Z;l.conti
RDA-20260169;Invia richiesta ad Acquisti;2026-07-08T12:38:29Z;2026-07-08T12:44:25Z;l.conti
RDA-20260169;Verifica lavorabilità della richiesta;2026-07-08T12:58:57Z;2026-07-08T13:06:15Z;f.neri
RDA-20260169;Richiedi integrazione della richiesta;2026-07-08T13:19:07Z;2026-07-08T13:34:39Z;f.neri
RDA-20260169;Ricostruisci richiesta e informazioni mancanti;2026-07-08T13:34:39Z;2026-07-08T13:37:43Z;l.conti
RDA-20260169;Invia richiesta ad Acquisti;2026-07-08T13:37:43Z;2026-07-08T13:44:16Z;l.conti
RDA-20260169;Verifica lavorabilità della richiesta;2026-07-08T14:10:25Z;2026-07-08T14:13:15Z;f.neri
RDA-20260169;Richiedi autorizzazione al responsabile;2026-07-08T14:30:54Z;2026-07-08T14:33:18Z;f.neri
RDA-20260169;Autorizza spesa;2026-07-14T14:22:04Z;2026-07-14T14:32:08Z;resp.acquisti
RDA-20260169;Seleziona fornitore o richiedi quotazioni;2026-07-15T09:57:20Z;2026-07-15T10:14:19Z;f.neri
RDA-20260169;Emetti ordine al fornitore;2026-07-16T07:00:14Z;2026-07-16T07:11:04Z;f.neri
RDA-20260169;Ricevi merce in magazzino;2026-07-16T07:11:04Z;2026-07-16T07:25:12Z;magazzino
RDA-20260169;Verifica merce ricevuta;2026-07-16T07:25:12Z;2026-07-16T07:38:22Z;reparto
RDA-20260170;Rileva fabbisogno durante il giro impianti;2026-07-08T08:03:54Z;2026-07-08T08:10:57Z;reparto
RDA-20260170;Invia richiesta all'Ufficio Tecnico;2026-07-08T08:10:57Z;2026-07-08T08:15:34Z;reparto
RDA-20260170;Ricostruisci richiesta e informazioni mancanti;2026-07-08T08:15:34Z;2026-07-08T08:17:38Z;l.conti
RDA-20260170;Invia richiesta ad Acquisti;2026-07-08T08:17:38Z;2026-07-08T08:23:40Z;l.conti
RDA-20260170;Verifica lavorabilità della richiesta;2026-07-08T09:47:56Z;2026-07-08T10:02:34Z;f.neri
RDA-20260170;Richiedi integrazione della richiesta;2026-07-08T10:51:17Z;2026-07-08T11:03:52Z;f.neri
RDA-20260170;Ricostruisci richiesta e informazioni mancanti;2026-07-08T11:03:52Z;2026-07-08T11:11:29Z;l.conti
RDA-20260170;Invia richiesta ad Acquisti;2026-07-08T11:11:29Z;2026-07-08T11:15:20Z;l.conti
RDA-20260170;Verifica lavorabilità della richiesta;2026-07-08T11:35:43Z;2026-07-08T11:49:33Z;f.neri
RDA-20260170;Seleziona fornitore o richiedi quotazioni;2026-07-08T12:22:18Z;2026-07-08T12:33:54Z;f.neri
RDA-20260170;Emetti ordine al fornitore;2026-07-08T12:46:13Z;2026-07-08T12:58:57Z;f.neri
RDA-20260170;Ricevi merce in magazzino;2026-07-08T12:58:57Z;2026-07-08T13:06:34Z;magazzino
RDA-20260170;Verifica merce ricevuta;2026-07-08T13:06:34Z;2026-07-08T13:15:10Z;reparto
RDA-20260171;Rileva fabbisogno durante il giro impianti;2026-07-08T08:16:15Z;2026-07-08T08:26:57Z;reparto
RDA-20260171;Invia richiesta all'Ufficio Tecnico;2026-07-08T08:26:57Z;2026-07-08T08:31:25Z;reparto
RDA-20260171;Ricostruisci richiesta e informazioni mancanti;2026-07-08T08:31:25Z;2026-07-08T08:44:50Z;l.conti
RDA-20260171;Invia richiesta ad Acquisti;2026-07-08T08:44:50Z;2026-07-08T08:51:17Z;l.conti
RDA-20260171;Verifica lavorabilità della richiesta;2026-07-08T10:21:54Z;2026-07-08T10:32:57Z;f.neri
RDA-20260171;Richiedi autorizzazione al responsabile;2026-07-08T11:03:52Z;2026-07-08T11:09:25Z;f.neri
RDA-20260171;Autorizza spesa;2026-07-14T14:01:51Z;2026-07-14T14:10:01Z;resp.acquisti
RDA-20260171;Seleziona fornitore o richiedi quotazioni;2026-07-15T09:02:45Z;2026-07-15T09:10:25Z;f.neri
RDA-20260171;Emetti ordine al fornitore;2026-07-15T13:52:33Z;2026-07-15T14:03:54Z;f.neri
RDA-20260171;Ricevi merce in magazzino;2026-07-15T14:03:54Z;2026-07-15T14:13:03Z;magazzino
RDA-20260171;Verifica merce ricevuta;2026-07-15T14:13:03Z;2026-07-15T14:22:35Z;reparto
RDA-20260172;Rileva fabbisogno durante il giro impianti;2026-07-08T12:08:10Z;2026-07-08T12:18:38Z;reparto
RDA-20260172;Invia richiesta all'Ufficio Tecnico;2026-07-08T12:18:38Z;2026-07-08T12:22:43Z;reparto
RDA-20260172;Ricostruisci richiesta e informazioni mancanti;2026-07-08T12:25:32Z;2026-07-08T12:29:52Z;l.conti
RDA-20260172;Invia richiesta ad Acquisti;2026-07-08T12:44:25Z;2026-07-08T12:51:30Z;l.conti
RDA-20260172;Verifica lavorabilità della richiesta;2026-07-08T13:06:15Z;2026-07-08T13:13:39Z;f.neri
RDA-20260172;Richiedi integrazione della richiesta;2026-07-08T13:34:39Z;2026-07-08T13:43:11Z;f.neri
RDA-20260172;Ricostruisci richiesta e informazioni mancanti;2026-07-08T13:44:16Z;2026-07-08T14:00:07Z;l.conti
RDA-20260172;Invia richiesta ad Acquisti;2026-07-08T14:00:07Z;2026-07-08T14:06:51Z;l.conti
RDA-20260172;Verifica lavorabilità della richiesta;2026-07-08T14:13:15Z;2026-07-08T14:19:46Z;f.neri
RDA-20260172;Richiedi integrazione della richiesta;2026-07-08T14:33:18Z;2026-07-08T14:38:23Z;f.neri
RDA-20260172;Ricostruisci richiesta e informazioni mancanti;2026-07-08T14:45:31Z;2026-07-08T14:57:40Z;l.conti
RDA-20260172;Invia richiesta ad Acquisti;2026-07-09T07:00:40Z;2026-07-09T07:05:02Z;l.conti
RDA-20260172;Verifica lavorabilità della richiesta;2026-07-09T07:19:07Z;2026-07-09T07:27:39Z;f.neri
RDA-20260172;Richiedi integrazione della richiesta;2026-07-09T07:42:57Z;2026-07-09T07:50:25Z;f.neri
RDA-20260172;Ricostruisci richiesta e informazioni mancanti;2026-07-09T07:58:17Z;2026-07-09T08:23:55Z;l.conti
RDA-20260172;Invia richiesta ad Acquisti;2026-07-09T08:29:37Z;2026-07-09T08:36:07Z;l.conti
RDA-20260172;Verifica lavorabilità della richiesta;2026-07-09T09:21:24Z;2026-07-09T09:35:33Z;f.neri
RDA-20260172;Seleziona fornitore o richiedi quotazioni;2026-07-09T10:07:08Z;2026-07-09T10:25:11Z;f.neri
RDA-20260172;Emetti ordine al fornitore;2026-07-09T11:21:39Z;2026-07-09T11:32:17Z;f.neri
RDA-20260172;Ricevi merce in magazzino;2026-07-09T11:32:17Z;2026-07-09T11:46:07Z;magazzino
RDA-20260172;Verifica merce ricevuta;2026-07-09T11:46:07Z;2026-07-09T11:54:56Z;reparto
RDA-20260173;Rileva fabbisogno durante il giro impianti;2026-07-08T12:11:08Z;2026-07-08T12:20:45Z;reparto
RDA-20260173;Invia richiesta all'Ufficio Tecnico;2026-07-08T12:20:45Z;2026-07-08T12:24:24Z;reparto
RDA-20260173;Ricostruisci richiesta e informazioni mancanti;2026-07-08T12:29:52Z;2026-07-08T12:38:29Z;l.conti
RDA-20260173;Invia richiesta ad Acquisti;2026-07-08T12:51:30Z;2026-07-08T12:56:04Z;l.conti
RDA-20260173;Verifica lavorabilità della richiesta;2026-07-08T13:13:39Z;2026-07-08T13:19:07Z;f.neri
RDA-20260173;Seleziona fornitore o richiedi quotazioni;2026-07-08T13:43:11Z;2026-07-08T14:10:25Z;f.neri
RDA-20260173;Emetti ordine al fornitore;2026-07-08T14:19:46Z;2026-07-08T14:30:54Z;f.neri
RDA-20260173;Ricevi merce in magazzino;2026-07-08T14:30:54Z;2026-07-08T14:40:01Z;magazzino
RDA-20260173;Verifica merce ricevuta;2026-07-08T14:40:01Z;2026-07-08T14:47:14Z;reparto
RDA-20260174;Rileva fabbisogno durante il giro impianti;2026-07-08T13:58:19Z;2026-07-08T14:07:11Z;reparto
RDA-20260174;Invia richiesta all'Ufficio Tecnico;2026-07-08T14:07:11Z;2026-07-08T14:11:45Z;reparto
RDA-20260174;Ricostruisci richiesta e informazioni mancanti;2026-07-08T14:11:45Z;2026-07-08T14:23:08Z;l.conti
RDA-20260174;Invia richiesta ad Acquisti;2026-07-08T14:39:31Z;2026-07-08T14:45:31Z;l.conti
RDA-20260174;Verifica lavorabilità della richiesta;2026-07-08T14:45:31Z;2026-07-08T14:51:43Z;f.neri
RDA-20260174;Seleziona fornitore o richiedi quotazioni;2026-07-08T14:51:43Z;2026-07-09T07:10:20Z;f.neri
RDA-20260174;Emetti ordine al fornitore;2026-07-09T07:27:39Z;2026-07-09T07:38:48Z;f.neri
RDA-20260174;Ricevi merce in magazzino;2026-07-09T07:38:48Z;2026-07-09T07:48:30Z;magazzino
RDA-20260174;Verifica merce ricevuta;2026-07-09T07:48:30Z;2026-07-09T08:01:30Z;reparto
RDA-20260175;Rileva fabbisogno durante il giro impianti;2026-07-08T14:05:25Z;2026-07-08T14:14:24Z;reparto
RDA-20260175;Invia richiesta all'Ufficio Tecnico;2026-07-08T14:14:24Z;2026-07-08T14:17:57Z;reparto
RDA-20260175;Ricostruisci richiesta e informazioni mancanti;2026-07-08T14:23:08Z;2026-07-08T14:39:31Z;l.conti
RDA-20260175;Invia richiesta ad Acquisti;2026-07-08T14:57:40Z;2026-07-09T07:00:40Z;l.conti
RDA-20260175;Verifica lavorabilità della richiesta;2026-07-09T07:10:20Z;2026-07-09T07:19:07Z;f.neri
RDA-20260175;Richiedi integrazione della richiesta;2026-07-09T07:38:48Z;2026-07-09T07:42:57Z;f.neri
RDA-20260175;Ricostruisci richiesta e informazioni mancanti;2026-07-09T07:48:00Z;2026-07-09T07:55:02Z;l.conti
RDA-20260175;Invia richiesta ad Acquisti;2026-07-09T08:23:55Z;2026-07-09T08:29:37Z;l.conti
RDA-20260175;Verifica lavorabilità della richiesta;2026-07-09T09:11:07Z;2026-07-09T09:21:24Z;f.neri
RDA-20260175;Richiedi integrazione della richiesta;2026-07-09T10:01:44Z;2026-07-09T10:07:08Z;f.neri
RDA-20260175;Ricostruisci richiesta e informazioni mancanti;2026-07-09T10:08:02Z;2026-07-09T10:13:46Z;l.conti
RDA-20260175;Invia richiesta ad Acquisti;2026-07-09T10:17:53Z;2026-07-09T10:23:03Z;l.conti
RDA-20260175;Verifica lavorabilità della richiesta;2026-07-09T11:13:16Z;2026-07-09T11:21:39Z;f.neri
RDA-20260175;Richiedi integrazione della richiesta;2026-07-09T12:35:43Z;2026-07-09T12:51:21Z;f.neri
RDA-20260175;Ricostruisci richiesta e informazioni mancanti;2026-07-09T13:06:45Z;2026-07-09T13:20:19Z;l.conti
RDA-20260175;Invia richiesta ad Acquisti;2026-07-09T13:47:54Z;2026-07-09T13:52:32Z;l.conti
RDA-20260175;Verifica lavorabilità della richiesta;2026-07-09T13:56:36Z;2026-07-09T14:04:21Z;f.neri
RDA-20260175;Richiedi integrazione della richiesta;2026-07-09T14:04:21Z;2026-07-09T14:14:59Z;f.neri
RDA-20260175;Ricostruisci richiesta e informazioni mancanti;2026-07-10T07:14:34Z;2026-07-10T07:37:55Z;l.conti
RDA-20260175;Invia richiesta ad Acquisti;2026-07-10T08:54:22Z;2026-07-10T08:58:32Z;l.conti
RDA-20260175;Verifica lavorabilità della richiesta;2026-07-10T10:19:36Z;2026-07-10T10:31:06Z;f.neri
RDA-20260175;Richiedi autorizzazione al responsabile;2026-07-10T11:43:44Z;2026-07-10T11:48:30Z;f.neri
RDA-20260175;Autorizza spesa;2026-07-14T14:46:16Z;2026-07-14T14:56:28Z;resp.acquisti
RDA-20260175;Seleziona fornitore o richiedi quotazioni;2026-07-15T10:54:45Z;2026-07-15T11:18:03Z;f.neri
RDA-20260175;Emetti ordine al fornitore;2026-07-16T07:44:22Z;2026-07-16T07:50:14Z;f.neri
RDA-20260175;Ricevi merce in magazzino;2026-07-16T07:50:14Z;2026-07-16T07:57:21Z;magazzino
RDA-20260175;Verifica merce ricevuta;2026-07-16T07:57:21Z;2026-07-16T08:11:30Z;reparto
RDA-20260176;Rileva fabbisogno durante il giro impianti;2026-07-08T14:48:23Z;2026-07-08T14:58:25Z;reparto
RDA-20260176;Invia richiesta all'Ufficio Tecnico;2026-07-08T14:58:25Z;2026-07-09T07:01:50Z;reparto
RDA-20260176;Ricostruisci richiesta e informazioni mancanti;2026-07-09T07:05:02Z;2026-07-09T07:20:13Z;l.conti
RDA-20260176;Invia richiesta ad Acquisti;2026-07-09T07:30:29Z;2026-07-09T07:34:42Z;l.conti
RDA-20260176;Verifica lavorabilità della richiesta;2026-07-09T07:50:25Z;2026-07-09T08:04:02Z;f.neri
RDA-20260176;Richiedi integrazione della richiesta;2026-07-09T08:23:17Z;2026-07-09T08:32:19Z;f.neri
RDA-20260176;Ricostruisci richiesta e informazioni mancanti;2026-07-09T08:36:07Z;2026-07-09T08:56:17Z;l.conti
RDA-20260176;Invia richiesta ad Acquisti;2026-07-09T08:59:44Z;2026-07-09T09:05:16Z;l.conti
RDA-20260176;Verifica lavorabilità della richiesta;2026-07-09T09:48:05Z;2026-07-09T09:57:46Z;f.neri
RDA-20260176;Seleziona fornitore o richiedi quotazioni;2026-07-09T10:37:44Z;2026-07-09T10:54:07Z;f.neri
RDA-20260176;Emetti ordine al fornitore;2026-07-09T12:09:37Z;2026-07-09T12:18:20Z;f.neri
RDA-20260176;Ricevi merce in magazzino;2026-07-09T12:18:20Z;2026-07-09T12:27:01Z;magazzino
RDA-20260176;Verifica merce ricevuta;2026-07-09T12:27:01Z;2026-07-09T12:41:03Z;reparto
RDA-20260177;Rileva fabbisogno durante il giro impianti;2026-07-09T07:00:00Z;2026-07-09T07:09:48Z;reparto
RDA-20260177;Invia richiesta all'Ufficio Tecnico;2026-07-09T07:09:48Z;2026-07-09T07:15:32Z;reparto
RDA-20260177;Ricostruisci richiesta e informazioni mancanti;2026-07-09T07:20:13Z;2026-07-09T07:30:29Z;l.conti
RDA-20260177;Invia richiesta ad Acquisti;2026-07-09T07:34:42Z;2026-07-09T07:40:43Z;l.conti
RDA-20260177;Verifica lavorabilità della richiesta;2026-07-09T08:04:02Z;2026-07-09T08:10:53Z;f.neri
RDA-20260177;Seleziona fornitore o richiedi quotazioni;2026-07-09T08:32:19Z;2026-07-09T09:01:46Z;f.neri
RDA-20260177;Emetti ordine al fornitore;2026-07-09T09:35:33Z;2026-07-09T09:48:05Z;f.neri
RDA-20260177;Ricevi merce in magazzino;2026-07-09T09:48:05Z;2026-07-09T09:58:03Z;magazzino
RDA-20260177;Verifica merce ricevuta;2026-07-09T09:58:03Z;2026-07-09T10:08:47Z;reparto
RDA-20260178;Rileva fabbisogno durante il giro impianti;2026-07-09T07:19:12Z;2026-07-09T07:29:33Z;reparto
RDA-20260178;Invia richiesta all'Ufficio Tecnico;2026-07-09T07:29:33Z;2026-07-09T07:34:22Z;reparto
RDA-20260178;Ricostruisci richiesta e informazioni mancanti;2026-07-09T07:40:43Z;2026-07-09T07:48:00Z;l.conti
RDA-20260178;Invia richiesta ad Acquisti;2026-07-09T07:55:02Z;2026-07-09T07:58:17Z;l.conti
RDA-20260178;Verifica lavorabilità della richiesta;2026-07-09T08:10:53Z;2026-07-09T08:23:17Z;f.neri
RDA-20260178;Richiedi integrazione della richiesta;2026-07-09T09:01:46Z;2026-07-09T09:11:07Z;f.neri
RDA-20260178;Ricostruisci richiesta e informazioni mancanti;2026-07-09T09:11:24Z;2026-07-09T09:46:53Z;l.conti
RDA-20260178;Invia richiesta ad Acquisti;2026-07-09T09:46:53Z;2026-07-09T09:53:06Z;l.conti
RDA-20260178;Verifica lavorabilità della richiesta;2026-07-09T10:25:11Z;2026-07-09T10:37:44Z;f.neri
RDA-20260178;Seleziona fornitore o richiedi quotazioni;2026-07-09T11:32:17Z;2026-07-09T11:57:52Z;f.neri
RDA-20260178;Emetti ordine al fornitore;2026-07-09T12:51:21Z;2026-07-09T12:59:02Z;f.neri
RDA-20260178;Ricevi merce in magazzino;2026-07-09T12:59:02Z;2026-07-09T13:05:59Z;magazzino
RDA-20260178;Verifica merce ricevuta;2026-07-09T13:05:59Z;2026-07-09T13:16:42Z;reparto
RDA-20260179;Rileva fabbisogno durante il giro impianti;2026-07-09T08:29:52Z;2026-07-09T08:39:32Z;reparto
RDA-20260179;Invia richiesta all'Ufficio Tecnico;2026-07-09T08:39:32Z;2026-07-09T08:44:32Z;reparto
RDA-20260179;Ricostruisci richiesta e informazioni mancanti;2026-07-09T08:56:17Z;2026-07-09T08:59:44Z;l.conti
RDA-20260179;Invia richiesta ad Acquisti;2026-07-09T09:05:16Z;2026-07-09T09:11:24Z;l.conti
RDA-20260179;Verifica lavorabilità della richiesta;2026-07-09T09:57:46Z;2026-07-09T10:01:44Z;f.neri
RDA-20260179;Richiedi integrazione della richiesta;2026-07-09T10:54:07Z;2026-07-09T10:59:31Z;f.neri
RDA-20260179;Ricostruisci richiesta e informazioni mancanti;2026-07-09T10:59:31Z;2026-07-09T11:06:23Z;l.conti
RDA-20260179;Invia richiesta ad Acquisti;2026-07-09T11:06:23Z;2026-07-09T11:12:17Z;l.conti
RDA-20260179;Verifica lavorabilità della richiesta;2026-07-09T12:18:20Z;2026-07-09T12:29:15Z;f.neri
RDA-20260179;Richiedi integrazione della richiesta;2026-07-09T13:10:46Z;2026-07-09T13:22:06Z;f.neri
RDA-20260179;Ricostruisci richiesta e informazioni mancanti;2026-07-09T14:12:32Z;2026-07-09T14:33:25Z;l.conti
RDA-20260179;Invia richiesta ad Acquisti;2026-07-10T07:37:55Z;2026-07-10T07:42:33Z;l.conti
RDA-20260179;Verifica lavorabilità della richiesta;2026-07-10T09:16:00Z;2026-07-10T09:23:30Z;f.neri
RDA-20260179;Richiedi integrazione della richiesta;2026-07-10T11:02:58Z;2026-07-10T11:11:07Z;f.neri
RDA-20260179;Ricostruisci richiesta e informazioni mancanti;2026-07-10T11:49:46Z;2026-07-10T11:55:38Z;l.conti
RDA-20260179;Invia richiesta ad Acquisti;2026-07-10T12:55:54Z;2026-07-10T13:02:27Z;l.conti
RDA-20260179;Verifica lavorabilità della richiesta;2026-07-10T14:07:49Z;2026-07-10T14:20:45Z;f.neri
RDA-20260179;Richiedi integrazione della richiesta;2026-07-13T07:29:20Z;2026-07-13T07:35:19Z;f.neri
RDA-20260179;Ricostruisci richiesta e informazioni mancanti;2026-07-13T08:50:34Z;2026-07-13T09:00:45Z;l.conti
RDA-20260179;Invia richiesta ad Acquisti;2026-07-13T10:53:50Z;2026-07-13T10:56:38Z;l.conti
RDA-20260179;Verifica lavorabilità della richiesta;2026-07-13T11:34:31Z;2026-07-13T11:43:32Z;f.neri
RDA-20260179;Richiedi integrazione della richiesta;2026-07-13T12:14:26Z;2026-07-13T12:21:35Z;f.neri
RDA-20260179;Ricostruisci richiesta e informazioni mancanti;2026-07-13T13:28:18Z;2026-07-13T13:42:53Z;l.conti
RDA-20260179;Invia richiesta ad Acquisti;2026-07-13T14:57:35Z;2026-07-14T07:02:36Z;l.conti
RDA-20260179;Verifica lavorabilità della richiesta;2026-07-14T07:51:03Z;2026-07-14T08:05:23Z;f.neri
RDA-20260179;Richiedi autorizzazione al responsabile;2026-07-14T09:15:41Z;2026-07-14T09:20:44Z;f.neri
RDA-20260179;Autorizza spesa;2026-07-16T14:42:28Z;2026-07-16T14:51:13Z;resp.acquisti
RDA-20260179;Seleziona fornitore o richiedi quotazioni;2026-07-17T09:17:17Z;2026-07-17T09:35:50Z;f.neri
RDA-20260179;Emetti ordine al fornitore;2026-07-17T12:46:45Z;2026-07-17T12:58:37Z;f.neri
RDA-20260179;Ricevi merce in magazzino;2026-07-17T12:58:57Z;2026-07-17T13:09:36Z;magazzino
RDA-20260179;Verifica merce ricevuta;2026-07-17T13:09:36Z;2026-07-17T13:19:46Z;reparto
RDA-20260180;Rileva fabbisogno durante il giro impianti;2026-07-09T09:43:23Z;2026-07-09T09:52:47Z;reparto
RDA-20260180;Invia richiesta all'Ufficio Tecnico;2026-07-09T09:52:47Z;2026-07-09T09:59:07Z;reparto
RDA-20260180;Ricostruisci richiesta e informazioni mancanti;2026-07-09T09:59:07Z;2026-07-09T10:08:02Z;l.conti
RDA-20260180;Invia richiesta ad Acquisti;2026-07-09T10:13:46Z;2026-07-09T10:17:53Z;l.conti
RDA-20260180;Verifica lavorabilità della richiesta;2026-07-09T10:59:31Z;2026-07-09T11:13:16Z;f.neri
RDA-20260180;Richiedi integrazione della richiesta;2026-07-09T12:29:15Z;2026-07-09T12:35:43Z;f.neri
RDA-20260180;Ricostruisci richiesta e informazioni mancanti;2026-07-09T12:35:43Z;2026-07-09T12:55:15Z;l.conti
RDA-20260180;Invia richiesta ad Acquisti;2026-07-09T13:20:19Z;2026-07-09T13:23:58Z;l.conti
RDA-20260180;Verifica lavorabilità della richiesta;2026-07-09T13:23:58Z;2026-07-09T13:34:02Z;f.neri
RDA-20260180;Richiedi integrazione della richiesta;2026-07-09T13:34:02Z;2026-07-09T13:45:54Z;f.neri
RDA-20260180;Ricostruisci richiesta e informazioni mancanti;2026-07-09T14:37:49Z;2026-07-09T14:49:21Z;l.conti
RDA-20260180;Invia richiesta ad Acquisti;2026-07-10T08:08:08Z;2026-07-10T08:13:25Z;l.conti
RDA-20260180;Verifica lavorabilità della richiesta;2026-07-10T09:49:50Z;2026-07-10T10:00:53Z;f.neri
RDA-20260180;Richiedi autorizzazione al responsabile;2026-07-10T11:21:32Z;2026-07-10T11:26:06Z;f.neri
RDA-20260180;Autorizza spesa;2026-07-14T14:32:08Z;2026-07-14T14:46:16Z;resp.acquisti
RDA-20260180;Seleziona fornitore o richiedi quotazioni;2026-07-15T10:22:54Z;2026-07-15T10:54:45Z;f.neri
RDA-20260180;Emetti ordine al fornitore;2026-07-16T07:23:03Z;2026-07-16T07:35:55Z;f.neri
RDA-20260180;Ricevi merce in magazzino;2026-07-16T07:35:55Z;2026-07-16T07:47:00Z;magazzino
RDA-20260180;Verifica merce ricevuta;2026-07-16T07:47:00Z;2026-07-16T07:53:20Z;reparto
RDA-20260181;Rileva fabbisogno durante il giro impianti;2026-07-09T10:19:59Z;2026-07-09T10:30:02Z;reparto
RDA-20260181;Invia richiesta all'Ufficio Tecnico;2026-07-09T10:30:02Z;2026-07-09T10:35:44Z;reparto
RDA-20260181;Ricostruisci richiesta e informazioni mancanti;2026-07-09T10:35:44Z;2026-07-09T10:45:44Z;l.conti
RDA-20260181;Invia richiesta ad Acquisti;2026-07-09T10:45:44Z;2026-07-09T10:52:14Z;l.conti
RDA-20260181;Verifica lavorabilità della richiesta;2026-07-09T11:57:52Z;2026-07-09T12:09:37Z;f.neri
RDA-20260181;Richiedi integrazione della richiesta;2026-07-09T12:59:02Z;2026-07-09T13:10:46Z;f.neri
RDA-20260181;Ricostruisci richiesta e informazioni mancanti;2026-07-09T13:37:48Z;2026-07-09T13:47:54Z;l.conti
RDA-20260181;Invia richiesta ad Acquisti;2026-07-09T14:49:21Z;2026-07-09T14:53:08Z;l.conti
RDA-20260181;Verifica lavorabilità della richiesta;2026-07-10T08:12:56Z;2026-07-10T08:26:55Z;f.neri
RDA-20260181;Richiedi integrazione della richiesta;2026-07-10T10:15:35Z;2026-07-10T10:19:36Z;f.neri
RDA-20260181;Ricostruisci richiesta e informazioni mancanti;2026-07-10T10:45:35Z;2026-07-10T11:00:53Z;l.conti
RDA-20260181;Invia richiesta ad Acquisti;2026-07-10T11:44:44Z;2026-07-10T11:49:46Z;l.conti
RDA-20260181;Verifica lavorabilità della richiesta;2026-07-10T13:00:38Z;2026-07-10T13:11:09Z;f.neri
RDA-20260181;Richiedi integrazione della richiesta;2026-07-10T14:29:55Z;2026-07-10T14:37:36Z;f.neri
RDA-20260181;Ricostruisci richiesta e informazioni mancanti;2026-07-13T07:21:25Z;2026-07-13T07:31:14Z;l.conti
RDA-20260181;Invia richiesta ad Acquisti;2026-07-13T08:45:23Z;2026-07-13T08:50:34Z;l.conti
RDA-20260181;Verifica lavorabilità della richiesta;2026-07-13T09:56:54Z;2026-07-13T10:06:17Z;f.neri
RDA-20260181;Richiedi integrazione della richiesta;2026-07-13T10:59:23Z;2026-07-13T11:06:29Z;f.neri
RDA-20260181;Ricostruisci richiesta e informazioni mancanti;2026-07-13T12:41:44Z;2026-07-13T12:45:01Z;l.conti
RDA-20260181;Invia richiesta ad Acquisti;2026-07-13T13:52:38Z;2026-07-13T13:58:25Z;l.conti
RDA-20260181;Verifica lavorabilità della richiesta;2026-07-13T14:49:00Z;2026-07-14T07:01:01Z;f.neri
RDA-20260181;Richiedi integrazione della richiesta;2026-07-14T07:40:21Z;2026-07-14T07:51:03Z;f.neri
RDA-20260181;Ricostruisci richiesta e informazioni mancanti;2026-07-14T09:03:47Z;2026-07-14T09:09:17Z;l.conti
RDA-20260181;Invia richiesta ad Acquisti;2026-07-14T10:10:27Z;2026-07-14T10:14:09Z;l.conti
RDA-20260181;Verifica lavorabilità della richiesta;2026-07-14T11:15:01Z;2026-07-14T11:21:10Z;f.neri
RDA-20260181;Richiedi integrazione della richiesta;2026-07-14T12:56:35Z;2026-07-14T13:06:09Z;f.neri
RDA-20260181;Ricostruisci richiesta e informazioni mancanti;2026-07-14T13:23:10Z;2026-07-14T13:32:03Z;l.conti
RDA-20260181;Invia richiesta ad Acquisti;2026-07-14T13:50:47Z;2026-07-14T13:56:39Z;l.conti
RDA-20260181;Verifica lavorabilità della richiesta;2026-07-15T08:17:14Z;2026-07-15T08:27:26Z;f.neri
RDA-20260181;Richiedi integrazione della richiesta;2026-07-15T13:13:58Z;2026-07-15T13:24:04Z;f.neri
RDA-20260181;Ricostruisci richiesta e informazioni mancanti;2026-07-15T13:24:04Z;2026-07-15T13:38:11Z;l.conti
RDA-20260181;Invia richiesta ad Acquisti;2026-07-15T13:38:11Z;2026-07-15T13:44:18Z;l.conti
RDA-20260181;Verifica lavorabilità della richiesta;2026-07-16T09:01:31Z;2026-07-16T09:07:08Z;f.neri
RDA-20260181;Richiedi integrazione della richiesta;2026-07-16T10:16:47Z;2026-07-16T10:27:06Z;f.neri
RDA-20260181;Ricostruisci richiesta e informazioni mancanti;2026-07-16T10:29:56Z;2026-07-16T10:46:42Z;l.conti
RDA-20260181;Invia richiesta ad Acquisti;2026-07-16T10:46:42Z;2026-07-16T10:51:45Z;l.conti
RDA-20260181;Verifica lavorabilità della richiesta;2026-07-16T12:43:10Z;2026-07-16T12:55:22Z;f.neri
RDA-20260181;Richiedi integrazione della richiesta;2026-07-16T14:57:59Z;2026-07-17T07:09:59Z;f.neri
RDA-20260181;Ricostruisci richiesta e informazioni mancanti;2026-07-17T07:52:59Z;2026-07-17T08:01:15Z;l.conti
RDA-20260181;Invia richiesta ad Acquisti;2026-07-17T08:20:14Z;2026-07-17T08:24:11Z;l.conti
RDA-20260181;Verifica lavorabilità della richiesta;2026-07-17T11:30:33Z;2026-07-17T11:39:09Z;f.neri
RDA-20260181;Richiedi integrazione della richiesta;2026-07-17T14:24:32Z;2026-07-17T14:35:20Z;f.neri
RDA-20260181;Ricostruisci richiesta e informazioni mancanti;2026-07-17T14:41:56Z;2026-07-17T14:58:18Z;l.conti
RDA-20260181;Invia richiesta ad Acquisti;2026-07-20T07:14:36Z;2026-07-20T07:19:53Z;l.conti
RDA-20260181;Verifica lavorabilità della richiesta;2026-07-20T08:42:30Z;2026-07-20T08:54:19Z;f.neri
RDA-20260181;Richiedi autorizzazione al responsabile;2026-07-20T10:17:43Z;2026-07-20T10:23:13Z;f.neri
RDA-20260181;Autorizza spesa;2026-07-23T14:06:44Z;2026-07-23T14:16:03Z;resp.acquisti
RDA-20260181;Seleziona fornitore o richiedi quotazioni;2026-07-23T14:25:11Z;2026-07-23T14:44:45Z;f.neri
RDA-20260181;Emetti ordine al fornitore;2026-07-24T07:23:50Z;2026-07-24T07:37:46Z;f.neri
RDA-20260181;Ricevi merce in magazzino;2026-07-24T07:37:46Z;2026-07-24T07:46:22Z;magazzino
RDA-20260181;Verifica merce ricevuta;2026-07-24T07:46:22Z;2026-07-24T07:52:35Z;reparto
RDA-20260182;Rileva fabbisogno durante il giro impianti;2026-07-09T12:28:14Z;2026-07-09T12:35:40Z;reparto
RDA-20260182;Invia richiesta all'Ufficio Tecnico;2026-07-09T12:35:40Z;2026-07-09T12:41:14Z;reparto
RDA-20260182;Ricostruisci richiesta e informazioni mancanti;2026-07-09T12:55:15Z;2026-07-09T13:06:45Z;l.conti
RDA-20260182;Invia richiesta ad Acquisti;2026-07-09T13:31:57Z;2026-07-09T13:37:48Z;l.conti
RDA-20260182;Verifica lavorabilità della richiesta;2026-07-09T13:45:54Z;2026-07-09T13:51:11Z;f.neri
RDA-20260182;Richiedi integrazione della richiesta;2026-07-09T13:51:11Z;2026-07-09T13:56:36Z;f.neri
RDA-20260182;Ricostruisci richiesta e informazioni mancanti;2026-07-09T14:53:08Z;2026-07-10T07:05:02Z;l.conti
RDA-20260182;Invia richiesta ad Acquisti;2026-07-10T08:13:25Z;2026-07-10T08:18:01Z;l.conti
RDA-20260182;Verifica lavorabilità della richiesta;2026-07-10T10:00:53Z;2026-07-10T10:07:35Z;f.neri
RDA-20260182;Richiedi integrazione della richiesta;2026-07-10T11:26:06Z;2026-07-10T11:35:41Z;f.neri
RDA-20260182;Ricostruisci richiesta e informazioni mancanti;2026-07-10T12:16:32Z;2026-07-10T12:38:01Z;l.conti
RDA-20260182;Invia richiesta ad Acquisti;2026-07-10T13:32:15Z;2026-07-10T13:37:19Z;l.conti
RDA-20260182;Verifica lavorabilità della richiesta;2026-07-10T14:44:44Z;2026-07-10T14:50:58Z;f.neri
RDA-20260182;Richiedi integrazione della richiesta;2026-07-13T07:58:32Z;2026-07-13T08:09:41Z;f.neri
RDA-20260182;Ricostruisci richiesta e informazioni mancanti;2026-07-13T09:35:53Z;2026-07-13T09:51:32Z;l.conti
RDA-20260182;Invia richiesta ad Acquisti;2026-07-13T11:37:35Z;2026-07-13T11:43:40Z;l.conti
RDA-20260182;Verifica lavorabilità della richiesta;2026-07-13T12:21:35Z;2026-07-13T12:38:39Z;f.neri
RDA-20260182;Richiedi autorizzazione al responsabile;2026-07-13T12:57:40Z;2026-07-13T13:01:44Z;f.neri
RDA-20260182;Autorizza spesa;2026-07-16T14:15:59Z;2026-07-16T14:30:59Z;resp.acquisti
RDA-20260182;Seleziona fornitore o richiedi quotazioni;2026-07-17T08:25:57Z;2026-07-17T08:44:02Z;f.neri
RDA-20260182;Emetti ordine al fornitore;2026-07-17T12:06:09Z;2026-07-17T12:15:04Z;f.neri
RDA-20260182;Ricevi merce in magazzino;2026-07-17T12:15:04Z;2026-07-17T12:25:02Z;magazzino
RDA-20260182;Verifica merce ricevuta;2026-07-17T12:25:02Z;2026-07-17T12:31:12Z;reparto
RDA-20260183;Rileva fabbisogno durante il giro impianti;2026-07-09T12:45:00Z;2026-07-09T12:53:48Z;reparto
RDA-20260183;Invia richiesta all'Ufficio Tecnico;2026-07-09T12:53:48Z;2026-07-09T12:58:21Z;reparto
RDA-20260183;Ricostruisci richiesta e informazioni mancanti;2026-07-09T13:23:58Z;2026-07-09T13:31:57Z;l.conti
RDA-20260183;Invia richiesta ad Acquisti;2026-07-09T14:33:25Z;2026-07-09T14:37:49Z;l.conti
RDA-20260183;Verifica lavorabilità della richiesta;2026-07-10T07:42:45Z;2026-07-10T07:47:38Z;f.neri
RDA-20260183;Richiedi integrazione della richiesta;2026-07-10T09:23:30Z;2026-07-10T09:34:46Z;f.neri
RDA-20260183;Ricostruisci richiesta e informazioni mancanti;2026-07-10T09:34:46Z;2026-07-10T09:49:32Z;l.conti
RDA-20260183;Invia richiesta ad Acquisti;2026-07-10T09:49:32Z;2026-07-10T09:54:50Z;l.conti
RDA-20260183;Verifica lavorabilità della richiesta;2026-07-10T11:11:07Z;2026-07-10T11:21:32Z;f.neri
RDA-20260183;Richiedi integrazione della richiesta;2026-07-10T12:47:36Z;2026-07-10T12:53:07Z;f.neri
RDA-20260183;Ricostruisci richiesta e informazioni mancanti;2026-07-10T13:42:45Z;2026-07-10T14:18:53Z;l.conti
RDA-20260183;Invia richiesta ad Acquisti;2026-07-13T07:10:47Z;2026-07-13T07:16:21Z;l.conti
RDA-20260183;Verifica lavorabilità della richiesta;2026-07-13T08:19:07Z;2026-07-13T08:23:54Z;f.neri
RDA-20260183;Richiedi integrazione della richiesta;2026-07-13T09:38:06Z;2026-07-13T09:44:53Z;f.neri
RDA-20260183;Ricostruisci richiesta e informazioni mancanti;2026-07-13T11:22:48Z;2026-07-13T11:37:35Z;l.conti
RDA-20260183;Invia richiesta ad Acquisti;2026-07-13T13:05:09Z;2026-07-13T13:09:00Z;l.conti
RDA-20260183;Verifica lavorabilità della richiesta;2026-07-13T13:20:56Z;2026-07-13T13:30:24Z;f.neri
RDA-20260183;Richiedi autorizzazione al responsabile;2026-07-13T14:08:02Z;2026-07-13T14:13:39Z;f.neri
RDA-20260183;Autorizza spesa;2026-07-16T14:30:59Z;2026-07-16T14:42:28Z;resp.acquisti
RDA-20260183;Seleziona fornitore o richiedi quotazioni;2026-07-17T08:59:32Z;2026-07-17T09:17:17Z;f.neri
RDA-20260183;Emetti ordine al fornitore;2026-07-17T12:36:43Z;2026-07-17T12:46:45Z;f.neri
RDA-20260183;Ricevi merce in magazzino;2026-07-17T12:46:45Z;2026-07-17T12:58:57Z;magazzino
RDA-20260183;Verifica merce ricevuta;2026-07-17T12:58:57Z;2026-07-17T13:04:21Z;reparto
RDA-20260184;Rileva fabbisogno durante il giro impianti;2026-07-09T13:05:31Z;2026-07-09T13:16:23Z;reparto
RDA-20260184;Invia richiesta all'Ufficio Tecnico;2026-07-09T13:16:23Z;2026-07-09T13:21:39Z;reparto
RDA-20260184;Ricostruisci richiesta e informazioni mancanti;2026-07-09T13:52:32Z;2026-07-09T14:12:32Z;l.conti
RDA-20260184;Invia richiesta ad Acquisti;2026-07-10T07:09:21Z;2026-07-10T07:14:34Z;l.conti
RDA-20260184;Verifica lavorabilità della richiesta;2026-07-10T08:55:17Z;2026-07-10T09:03:12Z;f.neri
RDA-20260184;Richiedi integrazione della richiesta;2026-07-10T10:37:25Z;2026-07-10T10:43:03Z;f.neri
RDA-20260184;Ricostruisci richiesta e informazioni mancanti;2026-07-10T11:06:12Z;2026-07-10T11:32:28Z;l.conti
RDA-20260184;Invia richiesta ad Acquisti;2026-07-10T12:10:07Z;2026-07-10T12:16:32Z;l.conti
RDA-20260184;Verifica lavorabilità della richiesta;2026-07-10T13:20:57Z;2026-07-10T13:35:15Z;f.neri
RDA-20260184;Richiedi integrazione della richiesta;2026-07-10T14:37:36Z;2026-07-10T14:44:44Z;f.neri
RDA-20260184;Ricostruisci richiesta e informazioni mancanti;2026-07-13T07:31:14Z;2026-07-13T07:51:47Z;l.conti
RDA-20260184;Invia richiesta ad Acquisti;2026-07-13T09:00:45Z;2026-07-13T09:03:47Z;l.conti
RDA-20260184;Verifica lavorabilità della richiesta;2026-07-13T10:06:17Z;2026-07-13T10:17:24Z;f.neri
RDA-20260184;Seleziona fornitore o richiedi quotazioni;2026-07-13T11:06:29Z;2026-07-13T11:28:40Z;f.neri
RDA-20260184;Emetti ordine al fornitore;2026-07-13T11:54:58Z;2026-07-13T12:04:01Z;f.neri
RDA-20260184;Ricevi merce in magazzino;2026-07-13T12:04:01Z;2026-07-13T12:11:38Z;magazzino
RDA-20260184;Verifica merce ricevuta;2026-07-13T12:11:38Z;2026-07-13T12:24:01Z;reparto
RDA-20260185;Rileva fabbisogno durante il giro impianti;2026-07-09T13:47:33Z;2026-07-09T13:59:45Z;reparto
RDA-20260185;Invia richiesta all'Ufficio Tecnico;2026-07-09T13:59:45Z;2026-07-09T14:04:13Z;reparto
RDA-20260185;Ricostruisci richiesta e informazioni mancanti;2026-07-10T07:05:02Z;2026-07-10T07:09:21Z;l.conti
RDA-20260185;Invia richiesta ad Acquisti;2026-07-10T08:18:01Z;2026-07-10T08:23:18Z;l.conti
RDA-20260185;Verifica lavorabilità della richiesta;2026-07-10T10:07:35Z;2026-07-10T10:15:35Z;f.neri
RDA-20260185;Richiedi integrazione della richiesta;2026-07-10T11:35:41Z;2026-07-10T11:43:44Z;f.neri
RDA-20260185;Ricostruisci richiesta e informazioni mancanti;2026-07-10T12:38:01Z;2026-07-10T12:50:57Z;l.conti
RDA-20260185;Invia richiesta ad Acquisti;2026-07-10T13:37:19Z;2026-07-10T13:42:45Z;l.conti
RDA-20260185;Verifica lavorabilità della richiesta;2026-07-10T14:50:58Z;2026-07-13T07:03:32Z;f.neri
RDA-20260185;Richiedi integrazione della richiesta;2026-07-13T08:09:41Z;2026-07-13T08:19:07Z;f.neri
RDA-20260185;Ricostruisci richiesta e informazioni mancanti;2026-07-13T09:51:32Z;2026-07-13T10:48:43Z;l.conti
RDA-20260185;Invia richiesta ad Acquisti;2026-07-13T12:26:16Z;2026-07-13T12:31:10Z;l.conti
RDA-20260185;Verifica lavorabilità della richiesta;2026-07-13T12:49:21Z;2026-07-13T12:57:40Z;f.neri
RDA-20260185;Richiedi integrazione della richiesta;2026-07-13T13:01:44Z;2026-07-13T13:07:21Z;f.neri
RDA-20260185;Ricostruisci richiesta e informazioni mancanti;2026-07-13T14:15:07Z;2026-07-13T14:25:17Z;l.conti
RDA-20260185;Invia richiesta ad Acquisti;2026-07-14T07:24:40Z;2026-07-14T07:31:43Z;l.conti
RDA-20260185;Verifica lavorabilità della richiesta;2026-07-14T08:20:51Z;2026-07-14T08:29:09Z;f.neri
RDA-20260185;Richiedi integrazione della richiesta;2026-07-14T09:34:32Z;2026-07-14T09:45:26Z;f.neri
RDA-20260185;Ricostruisci richiesta e informazioni mancanti;2026-07-14T10:26:54Z;2026-07-14T10:30:12Z;l.conti
RDA-20260185;Invia richiesta ad Acquisti;2026-07-14T10:56:17Z;2026-07-14T11:01:18Z;l.conti
RDA-20260185;Verifica lavorabilità della richiesta;2026-07-14T12:18:34Z;2026-07-14T12:24:22Z;f.neri
RDA-20260185;Seleziona fornitore o richiedi quotazioni;2026-07-14T14:37:46Z;2026-07-15T07:00:47Z;f.neri
RDA-20260185;Emetti ordine al fornitore;2026-07-15T11:18:03Z;2026-07-15T11:32:38Z;f.neri
RDA-20260185;Ricevi merce in magazzino;2026-07-15T11:32:38Z;2026-07-15T11:40:40Z;magazzino
RDA-20260185;Verifica merce ricevuta;2026-07-15T11:40:40Z;2026-07-15T11:48:49Z;reparto
RDA-20260186;Rileva fabbisogno durante il giro impianti;2026-07-09T14:33:11Z;2026-07-09T14:36:21Z;reparto
RDA-20260186;Invia richiesta all'Ufficio Tecnico;2026-07-09T14:36:21Z;2026-07-09T14:40:05Z;reparto
RDA-20260186;Ricostruisci richiesta e informazioni mancanti;2026-07-10T07:42:33Z;2026-07-10T08:08:08Z;l.conti
RDA-20260186;Invia richiesta ad Acquisti;2026-07-10T08:58:32Z;2026-07-10T09:02:20Z;l.conti
RDA-20260186;Verifica lavorabilità della richiesta;2026-07-10T10:31:06Z;2026-07-10T10:37:25Z;f.neri
RDA-20260186;Seleziona fornitore o richiedi quotazioni;2026-07-10T11:48:30Z;2026-07-10T12:13:26Z;f.neri
RDA-20260186;Emetti ordine al fornitore;2026-07-10T13:11:09Z;2026-07-10T13:20:57Z;f.neri
RDA-20260186;Ricevi merce in magazzino;2026-07-10T13:20:57Z;2026-07-10T13:29:02Z;magazzino
RDA-20260186;Verifica merce ricevuta;2026-07-10T13:29:02Z;2026-07-10T13:41:08Z;reparto
RDA-20260187;Rileva fabbisogno durante il giro impianti;2026-07-09T14:55:22Z;2026-07-10T07:06:51Z;reparto
RDA-20260187;Invia richiesta all'Ufficio Tecnico;2026-07-10T07:06:51Z;2026-07-10T07:13:19Z;reparto
RDA-20260187;Ricostruisci richiesta e informazioni mancanti;2026-07-10T08:48:41Z;2026-07-10T08:54:22Z;l.conti
RDA-20260187;Invia richiesta ad Acquisti;2026-07-10T09:08:00Z;2026-07-10T09:12:49Z;l.conti
RDA-20260187;Verifica lavorabilità della richiesta;2026-07-10T10:46:58Z;2026-07-10T11:02:58Z;f.neri
RDA-20260187;Seleziona fornitore o richiedi quotazioni;2026-07-10T12:25:16Z;2026-07-10T12:42:53Z;f.neri
RDA-20260187;Emetti ordine al fornitore;2026-07-10T13:35:15Z;2026-07-10T13:43:17Z;f.neri
RDA-20260187;Ricevi merce in magazzino;2026-07-10T13:43:17Z;2026-07-10T13:53:46Z;magazzino
RDA-20260187;Verifica merce ricevuta;2026-07-10T13:53:46Z;2026-07-10T14:10:00Z;reparto
RDA-20260188;Rileva fabbisogno durante il giro impianti;2026-07-10T07:00:00Z;2026-07-10T07:06:46Z;reparto
RDA-20260188;Invia richiesta all'Ufficio Tecnico;2026-07-10T07:06:46Z;2026-07-10T07:12:40Z;reparto
RDA-20260188;Ricostruisci richiesta e informazioni mancanti;2026-07-10T08:23:18Z;2026-07-10T08:48:41Z;l.conti
RDA-20260188;Invia richiesta ad Acquisti;2026-07-10T09:02:20Z;2026-07-10T09:08:00Z;l.conti
RDA-20260188;Verifica lavorabilità della richiesta;2026-07-10T10:43:03Z;2026-07-10T10:46:58Z;f.neri
RDA-20260188;Richiedi integrazione della richiesta;2026-07-10T12:13:26Z;2026-07-10T12:25:16Z;f.neri
RDA-20260188;Ricostruisci richiesta e informazioni mancanti;2026-07-10T13:22:49Z;2026-07-10T13:32:15Z;l.conti
RDA-20260188;Invia richiesta ad Acquisti;2026-07-10T14:30:23Z;2026-07-10T14:36:20Z;l.conti
RDA-20260188;Verifica lavorabilità della richiesta;2026-07-13T07:46:55Z;2026-07-13T07:58:32Z;f.neri
RDA-20260188;Richiedi autorizzazione al responsabile;2026-07-13T09:16:03Z;2026-07-13T09:21:25Z;f.neri
RDA-20260188;Autorizza spesa;2026-07-16T14:09:04Z;2026-07-16T14:15:59Z;resp.acquisti
RDA-20260188;Seleziona fornitore o richiedi quotazioni;2026-07-17T08:04:18Z;2026-07-17T08:25:57Z;f.neri
RDA-20260188;Emetti ordine al fornitore;2026-07-17T11:39:09Z;2026-07-17T11:51:54Z;f.neri
RDA-20260188;Ricevi merce in magazzino;2026-07-17T11:51:54Z;2026-07-17T12:06:30Z;magazzino
RDA-20260188;Verifica merce ricevuta;2026-07-17T12:06:30Z;2026-07-17T12:14:04Z;reparto
RDA-20260189;Rileva fabbisogno durante il giro impianti;2026-07-10T09:49:02Z;2026-07-10T10:01:12Z;reparto
RDA-20260189;Invia richiesta all'Ufficio Tecnico;2026-07-10T10:01:12Z;2026-07-10T10:06:20Z;reparto
RDA-20260189;Ricostruisci richiesta e informazioni mancanti;2026-07-10T10:06:20Z;2026-07-10T10:28:40Z;l.conti
RDA-20260189;Invia richiesta ad Acquisti;2026-07-10T11:00:53Z;2026-07-10T11:06:12Z;l.conti
RDA-20260189;Verifica lavorabilità della richiesta;2026-07-10T12:42:53Z;2026-07-10T12:47:36Z;f.neri
RDA-20260189;Richiedi integrazione della richiesta;2026-07-10T13:43:17Z;2026-07-10T13:54:03Z;f.neri
RDA-20260189;Ricostruisci richiesta e informazioni mancanti;2026-07-10T14:47:38Z;2026-07-10T14:59:40Z;l.conti
RDA-20260189;Invia richiesta ad Acquisti;2026-07-13T07:55:44Z;2026-07-13T08:01:19Z;l.conti
RDA-20260189;Verifica lavorabilità della richiesta;2026-07-13T09:21:25Z;2026-07-13T09:30:38Z;f.neri
RDA-20260189;Richiedi integrazione della richiesta;2026-07-13T10:36:43Z;2026-07-13T10:46:13Z;f.neri
RDA-20260189;Ricostruisci richiesta e informazioni mancanti;2026-07-13T12:10:16Z;2026-07-13T12:26:16Z;l.conti
RDA-20260189;Invia richiesta ad Acquisti;2026-07-13T13:42:53Z;2026-07-13T13:47:16Z;l.conti
RDA-20260189;Verifica lavorabilità della richiesta;2026-07-13T14:20:07Z;2026-07-13T14:27:44Z;f.neri
RDA-20260189;Richiedi integrazione della richiesta;2026-07-14T07:08:12Z;2026-07-14T07:17:31Z;f.neri
RDA-20260189;Ricostruisci richiesta e informazioni mancanti;2026-07-14T08:46:19Z;2026-07-14T08:51:20Z;l.conti
RDA-20260189;Invia richiesta ad Acquisti;2026-07-14T10:00:18Z;2026-07-14T10:04:35Z;l.conti
RDA-20260189;Verifica lavorabilità della richiesta;2026-07-14T10:54:35Z;2026-07-14T11:06:45Z;f.neri
RDA-20260189;Richiedi integrazione della richiesta;2026-07-14T12:24:22Z;2026-07-14T12:36:25Z;f.neri
RDA-20260189;Ricostruisci richiesta e informazioni mancanti;2026-07-14T12:36:25Z;2026-07-14T13:07:10Z;l.conti
RDA-20260189;Invia richiesta ad Acquisti;2026-07-14T13:32:03Z;2026-07-14T13:36:58Z;l.conti
RDA-20260189;Verifica lavorabilità della richiesta;2026-07-15T07:41:59Z;2026-07-15T07:54:59Z;f.neri
RDA-20260189;Richiedi integrazione della richiesta;2026-07-15T12:23:36Z;2026-07-15T12:32:19Z;f.neri
RDA-20260189;Ricostruisci richiesta e informazioni mancanti;2026-07-15T12:32:19Z;2026-07-15T12:39:53Z;l.conti
RDA-20260189;Invia richiesta ad Acquisti;2026-07-15T12:39:53Z;2026-07-15T12:44:10Z;l.conti
RDA-20260189;Verifica lavorabilità della richiesta;2026-07-16T08:27:52Z;2026-07-16T08:38:15Z;f.neri
RDA-20260189;Richiedi integrazione della richiesta;2026-07-16T09:59:10Z;2026-07-16T10:09:08Z;f.neri
RDA-20260189;Ricostruisci richiesta e informazioni mancanti;2026-07-16T10:13:14Z;2026-07-16T10:24:10Z;l.conti
RDA-20260189;Invia richiesta ad Acquisti;2026-07-16T10:24:10Z;2026-07-16T10:29:56Z;l.conti
RDA-20260189;Verifica lavorabilità della richiesta;2026-07-16T12:29:02Z;2026-07-16T12:43:10Z;f.neri
RDA-20260189;Seleziona fornitore o richiedi quotazioni;2026-07-16T14:38:45Z;2026-07-16T14:57:59Z;f.neri
RDA-20260189;Emetti ordine al fornitore;2026-07-17T09:35:50Z;2026-07-17T09:41:21Z;f.neri
RDA-20260189;Ricevi merce in magazzino;2026-07-17T09:41:21Z;2026-07-17T09:50:00Z;magazzino
RDA-20260189;Verifica merce ricevuta;2026-07-17T09:50:00Z;2026-07-17T10:01:20Z;reparto
RDA-20260190;Rileva fabbisogno durante il giro impianti;2026-07-10T09:59:53Z;2026-07-10T10:07:51Z;reparto
RDA-20260190;Invia richiesta all'Ufficio Tecnico;2026-07-10T10:07:51Z;2026-07-10T10:12:05Z;reparto
RDA-20260190;Ricostruisci richiesta e informazioni mancanti;2026-07-10T10:28:40Z;2026-07-10T10:45:35Z;l.conti
RDA-20260190;Invia richiesta ad Acquisti;2026-07-10T11:32:28Z;2026-07-10T11:37:57Z;l.conti
RDA-20260190;Verifica lavorabilità della richiesta;2026-07-10T12:53:07Z;2026-07-10T13:00:38Z;f.neri
RDA-20260190;Richiedi integrazione della richiesta;2026-07-10T13:57:15Z;2026-07-10T14:07:49Z;f.neri
RDA-20260190;Ricostruisci richiesta e informazioni mancanti;2026-07-10T14:59:40Z;2026-07-13T07:10:47Z;l.conti
RDA-20260190;Invia richiesta ad Acquisti;2026-07-13T08:01:19Z;2026-07-13T08:06:34Z;l.conti
RDA-20260190;Verifica lavorabilità della richiesta;2026-07-13T09:30:38Z;2026-07-13T09:38:06Z;f.neri
RDA-20260190;Richiedi integrazione della richiesta;2026-07-13T10:46:13Z;2026-07-13T10:59:23Z;f.neri
RDA-20260190;Ricostruisci richiesta e informazioni mancanti;2026-07-13T12:31:10Z;2026-07-13T12:41:44Z;l.conti
RDA-20260190;Invia richiesta ad Acquisti;2026-07-13T13:47:16Z;2026-07-13T13:52:38Z;l.conti
RDA-20260190;Verifica lavorabilità della richiesta;2026-07-13T14:27:44Z;2026-07-13T14:38:26Z;f.neri
RDA-20260190;Richiedi integrazione della richiesta;2026-07-14T07:17:31Z;2026-07-14T07:33:51Z;f.neri
RDA-20260190;Ricostruisci richiesta e informazioni mancanti;2026-07-14T08:56:37Z;2026-07-14T09:03:47Z;l.conti
RDA-20260190;Invia richiesta ad Acquisti;2026-07-14T10:04:35Z;2026-07-14T10:10:27Z;l.conti
RDA-20260190;Verifica lavorabilità della richiesta;2026-07-14T11:06:45Z;2026-07-14T11:15:01Z;f.neri
RDA-20260190;Richiedi integrazione della richiesta;2026-07-14T12:36:25Z;2026-07-14T12:49:00Z;f.neri
RDA-20260190;Ricostruisci richiesta e informazioni mancanti;2026-07-14T13:07:10Z;2026-07-14T13:23:10Z;l.conti
RDA-20260190;Invia richiesta ad Acquisti;2026-07-14T13:45:20Z;2026-07-14T13:50:47Z;l.conti
RDA-20260190;Verifica lavorabilità della richiesta;2026-07-15T08:08:13Z;2026-07-15T08:17:14Z;f.neri
RDA-20260190;Seleziona fornitore o richiedi quotazioni;2026-07-15T12:44:16Z;2026-07-15T13:13:58Z;f.neri
RDA-20260190;Emetti ordine al fornitore;2026-07-16T08:47:38Z;2026-07-16T08:53:45Z;f.neri
RDA-20260190;Ricevi merce in magazzino;2026-07-16T08:53:45Z;2026-07-16T08:59:04Z;magazzino
RDA-20260190;Verifica merce ricevuta;2026-07-16T08:59:04Z;2026-07-16T09:11:57Z;reparto
RDA-20260191;Rileva fabbisogno durante il giro impianti;2026-07-10T10:44:09Z;2026-07-10T10:50:07Z;reparto
RDA-20260191;Invia richiesta all'Ufficio Tecnico;2026-07-10T10:50:07Z;2026-07-10T10:54:42Z;reparto
RDA-20260191;Ricostruisci richiesta e informazioni mancanti;2026-07-10T11:37:57Z;2026-07-10T11:44:44Z;l.conti
RDA-20260191;Invia richiesta ad Acquisti;2026-07-10T12:50:57Z;2026-07-10T12:55:54Z;l.conti
RDA-20260191;Verifica lavorabilità della richiesta;2026-07-10T13:54:03Z;2026-07-10T13:57:15Z;f.neri
RDA-20260191;Seleziona fornitore o richiedi quotazioni;2026-07-13T07:03:32Z;2026-07-13T07:29:20Z;f.neri
RDA-20260191;Emetti ordine al fornitore;2026-07-13T08:35:27Z;2026-07-13T08:46:17Z;f.neri
RDA-20260191;Ricevi merce in magazzino;2026-07-13T08:46:17Z;2026-07-13T08:56:52Z;magazzino
RDA-20260191;Verifica merce ricevuta;2026-07-13T08:56:52Z;2026-07-13T09:02:49Z;reparto
RDA-20260192;Rileva fabbisogno durante il giro impianti;2026-07-10T11:09:35Z;2026-07-10T11:19:30Z;reparto
RDA-20260192;Invia richiesta all'Ufficio Tecnico;2026-07-10T11:19:30Z;2026-07-10T11:24:08Z;reparto
RDA-20260192;Ricostruisci richiesta e informazioni mancanti;2026-07-10T11:55:38Z;2026-07-10T12:10:07Z;l.conti
RDA-20260192;Invia richiesta ad Acquisti;2026-07-10T13:02:27Z;2026-07-10T13:08:33Z;l.conti
RDA-20260192;Verifica lavorabilità della richiesta;2026-07-10T14:20:45Z;2026-07-10T14:29:55Z;f.neri
RDA-20260192;Richiedi autorizzazione al responsabile;2026-07-13T07:35:19Z;2026-07-13T07:39:46Z;f.neri
RDA-20260192;Autorizza spesa;2026-07-14T14:56:28Z;2026-07-16T14:09:04Z;resp.acquisti
RDA-20260192;Seleziona fornitore o richiedi quotazioni;2026-07-17T07:39:25Z;2026-07-17T08:04:18Z;f.neri
RDA-20260192;Emetti ordine al fornitore;2026-07-17T11:01:47Z;2026-07-17T11:09:41Z;f.neri
RDA-20260192;Ricevi merce in magazzino;2026-07-17T11:09:41Z;2026-07-17T11:22:29Z;magazzino
RDA-20260192;Verifica merce ricevuta;2026-07-17T11:22:29Z;2026-07-17T11:30:20Z;reparto
RDA-20260193;Rileva fabbisogno durante il giro impianti;2026-07-10T12:07:10Z;2026-07-10T12:13:20Z;reparto
RDA-20260193;Invia richiesta all'Ufficio Tecnico;2026-07-10T12:13:20Z;2026-07-10T12:16:22Z;reparto
RDA-20260193;Ricostruisci richiesta e informazioni mancanti;2026-07-10T13:08:33Z;2026-07-10T13:22:49Z;l.conti
RDA-20260193;Invia richiesta ad Acquisti;2026-07-10T14:24:40Z;2026-07-10T14:30:23Z;l.conti
RDA-20260193;Verifica lavorabilità della richiesta;2026-07-13T07:39:46Z;2026-07-13T07:46:55Z;f.neri
RDA-20260193;Seleziona fornitore o richiedi quotazioni;2026-07-13T08:46:17Z;2026-07-13T09:06:59Z;f.neri
RDA-20260193;Emetti ordine al fornitore;2026-07-13T10:17:24Z;2026-07-13T10:27:47Z;f.neri
RDA-20260193;Ricevi merce in magazzino;2026-07-13T10:27:47Z;2026-07-13T10:40:02Z;magazzino
RDA-20260193;Verifica merce ricevuta;2026-07-13T10:40:02Z;2026-07-13T10:44:31Z;reparto
RDA-20260194;Rileva fabbisogno durante il giro impianti;2026-07-10T12:38:13Z;2026-07-10T12:48:55Z;reparto
RDA-20260194;Invia richiesta all'Ufficio Tecnico;2026-07-10T12:48:55Z;2026-07-10T12:54:47Z;reparto
RDA-20260194;Ricostruisci richiesta e informazioni mancanti;2026-07-10T14:18:53Z;2026-07-10T14:24:40Z;l.conti
RDA-20260194;Invia richiesta ad Acquisti;2026-07-13T07:16:21Z;2026-07-13T07:21:25Z;l.conti
RDA-20260194;Verifica lavorabilità della richiesta;2026-07-13T08:23:54Z;2026-07-13T08:35:27Z;f.neri
RDA-20260194;Richiedi integrazione della richiesta;2026-07-13T09:44:53Z;2026-07-13T09:56:54Z;f.neri
RDA-20260194;Ricostruisci richiesta e informazioni mancanti;2026-07-13T11:43:40Z;2026-07-13T12:02:24Z;l.conti
RDA-20260194;Invia richiesta ad Acquisti;2026-07-13T13:09:00Z;2026-07-13T13:14:48Z;l.conti
RDA-20260194;Verifica lavorabilità della richiesta;2026-07-13T13:30:24Z;2026-07-13T13:41:06Z;f.neri
RDA-20260194;Richiedi integrazione della richiesta;2026-07-13T14:13:39Z;2026-07-13T14:20:07Z;f.neri
RDA-20260194;Ricostruisci richiesta e informazioni mancanti;2026-07-14T07:18:39Z;2026-07-14T07:24:40Z;l.conti
RDA-20260194;Invia richiesta ad Acquisti;2026-07-14T08:51:20Z;2026-07-14T08:56:37Z;l.conti
RDA-20260194;Verifica lavorabilità della richiesta;2026-07-14T09:49:22Z;2026-07-14T10:00:45Z;f.neri
RDA-20260194;Richiedi integrazione della richiesta;2026-07-14T10:44:23Z;2026-07-14T10:54:35Z;f.neri
RDA-20260194;Ricostruisci richiesta e informazioni mancanti;2026-07-14T11:15:32Z;2026-07-14T11:23:35Z;l.conti
RDA-20260194;Invia richiesta ad Acquisti;2026-07-14T11:28:09Z;2026-07-14T11:33:33Z;l.conti
RDA-20260194;Verifica lavorabilità della richiesta;2026-07-14T13:13:08Z;2026-07-14T13:22:43Z;f.neri
RDA-20260194;Richiedi integrazione della richiesta;2026-07-15T07:33:34Z;2026-07-15T07:41:59Z;f.neri
RDA-20260194;Ricostruisci richiesta e informazioni mancanti;2026-07-15T07:45:05Z;2026-07-15T08:05:30Z;l.conti
RDA-20260194;Invia richiesta ad Acquisti;2026-07-15T08:05:30Z;2026-07-15T08:10:44Z;l.conti
RDA-20260194;Verifica lavorabilità della richiesta;2026-07-15T12:32:19Z;2026-07-15T12:44:16Z;f.neri
RDA-20260194;Richiedi integrazione della richiesta;2026-07-16T08:38:15Z;2026-07-16T08:47:38Z;f.neri
RDA-20260194;Ricostruisci richiesta e informazioni mancanti;2026-07-16T08:54:23Z;2026-07-16T09:26:49Z;l.conti
RDA-20260194;Invia richiesta ad Acquisti;2026-07-16T09:43:15Z;2026-07-16T09:47:50Z;l.conti
RDA-20260194;Verifica lavorabilità della richiesta;2026-07-16T11:22:55Z;2026-07-16T11:35:56Z;f.neri
RDA-20260194;Richiedi integrazione della richiesta;2026-07-16T13:18:55Z;2026-07-16T13:32:39Z;f.neri
RDA-20260194;Ricostruisci richiesta e informazioni mancanti;2026-07-16T13:42:17Z;2026-07-16T13:52:10Z;l.conti
RDA-20260194;Invia richiesta ad Acquisti;2026-07-16T13:52:10Z;2026-07-16T13:55:42Z;l.conti
RDA-20260194;Verifica lavorabilità della richiesta;2026-07-17T07:30:12Z;2026-07-17T07:39:25Z;f.neri
RDA-20260194;Richiedi integrazione della richiesta;2026-07-17T10:35:03Z;2026-07-17T10:48:13Z;f.neri
RDA-20260194;Ricostruisci richiesta e informazioni mancanti;2026-07-17T10:48:13Z;2026-07-17T11:05:16Z;l.conti
RDA-20260194;Invia richiesta ad Acquisti;2026-07-17T11:05:16Z;2026-07-17T11:11:54Z;l.conti
RDA-20260194;Verifica lavorabilità della richiesta;2026-07-17T13:47:35Z;2026-07-17T13:55:53Z;f.neri
RDA-20260194;Richiedi integrazione della richiesta;2026-07-20T07:03:42Z;2026-07-20T07:12:18Z;f.neri
RDA-20260194;Ricostruisci richiesta e informazioni mancanti;2026-07-20T07:19:53Z;2026-07-20T07:33:09Z;l.conti
RDA-20260194;Invia richiesta ad Acquisti;2026-07-20T08:04:58Z;2026-07-20T08:08:00Z;l.conti
RDA-20260194;Verifica lavorabilità della richiesta;2026-07-20T09:44:45Z;2026-07-20T09:48:43Z;f.neri
RDA-20260194;Richiedi integrazione della richiesta;2026-07-20T10:48:17Z;2026-07-20T10:59:44Z;f.neri
RDA-20260194;Ricostruisci richiesta e informazioni mancanti;2026-07-20T10:59:44Z;2026-07-20T11:08:38Z;l.conti
RDA-20260194;Invia richiesta ad Acquisti;2026-07-20T11:08:38Z;2026-07-20T11:13:10Z;l.conti
RDA-20260194;Verifica lavorabilità della richiesta;2026-07-20T12:36:01Z;2026-07-20T12:47:01Z;f.neri
RDA-20260194;Richiedi integrazione della richiesta;2026-07-20T13:48:52Z;2026-07-20T14:01:39Z;f.neri
RDA-20260194;Ricostruisci richiesta e informazioni mancanti;2026-07-20T14:05:43Z;2026-07-20T14:16:01Z;l.conti
RDA-20260194;Invia richiesta ad Acquisti;2026-07-20T14:19:44Z;2026-07-20T14:26:49Z;l.conti
RDA-20260194;Verifica lavorabilità della richiesta;2026-07-21T07:21:50Z;2026-07-21T07:31:58Z;f.neri
RDA-20260194;Seleziona fornitore o richiedi quotazioni;2026-07-21T08:17:23Z;2026-07-21T08:43:03Z;f.neri
RDA-20260194;Emetti ordine al fornitore;2026-07-21T09:41:43Z;2026-07-21T09:54:31Z;f.neri
RDA-20260194;Ricevi merce in magazzino;2026-07-21T09:54:31Z;2026-07-21T10:03:10Z;magazzino
RDA-20260194;Verifica merce ricevuta;2026-07-21T10:03:10Z;2026-07-21T10:12:37Z;reparto
RDA-20260195;Rileva fabbisogno durante il giro impianti;2026-07-10T13:45:06Z;2026-07-10T13:49:41Z;reparto
RDA-20260195;Invia richiesta all'Ufficio Tecnico;2026-07-10T13:49:41Z;2026-07-10T13:53:18Z;reparto
RDA-20260195;Ricostruisci richiesta e informazioni mancanti;2026-07-10T14:36:20Z;2026-07-10T14:47:38Z;l.conti
RDA-20260195;Invia richiesta ad Acquisti;2026-07-13T07:51:47Z;2026-07-13T07:55:44Z;l.conti
RDA-20260195;Verifica lavorabilità della richiesta;2026-07-13T09:06:59Z;2026-07-13T09:16:03Z;f.neri
RDA-20260195;Richiedi integrazione della richiesta;2026-07-13T10:27:47Z;2026-07-13T10:36:43Z;f.neri
RDA-20260195;Ricostruisci richiesta e informazioni mancanti;2026-07-13T12:02:24Z;2026-07-13T12:10:16Z;l.conti
RDA-20260195;Invia richiesta ad Acquisti;2026-07-13T13:14:48Z;2026-07-13T13:19:25Z;l.conti
RDA-20260195;Verifica lavorabilità della richiesta;2026-07-13T13:41:06Z;2026-07-13T13:53:55Z;f.neri
RDA-20260195;Richiedi integrazione della richiesta;2026-07-13T14:38:26Z;2026-07-13T14:49:00Z;f.neri
RDA-20260195;Ricostruisci richiesta e informazioni mancanti;2026-07-14T07:38:39Z;2026-07-14T07:52:16Z;l.conti
RDA-20260195;Invia richiesta ad Acquisti;2026-07-14T09:09:17Z;2026-07-14T09:15:01Z;l.conti
RDA-20260195;Verifica lavorabilità della richiesta;2026-07-14T10:14:15Z;2026-07-14T10:23:23Z;f.neri
RDA-20260195;Richiedi integrazione della richiesta;2026-07-14T11:21:10Z;2026-07-14T11:31:50Z;f.neri
RDA-20260195;Ricostruisci richiesta e informazioni mancanti;2026-07-14T11:33:33Z;2026-07-14T12:03:35Z;l.conti
RDA-20260195;Invia richiesta ad Acquisti;2026-07-14T12:08:13Z;2026-07-14T12:13:26Z;l.conti
RDA-20260195;Verifica lavorabilità della richiesta;2026-07-14T13:50:32Z;2026-07-14T13:59:38Z;f.neri
RDA-20260195;Richiedi integrazione della richiesta;2026-07-15T08:27:26Z;2026-07-15T08:33:54Z;f.neri
RDA-20260195;Ricostruisci richiesta e informazioni mancanti;2026-07-15T08:33:54Z;2026-07-15T08:38:45Z;l.conti
RDA-20260195;Invia richiesta ad Acquisti;2026-07-15T08:38:45Z;2026-07-15T08:43:09Z;l.conti
RDA-20260195;Verifica lavorabilità della richiesta;2026-07-15T13:24:04Z;2026-07-15T13:30:03Z;f.neri
RDA-20260195;Richiedi integrazione della richiesta;2026-07-16T08:53:45Z;2026-07-16T09:01:31Z;f.neri
RDA-20260195;Ricostruisci richiesta e informazioni mancanti;2026-07-16T09:29:49Z;2026-07-16T09:43:15Z;l.conti
RDA-20260195;Invia richiesta ad Acquisti;2026-07-16T09:47:50Z;2026-07-16T09:52:17Z;l.conti
RDA-20260195;Verifica lavorabilità della richiesta;2026-07-16T11:35:56Z;2026-07-16T11:47:18Z;f.neri
RDA-20260195;Richiedi integrazione della richiesta;2026-07-16T13:43:54Z;2026-07-16T13:53:06Z;f.neri
RDA-20260195;Ricostruisci richiesta e informazioni mancanti;2026-07-16T13:55:42Z;2026-07-16T14:11:31Z;l.conti
RDA-20260195;Invia richiesta ad Acquisti;2026-07-16T14:35:45Z;2026-07-16T14:39:52Z;l.conti
RDA-20260195;Verifica lavorabilità della richiesta;2026-07-17T08:49:49Z;2026-07-17T08:59:32Z;f.neri
RDA-20260195;Richiedi integrazione della richiesta;2026-07-17T12:25:58Z;2026-07-17T12:36:43Z;f.neri
RDA-20260195;Ricostruisci richiesta e informazioni mancanti;2026-07-17T12:36:43Z;2026-07-17T12:41:22Z;l.conti
RDA-20260195;Invia richiesta ad Acquisti;2026-07-17T12:41:22Z;2026-07-17T12:45:57Z;l.conti
RDA-20260195;Verifica lavorabilità della richiesta;2026-07-17T14:46:48Z;2026-07-17T14:53:54Z;f.neri
RDA-20260195;Richiedi integrazione della richiesta;2026-07-20T07:55:41Z;2026-07-20T08:05:00Z;f.neri
RDA-20260195;Ricostruisci richiesta e informazioni mancanti;2026-07-20T08:35:46Z;2026-07-20T08:46:05Z;l.conti
RDA-20260195;Invia richiesta ad Acquisti;2026-07-20T09:20:34Z;2026-07-20T09:25:46Z;l.conti
RDA-20260195;Verifica lavorabilità della richiesta;2026-07-20T10:29:27Z;2026-07-20T10:37:11Z;f.neri
RDA-20260195;Richiedi integrazione della richiesta;2026-07-20T11:50:23Z;2026-07-20T12:05:51Z;f.neri
RDA-20260195;Ricostruisci richiesta e informazioni mancanti;2026-07-20T12:05:51Z;2026-07-20T12:14:22Z;l.conti
RDA-20260195;Invia richiesta ad Acquisti;2026-07-20T12:14:22Z;2026-07-20T12:19:36Z;l.conti
RDA-20260195;Verifica lavorabilità della richiesta;2026-07-20T13:29:59Z;2026-07-20T13:36:17Z;f.neri
RDA-20260195;Seleziona fornitore o richiedi quotazioni;2026-07-20T14:29:53Z;2026-07-20T14:46:22Z;f.neri
RDA-20260195;Emetti ordine al fornitore;2026-07-21T07:31:58Z;2026-07-21T07:41:32Z;f.neri
RDA-20260195;Ricevi merce in magazzino;2026-07-21T07:41:32Z;2026-07-21T07:51:16Z;magazzino
RDA-20260195;Verifica merce ricevuta;2026-07-21T07:51:16Z;2026-07-21T08:00:41Z;reparto
RDA-20260196;Rileva fabbisogno durante il giro impianti;2026-07-13T07:00:00Z;2026-07-13T07:09:55Z;reparto
RDA-20260196;Invia richiesta all'Ufficio Tecnico;2026-07-13T07:09:55Z;2026-07-13T07:15:33Z;reparto
RDA-20260196;Ricostruisci richiesta e informazioni mancanti;2026-07-13T08:06:34Z;2026-07-13T08:45:23Z;l.conti
RDA-20260196;Invia richiesta ad Acquisti;2026-07-13T10:48:43Z;2026-07-13T10:53:50Z;l.conti
RDA-20260196;Verifica lavorabilità della richiesta;2026-07-13T11:28:40Z;2026-07-13T11:34:31Z;f.neri
RDA-20260196;Richiedi integrazione della richiesta;2026-07-13T12:04:01Z;2026-07-13T12:14:26Z;f.neri
RDA-20260196;Ricostruisci richiesta e informazioni mancanti;2026-07-13T13:19:25Z;2026-07-13T13:28:18Z;l.conti
RDA-20260196;Invia richiesta ad Acquisti;2026-07-13T14:39:28Z;2026-07-13T14:43:35Z;l.conti
RDA-20260196;Verifica lavorabilità della richiesta;2026-07-14T07:33:51Z;2026-07-14T07:40:21Z;f.neri
RDA-20260196;Richiedi integrazione della richiesta;2026-07-14T08:41:04Z;2026-07-14T08:49:52Z;f.neri
RDA-20260196;Ricostruisci richiesta e informazioni mancanti;2026-07-14T09:50:48Z;2026-07-14T10:00:18Z;l.conti
RDA-20260196;Invia richiesta ad Acquisti;2026-07-14T10:34:46Z;2026-07-14T10:37:57Z;l.conti
RDA-20260196;Verifica lavorabilità della richiesta;2026-07-14T11:46:10Z;2026-07-14T11:53:05Z;f.neri
RDA-20260196;Richiedi integrazione della richiesta;2026-07-14T13:41:31Z;2026-07-14T13:50:32Z;f.neri
RDA-20260196;Ricostruisci richiesta e informazioni mancanti;2026-07-14T13:59:47Z;2026-07-14T14:07:48Z;l.conti
RDA-20260196;Invia richiesta ad Acquisti;2026-07-14T14:17:46Z;2026-07-14T14:21:54Z;l.conti
RDA-20260196;Verifica lavorabilità della richiesta;2026-07-15T09:10:25Z;2026-07-15T09:19:10Z;f.neri
RDA-20260196;Richiedi integrazione della richiesta;2026-07-15T14:03:54Z;2026-07-15T14:15:03Z;f.neri
RDA-20260196;Ricostruisci richiesta e informazioni mancanti;2026-07-15T14:15:03Z;2026-07-15T14:22:31Z;l.conti
RDA-20260196;Invia richiesta ad Acquisti;2026-07-15T14:22:31Z;2026-07-15T14:29:02Z;l.conti
RDA-20260196;Verifica lavorabilità della richiesta;2026-07-16T09:16:37Z;2026-07-16T09:21:19Z;f.neri
RDA-20260196;Richiedi integrazione della richiesta;2026-07-16T10:54:15Z;2026-07-16T11:08:09Z;f.neri
RDA-20260196;Ricostruisci richiesta e informazioni mancanti;2026-07-16T11:08:09Z;2026-07-16T11:31:17Z;l.conti
RDA-20260196;Invia richiesta ad Acquisti;2026-07-16T11:31:17Z;2026-07-16T11:37:31Z;l.conti
RDA-20260196;Verifica lavorabilità della richiesta;2026-07-16T13:32:39Z;2026-07-16T13:43:54Z;f.neri
RDA-20260196;Richiedi autorizzazione al responsabile;2026-07-17T07:26:18Z;2026-07-17T07:30:12Z;f.neri
RDA-20260196;Autorizza spesa;2026-07-21T14:38:42Z;2026-07-21T14:44:34Z;resp.acquisti
RDA-20260196;Seleziona fornitore o richiedi quotazioni;2026-07-22T08:29:51Z;2026-07-22T08:47:42Z;f.neri
RDA-20260196;Emetti ordine al fornitore;2026-07-22T10:44:34Z;2026-07-22T10:55:02Z;f.neri
RDA-20260196;Ricevi merce in magazzino;2026-07-22T10:55:02Z;2026-07-22T11:04:24Z;magazzino
RDA-20260196;Verifica merce ricevuta;2026-07-22T11:04:24Z;2026-07-22T11:13:02Z;reparto
RDA-20260197;Rileva fabbisogno durante il giro impianti;2026-07-13T07:46:16Z;2026-07-13T07:53:58Z;reparto
RDA-20260197;Invia richiesta all'Ufficio Tecnico;2026-07-13T07:53:58Z;2026-07-13T07:58:03Z;reparto
RDA-20260197;Ricostruisci richiesta e informazioni mancanti;2026-07-13T09:03:47Z;2026-07-13T09:35:53Z;l.conti
RDA-20260197;Invia richiesta ad Acquisti;2026-07-13T10:56:38Z;2026-07-13T10:59:37Z;l.conti
RDA-20260197;Verifica lavorabilità della richiesta;2026-07-13T11:43:32Z;2026-07-13T11:54:58Z;f.neri
RDA-20260197;Richiedi integrazione della richiesta;2026-07-13T12:38:39Z;2026-07-13T12:49:21Z;f.neri
RDA-20260197;Ricostruisci richiesta e informazioni mancanti;2026-07-13T13:58:25Z;2026-07-13T14:09:43Z;l.conti
RDA-20260197;Invia richiesta ad Acquisti;2026-07-14T07:12:59Z;2026-07-14T07:18:39Z;l.conti
RDA-20260197;Verifica lavorabilità della richiesta;2026-07-14T08:13:24Z;2026-07-14T08:20:51Z;f.neri
RDA-20260197;Richiedi integrazione della richiesta;2026-07-14T09:20:44Z;2026-07-14T09:34:32Z;f.neri
RDA-20260197;Ricostruisci richiesta e informazioni mancanti;2026-07-14T10:14:09Z;2026-07-14T10:26:54Z;l.conti
RDA-20260197;Invia richiesta ad Acquisti;2026-07-14T10:51:40Z;2026-07-14T10:56:17Z;l.conti
RDA-20260197;Verifica lavorabilità della richiesta;2026-07-14T12:03:58Z;2026-07-14T12:18:34Z;f.neri
RDA-20260197;Seleziona fornitore o richiedi quotazioni;2026-07-14T13:59:38Z;2026-07-14T14:25:52Z;f.neri
RDA-20260197;Emetti ordine al fornitore;2026-07-15T09:49:53Z;2026-07-15T09:57:20Z;f.neri
RDA-20260197;Ricevi merce in magazzino;2026-07-15T09:57:20Z;2026-07-15T10:09:11Z;magazzino
RDA-20260197;Verifica merce ricevuta;2026-07-15T10:09:11Z;2026-07-15T10:20:21Z;reparto
RDA-20260198;Rileva fabbisogno durante il giro impianti;2026-07-13T09:27:05Z;2026-07-13T09:37:12Z;reparto
RDA-20260198;Invia richiesta all'Ufficio Tecnico;2026-07-13T09:37:12Z;2026-07-13T09:43:14Z;reparto
RDA-20260198;Ricostruisci richiesta e informazioni mancanti;2026-07-13T10:59:37Z;2026-07-13T11:22:48Z;l.conti
RDA-20260198;Invia richiesta ad Acquisti;2026-07-13T13:00:39Z;2026-07-13T13:05:09Z;l.conti
RDA-20260198;Verifica lavorabilità della richiesta;2026-07-13T13:07:21Z;2026-07-13T13:20:56Z;f.neri
RDA-20260198;Richiedi integrazione della richiesta;2026-07-13T13:53:55Z;2026-07-13T14:08:02Z;f.neri
RDA-20260198;Ricostruisci richiesta e informazioni mancanti;2026-07-14T07:02:36Z;2026-07-14T07:12:59Z;l.conti
RDA-20260198;Invia richiesta ad Acquisti;2026-07-14T07:57:39Z;2026-07-14T08:02:55Z;l.conti
RDA-20260198;Verifica lavorabilità della richiesta;2026-07-14T09:02:16Z;2026-07-14T09:15:41Z;f.neri
RDA-20260198;Richiedi integrazione della richiesta;2026-07-14T10:23:23Z;2026-07-14T10:36:43Z;f.neri
RDA-20260198;Ricostruisci richiesta e informazioni mancanti;2026-07-14T11:01:18Z;2026-07-14T11:09:52Z;l.conti
RDA-20260198;Invia richiesta ad Acquisti;2026-07-14T11:23:35Z;2026-07-14T11:28:09Z;l.conti
RDA-20260198;Verifica lavorabilità della richiesta;2026-07-14T13:06:09Z;2026-07-14T13:13:08Z;f.neri
RDA-20260198;Richiedi integrazione della richiesta;2026-07-15T07:25:34Z;2026-07-15T07:33:34Z;f.neri
RDA-20260198;Ricostruisci richiesta e informazioni mancanti;2026-07-15T07:33:34Z;2026-07-15T07:40:15Z;l.conti
RDA-20260198;Invia richiesta ad Acquisti;2026-07-15T07:40:15Z;2026-07-15T07:45:05Z;l.conti
RDA-20260198;Verifica lavorabilità della richiesta;2026-07-15T12:14:09Z;2026-07-15T12:23:36Z;f.neri
RDA-20260198;Richiedi integrazione della richiesta;2026-07-16T08:16:35Z;2026-07-16T08:27:52Z;f.neri
RDA-20260198;Ricostruisci richiesta e informazioni mancanti;2026-07-16T08:30:53Z;2026-07-16T08:50:21Z;l.conti
RDA-20260198;Invia richiesta ad Acquisti;2026-07-16T09:26:49Z;2026-07-16T09:29:49Z;l.conti
RDA-20260198;Verifica lavorabilità della richiesta;2026-07-16T11:08:09Z;2026-07-16T11:22:55Z;f.neri
RDA-20260198;Richiedi integrazione della richiesta;2026-07-16T13:05:52Z;2026-07-16T13:18:55Z;f.neri
RDA-20260198;Ricostruisci richiesta e informazioni mancanti;2026-07-16T13:21:53Z;2026-07-16T13:31:28Z;l.conti
RDA-20260198;Invia richiesta ad Acquisti;2026-07-16T13:36:25Z;2026-07-16T13:42:17Z;l.conti
RDA-20260198;Verifica lavorabilità della richiesta;2026-07-17T07:16:00Z;2026-07-17T07:26:18Z;f.neri
RDA-20260198;Seleziona fornitore o richiedi quotazioni;2026-07-17T10:10:36Z;2026-07-17T10:27:17Z;f.neri
RDA-20260198;Emetti ordine al fornitore;2026-07-17T13:23:43Z;2026-07-17T13:32:32Z;f.neri
RDA-20260198;Ricevi merce in magazzino;2026-07-17T13:32:32Z;2026-07-17T13:46:00Z;magazzino
RDA-20260198;Verifica merce ricevuta;2026-07-17T13:46:00Z;2026-07-17T13:53:19Z;reparto
RDA-20260199;Rileva fabbisogno durante il giro impianti;2026-07-13T10:54:01Z;2026-07-13T11:07:03Z;reparto
RDA-20260199;Invia richiesta all'Ufficio Tecnico;2026-07-13T11:07:03Z;2026-07-13T11:10:42Z;reparto
RDA-20260199;Ricostruisci richiesta e informazioni mancanti;2026-07-13T12:45:01Z;2026-07-13T13:00:39Z;l.conti
RDA-20260199;Invia richiesta ad Acquisti;2026-07-13T14:09:43Z;2026-07-13T14:15:07Z;l.conti
RDA-20260199;Verifica lavorabilità della richiesta;2026-07-14T07:01:01Z;2026-07-14T07:08:12Z;f.neri
RDA-20260199;Richiedi integrazione della richiesta;2026-07-14T08:05:23Z;2026-07-14T08:13:24Z;f.neri
RDA-20260199;Ricostruisci richiesta e informazioni mancanti;2026-07-14T09:15:01Z;2026-07-14T09:46:56Z;l.conti
RDA-20260199;Invia richiesta ad Acquisti;2026-07-14T10:30:12Z;2026-07-14T10:34:46Z;l.conti
RDA-20260199;Verifica lavorabilità della richiesta;2026-07-14T11:31:50Z;2026-07-14T11:46:10Z;f.neri
RDA-20260199;Seleziona fornitore o richiedi quotazioni;2026-07-14T13:22:43Z;2026-07-14T13:41:31Z;f.neri
RDA-20260199;Emetti ordine al fornitore;2026-07-15T07:54:59Z;2026-07-15T08:08:13Z;f.neri
RDA-20260199;Ricevi merce in magazzino;2026-07-15T08:08:13Z;2026-07-15T08:16:24Z;magazzino
RDA-20260199;Verifica merce ricevuta;2026-07-15T08:16:24Z;2026-07-15T08:27:51Z;reparto
RDA-20260200;Rileva fabbisogno durante il giro impianti;2026-07-13T13:07:51Z;2026-07-13T13:16:54Z;reparto
RDA-20260200;Invia richiesta all'Ufficio Tecnico;2026-07-13T13:16:54Z;2026-07-13T13:20:59Z;reparto
RDA-20260200;Ricostruisci richiesta e informazioni mancanti;2026-07-13T14:25:17Z;2026-07-13T14:39:28Z;l.conti
RDA-20260200;Invia richiesta ad Acquisti;2026-07-14T07:31:43Z;2026-07-14T07:38:39Z;l.conti
RDA-20260200;Verifica lavorabilità della richiesta;2026-07-14T08:29:09Z;2026-07-14T08:41:04Z;f.neri
RDA-20260200;Richiedi autorizzazione al responsabile;2026-07-14T09:45:26Z;2026-07-14T09:49:22Z;f.neri
RDA-20260200;Autorizza spesa;2026-07-16T14:51:13Z;2026-07-21T14:00:42Z;resp.acquisti
RDA-20260200;Seleziona fornitore o richiedi quotazioni;2026-07-21T14:29:46Z;2026-07-21T14:52:47Z;f.neri
RDA-20260200;Emetti ordine al fornitore;2026-07-22T09:08:56Z;2026-07-22T09:11:18Z;f.neri
RDA-20260200;Ricevi merce in magazzino;2026-07-22T09:11:18Z;2026-07-22T09:21:49Z;magazzino
RDA-20260200;Verifica merce ricevuta;2026-07-22T09:21:49Z;2026-07-22T09:40:48Z;reparto
RDA-20260201;Rileva fabbisogno durante il giro impianti;2026-07-13T13:13:57Z;2026-07-13T13:29:06Z;reparto
RDA-20260201;Invia richiesta all'Ufficio Tecnico;2026-07-13T13:29:06Z;2026-07-13T13:33:37Z;reparto
RDA-20260201;Ricostruisci richiesta e informazioni mancanti;2026-07-13T14:43:35Z;2026-07-13T14:57:35Z;l.conti
RDA-20260201;Invia richiesta ad Acquisti;2026-07-14T07:52:16Z;2026-07-14T07:57:39Z;l.conti
RDA-20260201;Verifica lavorabilità della richiesta;2026-07-14T08:49:52Z;2026-07-14T09:02:16Z;f.neri
RDA-20260201;Richiedi integrazione della richiesta;2026-07-14T10:00:45Z;2026-07-14T10:14:15Z;f.neri
RDA-20260201;Ricostruisci richiesta e informazioni mancanti;2026-07-14T10:37:57Z;2026-07-14T10:51:40Z;l.conti
RDA-20260201;Invia richiesta ad Acquisti;2026-07-14T11:09:52Z;2026-07-14T11:15:32Z;l.conti
RDA-20260201;Verifica lavorabilità della richiesta;2026-07-14T12:49:00Z;2026-07-14T12:56:35Z;f.neri
RDA-20260201;Seleziona fornitore o richiedi quotazioni;2026-07-15T07:11:24Z;2026-07-15T07:25:34Z;f.neri
RDA-20260201;Emetti ordine al fornitore;2026-07-15T11:45:07Z;2026-07-15T11:59:04Z;f.neri
RDA-20260201;Ricevi merce in magazzino;2026-07-15T11:59:04Z;2026-07-15T12:12:19Z;magazzino
RDA-20260201;Verifica merce ricevuta;2026-07-15T12:12:19Z;2026-07-15T12:20:39Z;reparto
RDA-20260202;Rileva fabbisogno durante il giro impianti;2026-07-14T07:00:00Z;2026-07-14T07:12:19Z;reparto
RDA-20260202;Invia richiesta all'Ufficio Tecnico;2026-07-14T07:12:19Z;2026-07-14T07:16:51Z;reparto
RDA-20260202;Ricostruisci richiesta e informazioni mancanti;2026-07-14T08:02:55Z;2026-07-14T08:46:19Z;l.conti
RDA-20260202;Invia richiesta ad Acquisti;2026-07-14T09:46:56Z;2026-07-14T09:50:48Z;l.conti
RDA-20260202;Verifica lavorabilità della richiesta;2026-07-14T10:36:43Z;2026-07-14T10:44:23Z;f.neri
RDA-20260202;Richiedi integrazione della richiesta;2026-07-14T11:53:05Z;2026-07-14T12:03:58Z;f.neri
RDA-20260202;Ricostruisci richiesta e informazioni mancanti;2026-07-14T12:13:26Z;2026-07-14T12:17:06Z;l.conti
RDA-20260202;Invia richiesta ad Acquisti;2026-07-14T12:22:06Z;2026-07-14T12:26:53Z;l.conti
RDA-20260202;Verifica lavorabilità della richiesta;2026-07-15T07:00:47Z;2026-07-15T07:11:24Z;f.neri
RDA-20260202;Seleziona fornitore o richiedi quotazioni;2026-07-15T11:32:38Z;2026-07-15T11:45:07Z;f.neri
RDA-20260202;Emetti ordine al fornitore;2026-07-16T08:01:45Z;2026-07-16T08:10:25Z;f.neri
RDA-20260202;Ricevi merce in magazzino;2026-07-16T08:10:25Z;2026-07-16T08:18:51Z;magazzino
RDA-20260202;Verifica merce ricevuta;2026-07-16T08:18:51Z;2026-07-16T08:32:27Z;reparto
RDA-20260203;Rileva fabbisogno durante il giro impianti;2026-07-14T11:40:41Z;2026-07-14T11:50:11Z;reparto
RDA-20260203;Invia richiesta all'Ufficio Tecnico;2026-07-14T11:50:11Z;2026-07-14T11:54:00Z;reparto
RDA-20260203;Ricostruisci richiesta e informazioni mancanti;2026-07-14T12:03:35Z;2026-07-14T12:08:13Z;l.conti
RDA-20260203;Invia richiesta ad Acquisti;2026-07-14T12:17:06Z;2026-07-14T12:22:06Z;l.conti
RDA-20260203;Verifica lavorabilità della richiesta;2026-07-14T14:25:52Z;2026-07-14T14:37:46Z;f.neri
RDA-20260203;Richiedi integrazione della richiesta;2026-07-15T10:14:19Z;2026-07-15T10:22:54Z;f.neri
RDA-20260203;Ricostruisci richiesta e informazioni mancanti;2026-07-15T10:22:54Z;2026-07-15T10:33:26Z;l.conti
RDA-20260203;Invia richiesta ad Acquisti;2026-07-15T10:33:26Z;2026-07-15T10:38:26Z;l.conti
RDA-20260203;Verifica lavorabilità della richiesta;2026-07-16T07:11:04Z;2026-07-16T07:23:03Z;f.neri
RDA-20260203;Richiedi autorizzazione al responsabile;2026-07-16T09:32:58Z;2026-07-16T09:37:26Z;f.neri
RDA-20260203;Autorizza spesa;2026-07-21T14:27:24Z;2026-07-21T14:38:42Z;resp.acquisti
RDA-20260203;Seleziona fornitore o richiedi quotazioni;2026-07-22T08:04:42Z;2026-07-22T08:29:51Z;f.neri
RDA-20260203;Emetti ordine al fornitore;2026-07-22T10:31:17Z;2026-07-22T10:44:34Z;f.neri
RDA-20260203;Ricevi merce in magazzino;2026-07-22T10:44:34Z;2026-07-22T10:51:22Z;magazzino
RDA-20260203;Verifica merce ricevuta;2026-07-22T10:51:22Z;2026-07-22T11:01:23Z;reparto
RDA-20260204;Rileva fabbisogno durante il giro impianti;2026-07-14T13:09:30Z;2026-07-14T13:17:20Z;reparto
RDA-20260204;Invia richiesta all'Ufficio Tecnico;2026-07-14T13:17:20Z;2026-07-14T13:21:16Z;reparto
RDA-20260204;Ricostruisci richiesta e informazioni mancanti;2026-07-14T13:36:58Z;2026-07-14T13:45:20Z;l.conti
RDA-20260204;Invia richiesta ad Acquisti;2026-07-14T13:56:39Z;2026-07-14T13:59:47Z;l.conti
RDA-20260204;Verifica lavorabilità della richiesta;2026-07-15T08:33:54Z;2026-07-15T08:47:33Z;f.neri
RDA-20260204;Richiedi integrazione della richiesta;2026-07-15T13:30:03Z;2026-07-15T13:39:49Z;f.neri
RDA-20260204;Ricostruisci richiesta e informazioni mancanti;2026-07-15T13:44:18Z;2026-07-15T13:52:46Z;l.conti
RDA-20260204;Invia richiesta ad Acquisti;2026-07-15T13:52:46Z;2026-07-15T13:56:21Z;l.conti
RDA-20260204;Verifica lavorabilità della richiesta;2026-07-16T09:07:08Z;2026-07-16T09:11:50Z;f.neri
RDA-20260204;Seleziona fornitore o richiedi quotazioni;2026-07-16T10:27:06Z;2026-07-16T10:54:15Z;f.neri
RDA-20260204;Emetti ordine al fornitore;2026-07-16T12:55:22Z;2026-07-16T13:05:52Z;f.neri
RDA-20260204;Ricevi merce in magazzino;2026-07-16T13:05:52Z;2026-07-16T13:09:11Z;magazzino
RDA-20260204;Verifica merce ricevuta;2026-07-16T13:09:11Z;2026-07-16T13:21:49Z;reparto
RDA-20260205;Rileva fabbisogno durante il giro impianti;2026-07-14T13:42:04Z;2026-07-14T13:55:24Z;reparto
RDA-20260205;Invia richiesta all'Ufficio Tecnico;2026-07-14T13:55:24Z;2026-07-14T13:59:40Z;reparto
RDA-20260205;Ricostruisci richiesta e informazioni mancanti;2026-07-14T14:07:48Z;2026-07-14T14:17:46Z;l.conti
RDA-20260205;Invia richiesta ad Acquisti;2026-07-14T14:21:54Z;2026-07-14T14:25:25Z;l.conti
RDA-20260205;Verifica lavorabilità della richiesta;2026-07-15T09:41:05Z;2026-07-15T09:49:53Z;f.neri
RDA-20260205;Seleziona fornitore o richiedi quotazioni;2026-07-15T14:41:04Z;2026-07-16T07:00:14Z;f.neri
RDA-20260205;Emetti ordine al fornitore;2026-07-16T09:21:19Z;2026-07-16T09:32:58Z;f.neri
RDA-20260205;Ricevi merce in magazzino;2026-07-16T09:32:58Z;2026-07-16T09:41:00Z;magazzino
RDA-20260205;Verifica merce ricevuta;2026-07-16T09:41:00Z;2026-07-16T09:48:29Z;reparto
RDA-20260206;Rileva fabbisogno durante il giro impianti;2026-07-15T07:00:00Z;2026-07-15T07:10:41Z;reparto
RDA-20260206;Invia richiesta all'Ufficio Tecnico;2026-07-15T07:10:41Z;2026-07-15T07:15:33Z;reparto
RDA-20260206;Ricostruisci richiesta e informazioni mancanti;2026-07-15T07:15:33Z;2026-07-15T07:29:59Z;l.conti
RDA-20260206;Invia richiesta ad Acquisti;2026-07-15T07:29:59Z;2026-07-15T07:32:17Z;l.conti
RDA-20260206;Verifica lavorabilità della richiesta;2026-07-15T11:59:04Z;2026-07-15T12:14:09Z;f.neri
RDA-20260206;Richiedi autorizzazione al responsabile;2026-07-16T08:10:25Z;2026-07-16T08:16:35Z;f.neri
RDA-20260206;Autorizza spesa;2026-07-21T14:00:42Z;2026-07-21T14:15:59Z;resp.acquisti
RDA-20260206;Seleziona fornitore o richiedi quotazioni;2026-07-22T07:06:03Z;2026-07-22T07:29:57Z;f.neri
RDA-20260206;Emetti ordine al fornitore;2026-07-22T10:00:50Z;2026-07-22T10:14:05Z;f.neri
RDA-20260206;Ricevi merce in magazzino;2026-07-22T10:14:05Z;2026-07-22T10:25:13Z;magazzino
RDA-20260206;Verifica merce ricevuta;2026-07-22T10:25:13Z;2026-07-22T10:27:07Z;reparto
RDA-20260207;Rileva fabbisogno durante il giro impianti;2026-07-15T08:59:30Z;2026-07-15T09:10:28Z;reparto
RDA-20260207;Invia richiesta all'Ufficio Tecnico;2026-07-15T09:10:28Z;2026-07-15T09:14:55Z;reparto
RDA-20260207;Ricostruisci richiesta e informazioni mancanti;2026-07-15T09:14:55Z;2026-07-15T09:34:32Z;l.conti
RDA-20260207;Invia richiesta ad Acquisti;2026-07-15T09:34:32Z;2026-07-15T09:39:00Z;l.conti
RDA-20260207;Verifica lavorabilità della richiesta;2026-07-15T14:15:03Z;2026-07-15T14:25:35Z;f.neri
RDA-20260207;Richiedi autorizzazione al responsabile;2026-07-16T09:11:50Z;2026-07-16T09:16:37Z;f.neri
RDA-20260207;Autorizza spesa;2026-07-21T14:15:59Z;2026-07-21T14:27:24Z;resp.acquisti
RDA-20260207;Seleziona fornitore o richiedi quotazioni;2026-07-22T07:39:03Z;2026-07-22T08:04:42Z;f.neri
RDA-20260207;Emetti ordine al fornitore;2026-07-22T10:24:16Z;2026-07-22T10:31:17Z;f.neri
RDA-20260207;Ricevi merce in magazzino;2026-07-22T10:31:17Z;2026-07-22T10:33:31Z;magazzino
RDA-20260207;Verifica merce ricevuta;2026-07-22T10:33:31Z;2026-07-22T10:41:37Z;reparto
RDA-20260208;Rileva fabbisogno durante il giro impianti;2026-07-15T10:42:05Z;2026-07-15T10:53:25Z;reparto
RDA-20260208;Invia richiesta all'Ufficio Tecnico;2026-07-15T10:53:25Z;2026-07-15T10:57:29Z;reparto
RDA-20260208;Ricostruisci richiesta e informazioni mancanti;2026-07-15T10:57:29Z;2026-07-15T11:10:11Z;l.conti
RDA-20260208;Invia richiesta ad Acquisti;2026-07-15T11:10:11Z;2026-07-15T11:16:36Z;l.conti
RDA-20260208;Verifica lavorabilità della richiesta;2026-07-16T07:35:55Z;2026-07-16T07:44:22Z;f.neri
RDA-20260208;Richiedi integrazione della richiesta;2026-07-16T09:37:26Z;2026-07-16T09:48:44Z;f.neri
RDA-20260208;Ricostruisci richiesta e informazioni mancanti;2026-07-16T09:52:17Z;2026-07-16T09:56:16Z;l.conti
RDA-20260208;Invia richiesta ad Acquisti;2026-07-16T09:56:16Z;2026-07-16T10:02:16Z;l.conti
RDA-20260208;Verifica lavorabilità della richiesta;2026-07-16T11:47:18Z;2026-07-16T11:57:52Z;f.neri
RDA-20260208;Richiedi integrazione della richiesta;2026-07-16T13:53:06Z;2026-07-16T14:04:59Z;f.neri
RDA-20260208;Ricostruisci richiesta e informazioni mancanti;2026-07-16T14:11:31Z;2026-07-16T14:35:45Z;l.conti
RDA-20260208;Invia richiesta ad Acquisti;2026-07-17T07:24:04Z;2026-07-17T07:28:36Z;l.conti
RDA-20260208;Verifica lavorabilità della richiesta;2026-07-17T10:27:17Z;2026-07-17T10:35:03Z;f.neri
RDA-20260208;Richiedi integrazione della richiesta;2026-07-17T13:32:32Z;2026-07-17T13:38:31Z;f.neri
RDA-20260208;Ricostruisci richiesta e informazioni mancanti;2026-07-17T13:38:31Z;2026-07-17T13:57:14Z;l.conti
RDA-20260208;Invia richiesta ad Acquisti;2026-07-17T14:18:18Z;2026-07-17T14:23:00Z;l.conti
RDA-20260208;Verifica lavorabilità della richiesta;2026-07-20T07:17:21Z;2026-07-20T07:33:16Z;f.neri
RDA-20260208;Richiedi integrazione della richiesta;2026-07-20T08:54:19Z;2026-07-20T09:03:43Z;f.neri
RDA-20260208;Ricostruisci richiesta e informazioni mancanti;2026-07-20T09:32:42Z;2026-07-20T09:41:20Z;l.conti
RDA-20260208;Invia richiesta ad Acquisti;2026-07-20T09:52:42Z;2026-07-20T09:57:56Z;l.conti
RDA-20260208;Verifica lavorabilità della richiesta;2026-07-20T11:08:27Z;2026-07-20T11:17:24Z;f.neri
RDA-20260208;Seleziona fornitore o richiedi quotazioni;2026-07-20T12:47:01Z;2026-07-20T13:13:17Z;f.neri
RDA-20260208;Emetti ordine al fornitore;2026-07-20T14:20:10Z;2026-07-20T14:29:53Z;f.neri
RDA-20260208;Ricevi merce in magazzino;2026-07-20T14:29:53Z;2026-07-20T14:38:58Z;magazzino
RDA-20260208;Verifica merce ricevuta;2026-07-20T14:38:58Z;2026-07-20T14:49:43Z;reparto
RDA-20260209;Rileva fabbisogno durante il giro impianti;2026-07-15T10:57:20Z;2026-07-15T11:11:28Z;reparto
RDA-20260209;Invia richiesta all'Ufficio Tecnico;2026-07-15T11:11:28Z;2026-07-15T11:15:32Z;reparto
RDA-20260209;Ricostruisci richiesta e informazioni mancanti;2026-07-15T11:16:36Z;2026-07-15T11:26:35Z;l.conti
RDA-20260209;Invia richiesta ad Acquisti;2026-07-15T11:26:35Z;2026-07-15T11:31:25Z;l.conti
RDA-20260209;Verifica lavorabilità della richiesta;2026-07-16T07:50:14Z;2026-07-16T08:01:45Z;f.neri
RDA-20260209;Richiedi integrazione della richiesta;2026-07-16T09:48:44Z;2026-07-16T09:59:10Z;f.neri
RDA-20260209;Ricostruisci richiesta e informazioni mancanti;2026-07-16T10:02:16Z;2026-07-16T10:09:01Z;l.conti
RDA-20260209;Invia richiesta ad Acquisti;2026-07-16T10:09:01Z;2026-07-16T10:13:14Z;l.conti
RDA-20260209;Verifica lavorabilità della richiesta;2026-07-16T11:57:52Z;2026-07-16T12:08:24Z;f.neri
RDA-20260209;Richiedi integrazione della richiesta;2026-07-16T14:04:59Z;2026-07-16T14:15:26Z;f.neri
RDA-20260209;Ricostruisci richiesta e informazioni mancanti;2026-07-16T14:39:52Z;2026-07-16T14:53:51Z;l.conti
RDA-20260209;Invia richiesta ad Acquisti;2026-07-17T07:47:25Z;2026-07-17T07:52:59Z;l.conti
RDA-20260209;Verifica lavorabilità della richiesta;2026-07-17T10:48:13Z;2026-07-17T11:01:47Z;f.neri
RDA-20260209;Seleziona fornitore o richiedi quotazioni;2026-07-17T13:38:31Z;2026-07-17T13:47:35Z;f.neri
RDA-20260209;Emetti ordine al fornitore;2026-07-17T14:57:52Z;2026-07-20T07:03:42Z;f.neri
RDA-20260209;Ricevi merce in magazzino;2026-07-20T07:03:42Z;2026-07-20T07:15:18Z;magazzino
RDA-20260209;Verifica merce ricevuta;2026-07-20T07:15:18Z;2026-07-20T07:22:20Z;reparto
RDA-20260210;Rileva fabbisogno durante il giro impianti;2026-07-16T07:00:00Z;2026-07-16T07:10:24Z;reparto
RDA-20260210;Invia richiesta all'Ufficio Tecnico;2026-07-16T07:10:24Z;2026-07-16T07:15:01Z;reparto
RDA-20260210;Ricostruisci richiesta e informazioni mancanti;2026-07-16T07:15:01Z;2026-07-16T08:30:53Z;l.conti
RDA-20260210;Invia richiesta ad Acquisti;2026-07-16T08:50:21Z;2026-07-16T08:54:23Z;l.conti
RDA-20260210;Verifica lavorabilità della richiesta;2026-07-16T10:09:08Z;2026-07-16T10:16:47Z;f.neri
RDA-20260210;Seleziona fornitore o richiedi quotazioni;2026-07-16T12:08:24Z;2026-07-16T12:29:02Z;f.neri
RDA-20260210;Emetti ordine al fornitore;2026-07-16T14:31:50Z;2026-07-16T14:38:45Z;f.neri
RDA-20260210;Ricevi merce in magazzino;2026-07-16T14:38:45Z;2026-07-16T14:50:18Z;magazzino
RDA-20260210;Verifica merce ricevuta;2026-07-16T14:50:18Z;2026-07-16T14:56:20Z;reparto
RDA-20260211;Rileva fabbisogno durante il giro impianti;2026-07-16T11:58:31Z;2026-07-16T12:06:00Z;reparto
RDA-20260211;Invia richiesta all'Ufficio Tecnico;2026-07-16T12:06:00Z;2026-07-16T12:09:33Z;reparto
RDA-20260211;Ricostruisci richiesta e informazioni mancanti;2026-07-16T12:09:33Z;2026-07-16T12:23:25Z;l.conti
RDA-20260211;Invia richiesta ad Acquisti;2026-07-16T12:23:25Z;2026-07-16T12:28:52Z;l.conti
RDA-20260211;Verifica lavorabilità della richiesta;2026-07-16T14:15:26Z;2026-07-16T14:31:50Z;f.neri
RDA-20260211;Richiedi integrazione della richiesta;2026-07-17T08:44:02Z;2026-07-17T08:49:49Z;f.neri
RDA-20260211;Ricostruisci richiesta e informazioni mancanti;2026-07-17T08:49:49Z;2026-07-17T08:53:40Z;l.conti
RDA-20260211;Invia richiesta ad Acquisti;2026-07-17T08:53:40Z;2026-07-17T08:58:28Z;l.conti
RDA-20260211;Verifica lavorabilità della richiesta;2026-07-17T12:15:04Z;2026-07-17T12:25:58Z;f.neri
RDA-20260211;Richiedi integrazione della richiesta;2026-07-17T14:44:41Z;2026-07-17T14:46:48Z;f.neri
RDA-20260211;Ricostruisci richiesta e informazioni mancanti;2026-07-20T07:03:54Z;2026-07-20T07:14:36Z;l.conti
RDA-20260211;Invia richiesta ad Acquisti;2026-07-20T07:33:09Z;2026-07-20T07:36:15Z;l.conti
RDA-20260211;Verifica lavorabilità della richiesta;2026-07-20T09:03:43Z;2026-07-20T09:12:46Z;f.neri
RDA-20260211;Richiedi autorizzazione al responsabile;2026-07-20T10:23:13Z;2026-07-20T10:29:27Z;f.neri
RDA-20260211;Autorizza spesa;2026-07-23T14:16:03Z;2026-07-23T14:23:09Z;resp.acquisti
RDA-20260211;Seleziona fornitore o richiedi quotazioni;2026-07-23T14:44:45Z;2026-07-23T14:58:00Z;f.neri
RDA-20260211;Emetti ordine al fornitore;2026-07-24T07:50:08Z;2026-07-24T07:57:58Z;f.neri
RDA-20260211;Ricevi merce in magazzino;2026-07-24T07:57:58Z;2026-07-24T08:08:03Z;magazzino
RDA-20260211;Verifica merce ricevuta;2026-07-24T08:08:03Z;2026-07-24T08:19:17Z;reparto
RDA-20260212;Rileva fabbisogno durante il giro impianti;2026-07-16T12:51:35Z;2026-07-16T12:59:27Z;reparto
RDA-20260212;Invia richiesta all'Ufficio Tecnico;2026-07-16T12:59:27Z;2026-07-16T13:04:28Z;reparto
RDA-20260212;Ricostruisci richiesta e informazioni mancanti;2026-07-16T13:04:28Z;2026-07-16T13:21:53Z;l.conti
RDA-20260212;Invia richiesta ad Acquisti;2026-07-16T13:31:28Z;2026-07-16T13:36:25Z;l.conti
RDA-20260212;Verifica lavorabilità della richiesta;2026-07-17T07:09:59Z;2026-07-17T07:16:00Z;f.neri
RDA-20260212;Seleziona fornitore o richiedi quotazioni;2026-07-17T09:41:21Z;2026-07-17T10:10:36Z;f.neri
RDA-20260212;Emetti ordine al fornitore;2026-07-17T12:58:37Z;2026-07-17T13:12:59Z;f.neri
RDA-20260212;Ricevi merce in magazzino;2026-07-17T13:12:59Z;2026-07-17T13:22:30Z;magazzino
RDA-20260212;Verifica merce ricevuta;2026-07-17T13:22:30Z;2026-07-17T13:29:14Z;reparto
RDA-20260213;Rileva fabbisogno durante il giro impianti;2026-07-16T14:18:02Z;2026-07-16T14:27:17Z;reparto
RDA-20260213;Invia richiesta all'Ufficio Tecnico;2026-07-16T14:27:17Z;2026-07-16T14:32:06Z;reparto
RDA-20260213;Ricostruisci richiesta e informazioni mancanti;2026-07-16T14:53:51Z;2026-07-17T07:24:04Z;l.conti
RDA-20260213;Invia richiesta ad Acquisti;2026-07-17T08:09:39Z;2026-07-17T08:14:56Z;l.conti
RDA-20260213;Verifica lavorabilità della richiesta;2026-07-17T11:09:41Z;2026-07-17T11:19:02Z;f.neri
RDA-20260213;Seleziona fornitore o richiedi quotazioni;2026-07-17T13:55:53Z;2026-07-17T14:19:42Z;f.neri
RDA-20260213;Emetti ordine al fornitore;2026-07-20T07:12:18Z;2026-07-20T07:17:21Z;f.neri
RDA-20260213;Ricevi merce in magazzino;2026-07-20T07:17:21Z;2026-07-20T07:28:02Z;magazzino
RDA-20260213;Verifica merce ricevuta;2026-07-20T07:28:02Z;2026-07-20T07:33:40Z;reparto
RDA-20260214;Rileva fabbisogno durante il giro impianti;2026-07-16T14:21:55Z;2026-07-16T14:33:54Z;reparto
RDA-20260214;Invia richiesta all'Ufficio Tecnico;2026-07-16T14:33:54Z;2026-07-16T14:38:51Z;reparto
RDA-20260214;Ricostruisci richiesta e informazioni mancanti;2026-07-17T07:28:36Z;2026-07-17T07:47:25Z;l.conti
RDA-20260214;Invia richiesta ad Acquisti;2026-07-17T08:14:56Z;2026-07-17T08:20:14Z;l.conti
RDA-20260214;Verifica lavorabilità della richiesta;2026-07-17T11:19:02Z;2026-07-17T11:30:33Z;f.neri
RDA-20260214;Richiedi autorizzazione al responsabile;2026-07-17T14:19:42Z;2026-07-17T14:24:32Z;f.neri
RDA-20260214;Autorizza spesa;2026-07-21T14:44:34Z;2026-07-21T14:49:08Z;resp.acquisti
RDA-20260214;Seleziona fornitore o richiedi quotazioni;2026-07-22T08:47:42Z;2026-07-22T09:08:56Z;f.neri
RDA-20260214;Emetti ordine al fornitore;2026-07-22T11:08:01Z;2026-07-22T11:21:42Z;f.neri
RDA-20260214;Ricevi merce in magazzino;2026-07-22T11:21:42Z;2026-07-22T11:34:45Z;magazzino
RDA-20260214;Verifica merce ricevuta;2026-07-22T11:34:45Z;2026-07-22T11:45:47Z;reparto
RDA-20260215;Rileva fabbisogno durante il giro impianti;2026-07-17T07:00:00Z;2026-07-17T07:10:43Z;reparto
RDA-20260215;Invia richiesta all'Ufficio Tecnico;2026-07-17T07:10:43Z;2026-07-17T07:13:45Z;reparto
RDA-20260215;Ricostruisci richiesta e informazioni mancanti;2026-07-17T08:01:15Z;2026-07-17T08:09:39Z;l.conti
RDA-20260215;Invia richiesta ad Acquisti;2026-07-17T08:24:11Z;2026-07-17T08:28:47Z;l.conti
RDA-20260215;Verifica lavorabilità della richiesta;2026-07-17T11:51:54Z;2026-07-17T12:06:09Z;f.neri
RDA-20260215;Richiedi autorizzazione al responsabile;2026-07-17T14:35:20Z;2026-07-17T14:41:09Z;f.neri
RDA-20260215;Autorizza spesa;2026-07-21T14:49:08Z;2026-07-21T14:59:08Z;resp.acquisti
RDA-20260215;Seleziona fornitore o richiedi quotazioni;2026-07-22T09:22:43Z;2026-07-22T09:50:21Z;f.neri
RDA-20260215;Emetti ordine al fornitore;2026-07-22T11:40:08Z;2026-07-22T11:51:16Z;f.neri
RDA-20260215;Ricevi merce in magazzino;2026-07-22T11:51:16Z;2026-07-22T12:00:20Z;magazzino
RDA-20260215;Verifica merce ricevuta;2026-07-22T12:00:20Z;2026-07-22T12:08:30Z;reparto
RDA-20260216;Rileva fabbisogno durante il giro impianti;2026-07-17T09:43:57Z;2026-07-17T09:53:39Z;reparto
RDA-20260216;Invia richiesta all'Ufficio Tecnico;2026-07-17T09:53:39Z;2026-07-17T09:59:22Z;reparto
RDA-20260216;Ricostruisci richiesta e informazioni mancanti;2026-07-17T09:59:22Z;2026-07-17T10:12:34Z;l.conti
RDA-20260216;Invia richiesta ad Acquisti;2026-07-17T10:12:34Z;2026-07-17T10:19:43Z;l.conti
RDA-20260216;Verifica lavorabilità della richiesta;2026-07-17T13:12:59Z;2026-07-17T13:23:43Z;f.neri
RDA-20260216;Richiedi autorizzazione al responsabile;2026-07-17T14:53:54Z;2026-07-17T14:57:52Z;f.neri
RDA-20260216;Autorizza spesa;2026-07-21T14:59:08Z;2026-07-23T14:06:44Z;resp.acquisti
RDA-20260216;Seleziona fornitore o richiedi quotazioni;2026-07-23T14:06:44Z;2026-07-23T14:25:11Z;f.neri
RDA-20260216;Emetti ordine al fornitore;2026-07-23T14:58:00Z;2026-07-24T07:11:55Z;f.neri
RDA-20260216;Ricevi merce in magazzino;2026-07-24T07:11:55Z;2026-07-24T07:20:37Z;magazzino
RDA-20260216;Verifica merce ricevuta;2026-07-24T07:20:37Z;2026-07-24T07:33:14Z;reparto
RDA-20260217;Rileva fabbisogno durante il giro impianti;2026-07-17T11:21:06Z;2026-07-17T11:27:52Z;reparto
RDA-20260217;Invia richiesta all'Ufficio Tecnico;2026-07-17T11:27:52Z;2026-07-17T11:33:04Z;reparto
RDA-20260217;Ricostruisci richiesta e informazioni mancanti;2026-07-17T11:33:04Z;2026-07-17T12:07:09Z;l.conti
RDA-20260217;Invia richiesta ad Acquisti;2026-07-17T12:07:09Z;2026-07-17T12:10:56Z;l.conti
RDA-20260217;Verifica lavorabilità della richiesta;2026-07-17T14:41:09Z;2026-07-17T14:44:41Z;f.neri
RDA-20260217;Richiedi integrazione della richiesta;2026-07-20T07:46:06Z;2026-07-20T07:55:41Z;f.neri
RDA-20260217;Ricostruisci richiesta e informazioni mancanti;2026-07-20T08:08:00Z;2026-07-20T08:30:19Z;l.conti
RDA-20260217;Invia richiesta ad Acquisti;2026-07-20T08:46:05Z;2026-07-20T08:50:17Z;l.conti
RDA-20260217;Verifica lavorabilità della richiesta;2026-07-20T10:08:47Z;2026-07-20T10:17:43Z;f.neri
RDA-20260217;Richiedi autorizzazione al responsabile;2026-07-20T11:46:20Z;2026-07-20T11:50:23Z;f.neri
RDA-20260217;Autorizza spesa;2026-07-23T14:23:09Z;2026-07-23T14:36:17Z;resp.acquisti
RDA-20260217;Seleziona fornitore o richiedi quotazioni;2026-07-24T07:11:55Z;2026-07-24T07:23:50Z;f.neri
RDA-20260217;Emetti ordine al fornitore;2026-07-24T07:57:58Z;2026-07-24T08:08:33Z;f.neri
RDA-20260217;Ricevi merce in magazzino;2026-07-24T08:08:33Z;2026-07-24T08:17:58Z;magazzino
RDA-20260217;Verifica merce ricevuta;2026-07-24T08:17:58Z;2026-07-24T08:26:25Z;reparto
RDA-20260218;Rileva fabbisogno durante il giro impianti;2026-07-17T13:38:32Z;2026-07-17T13:49:39Z;reparto
RDA-20260218;Invia richiesta all'Ufficio Tecnico;2026-07-17T13:49:39Z;2026-07-17T13:52:33Z;reparto
RDA-20260218;Ricostruisci richiesta e informazioni mancanti;2026-07-17T13:57:14Z;2026-07-17T14:18:18Z;l.conti
RDA-20260218;Invia richiesta ad Acquisti;2026-07-17T14:37:28Z;2026-07-17T14:41:56Z;l.conti
RDA-20260218;Verifica lavorabilità della richiesta;2026-07-20T07:33:16Z;2026-07-20T07:46:06Z;f.neri
RDA-20260218;Seleziona fornitore o richiedi quotazioni;2026-07-20T09:12:46Z;2026-07-20T09:44:45Z;f.neri
RDA-20260218;Emetti ordine al fornitore;2026-07-20T10:37:11Z;2026-07-20T10:40:21Z;f.neri
RDA-20260218;Ricevi merce in magazzino;2026-07-20T10:40:21Z;2026-07-20T10:50:10Z;magazzino
RDA-20260218;Verifica merce ricevuta;2026-07-20T10:50:10Z;2026-07-20T10:57:58Z;reparto
RDA-20260219;Rileva fabbisogno durante il giro impianti;2026-07-17T13:58:32Z;2026-07-17T14:07:09Z;reparto
RDA-20260219;Invia richiesta all'Ufficio Tecnico;2026-07-17T14:07:09Z;2026-07-17T14:10:52Z;reparto
RDA-20260219;Ricostruisci richiesta e informazioni mancanti;2026-07-17T14:23:00Z;2026-07-17T14:37:28Z;l.conti
RDA-20260219;Invia richiesta ad Acquisti;2026-07-17T14:58:18Z;2026-07-20T07:03:54Z;l.conti
RDA-20260219;Verifica lavorabilità della richiesta;2026-07-20T08:05:00Z;2026-07-20T08:17:20Z;f.neri
RDA-20260219;Richiedi integrazione della richiesta;2026-07-20T09:48:43Z;2026-07-20T10:00:20Z;f.neri
RDA-20260219;Ricostruisci richiesta e informazioni mancanti;2026-07-20T10:00:20Z;2026-07-20T10:04:31Z;l.conti
RDA-20260219;Invia richiesta ad Acquisti;2026-07-20T10:04:31Z;2026-07-20T10:09:28Z;l.conti
RDA-20260219;Verifica lavorabilità della richiesta;2026-07-20T11:36:22Z;2026-07-20T11:46:20Z;f.neri
RDA-20260219;Richiedi autorizzazione al responsabile;2026-07-20T13:25:24Z;2026-07-20T13:29:59Z;f.neri
RDA-20260219;Autorizza spesa;2026-07-23T14:36:17Z;2026-07-23T14:48:26Z;resp.acquisti
RDA-20260219;Seleziona fornitore o richiedi quotazioni;2026-07-24T07:37:46Z;2026-07-24T07:50:08Z;f.neri
RDA-20260219;Emetti ordine al fornitore;2026-07-24T08:08:33Z;2026-07-24T08:21:32Z;f.neri
RDA-20260219;Ricevi merce in magazzino;2026-07-24T08:21:32Z;2026-07-24T08:33:30Z;magazzino
RDA-20260219;Verifica merce ricevuta;2026-07-24T08:33:30Z;2026-07-24T08:44:22Z;reparto
RDA-20260220;Rileva fabbisogno durante il giro impianti;2026-07-17T14:33:50Z;2026-07-17T14:49:25Z;reparto
RDA-20260220;Chiama fornitore direttamente;2026-07-17T14:49:25Z;2026-07-20T07:03:17Z;reparto
RDA-20260220;Invia riferimento ordine del fornitore;2026-07-20T07:03:17Z;2026-07-20T07:08:51Z;reparto
RDA-20260220;Regolarizza ordine a posteriori;2026-07-20T08:17:20Z;2026-07-20T08:42:30Z;f.neri
RDA-20260220;Gestione contabile della fattura;2026-07-20T08:42:30Z;2026-07-20T08:54:46Z;amministrazione
RDA-20260221;Rileva fabbisogno durante il giro impianti;2026-07-20T07:00:00Z;2026-07-20T07:14:48Z;reparto
RDA-20260221;Invia richiesta all'Ufficio Tecnico;2026-07-20T07:14:48Z;2026-07-20T07:20:21Z;reparto
RDA-20260221;Ricostruisci richiesta e informazioni mancanti;2026-07-20T07:36:15Z;2026-07-20T08:04:58Z;l.conti
RDA-20260221;Invia richiesta ad Acquisti;2026-07-20T08:30:19Z;2026-07-20T08:35:46Z;l.conti
RDA-20260221;Verifica lavorabilità della richiesta;2026-07-20T10:00:20Z;2026-07-20T10:08:47Z;f.neri
RDA-20260221;Seleziona fornitore o richiedi quotazioni;2026-07-20T11:17:24Z;2026-07-20T11:36:22Z;f.neri
RDA-20260221;Emetti ordine al fornitore;2026-07-20T13:13:17Z;2026-07-20T13:25:24Z;f.neri
RDA-20260221;Ricevi merce in magazzino;2026-07-20T13:25:24Z;2026-07-20T13:39:14Z;magazzino
RDA-20260221;Verifica merce ricevuta;2026-07-20T13:39:14Z;2026-07-20T13:50:28Z;reparto
RDA-20260222;Rileva fabbisogno durante il giro impianti;2026-07-20T08:27:01Z;2026-07-20T08:37:20Z;reparto
RDA-20260222;Invia richiesta all'Ufficio Tecnico;2026-07-20T08:37:20Z;2026-07-20T08:43:27Z;reparto
RDA-20260222;Ricostruisci richiesta e informazioni mancanti;2026-07-20T08:50:17Z;2026-07-20T09:20:34Z;l.conti
RDA-20260222;Invia richiesta ad Acquisti;2026-07-20T09:41:20Z;2026-07-20T09:46:12Z;l.conti
RDA-20260222;Verifica lavorabilità della richiesta;2026-07-20T10:40:21Z;2026-07-20T10:48:17Z;f.neri
RDA-20260222;Richiedi integrazione della richiesta;2026-07-20T12:05:51Z;2026-07-20T12:21:56Z;f.neri
RDA-20260222;Ricostruisci richiesta e informazioni mancanti;2026-07-20T12:21:56Z;2026-07-20T12:29:07Z;l.conti
RDA-20260222;Invia richiesta ad Acquisti;2026-07-20T12:39:06Z;2026-07-20T12:43:04Z;l.conti
RDA-20260222;Verifica lavorabilità della richiesta;2026-07-20T13:36:17Z;2026-07-20T13:48:52Z;f.neri
RDA-20260222;Richiedi integrazione della richiesta;2026-07-20T14:46:22Z;2026-07-20T14:51:40Z;f.neri
RDA-20260222;Ricostruisci richiesta e informazioni mancanti;2026-07-20T14:59:26Z;2026-07-21T07:07:43Z;l.conti
RDA-20260222;Invia richiesta ad Acquisti;2026-07-21T07:27:02Z;2026-07-21T07:31:20Z;l.conti
RDA-20260222;Verifica lavorabilità della richiesta;2026-07-21T08:11:39Z;2026-07-21T08:17:23Z;f.neri
RDA-20260222;Richiedi integrazione della richiesta;2026-07-21T09:18:42Z;2026-07-21T09:31:02Z;f.neri
RDA-20260222;Ricostruisci richiesta e informazioni mancanti;2026-07-21T09:31:02Z;2026-07-21T09:44:47Z;l.conti
RDA-20260222;Invia richiesta ad Acquisti;2026-07-21T09:44:47Z;2026-07-21T09:50:18Z;l.conti
RDA-20260222;Verifica lavorabilità della richiesta;2026-07-21T11:16:19Z;2026-07-21T11:24:39Z;f.neri
RDA-20260222;Richiedi autorizzazione al responsabile;2026-07-21T12:42:11Z;2026-07-21T12:46:05Z;f.neri
RDA-20260222;Autorizza spesa;2026-07-28T14:00:23Z;2026-07-28T14:10:16Z;resp.acquisti
RDA-20260222;Seleziona fornitore o richiedi quotazioni;2026-07-28T14:27:12Z;2026-07-28T14:48:20Z;f.neri
RDA-20260222;Emetti ordine al fornitore;2026-07-29T07:34:29Z;2026-07-29T07:43:46Z;f.neri
RDA-20260222;Ricevi merce in magazzino;2026-07-29T07:43:46Z;2026-07-29T07:55:33Z;magazzino
RDA-20260222;Verifica merce ricevuta;2026-07-29T07:55:33Z;2026-07-29T08:02:43Z;reparto
RDA-20260223;Rileva fabbisogno durante il giro impianti;2026-07-20T08:36:16Z;2026-07-20T08:43:05Z;reparto
RDA-20260223;Invia richiesta all'Ufficio Tecnico;2026-07-20T08:43:05Z;2026-07-20T08:46:42Z;reparto
RDA-20260223;Ricostruisci richiesta e informazioni mancanti;2026-07-20T09:25:46Z;2026-07-20T09:32:42Z;l.conti
RDA-20260223;Invia richiesta ad Acquisti;2026-07-20T09:46:12Z;2026-07-20T09:52:42Z;l.conti
RDA-20260223;Verifica lavorabilità della richiesta;2026-07-20T10:59:44Z;2026-07-20T11:08:27Z;f.neri
RDA-20260223;Richiedi integrazione della richiesta;2026-07-20T12:21:56Z;2026-07-20T12:36:01Z;f.neri
RDA-20260223;Ricostruisci richiesta e informazioni mancanti;2026-07-20T12:43:04Z;2026-07-20T12:49:38Z;l.conti
RDA-20260223;Invia richiesta ad Acquisti;2026-07-20T12:54:13Z;2026-07-20T12:58:15Z;l.conti
RDA-20260223;Verifica lavorabilità della richiesta;2026-07-20T14:08:30Z;2026-07-20T14:20:10Z;f.neri
RDA-20260223;Richiedi integrazione della richiesta;2026-07-21T07:08:58Z;2026-07-21T07:21:50Z;f.neri
RDA-20260223;Ricostruisci richiesta e informazioni mancanti;2026-07-21T07:39:13Z;2026-07-21T07:54:56Z;l.conti
RDA-20260223;Invia richiesta ad Acquisti;2026-07-21T08:05:58Z;2026-07-21T08:11:24Z;l.conti
RDA-20260223;Verifica lavorabilità della richiesta;2026-07-21T09:09:45Z;2026-07-21T09:18:42Z;f.neri
RDA-20260223;Richiedi integrazione della richiesta;2026-07-21T10:51:46Z;2026-07-21T11:02:08Z;f.neri
RDA-20260223;Ricostruisci richiesta e informazioni mancanti;2026-07-21T11:02:08Z;2026-07-21T11:05:25Z;l.conti
RDA-20260223;Invia richiesta ad Acquisti;2026-07-21T11:05:25Z;2026-07-21T11:11:09Z;l.conti
RDA-20260223;Verifica lavorabilità della richiesta;2026-07-21T12:21:09Z;2026-07-21T12:33:53Z;f.neri
RDA-20260223;Seleziona fornitore o richiedi quotazioni;2026-07-21T13:24:58Z;2026-07-21T13:48:05Z;f.neri
RDA-20260223;Emetti ordine al fornitore;2026-07-21T14:16:58Z;2026-07-21T14:29:46Z;f.neri
RDA-20260223;Ricevi merce in magazzino;2026-07-21T14:29:46Z;2026-07-21T14:42:21Z;magazzino
RDA-20260223;Verifica merce ricevuta;2026-07-21T14:42:21Z;2026-07-21T14:51:55Z;reparto
RDA-20260224;Rileva fabbisogno durante il giro impianti;2026-07-20T12:13:11Z;2026-07-20T12:20:13Z;reparto
RDA-20260224;Invia richiesta all'Ufficio Tecnico;2026-07-20T12:20:13Z;2026-07-20T12:24:49Z;reparto
RDA-20260224;Ricostruisci richiesta e informazioni mancanti;2026-07-20T12:29:07Z;2026-07-20T12:39:06Z;l.conti
RDA-20260224;Invia richiesta ad Acquisti;2026-07-20T12:49:38Z;2026-07-20T12:54:13Z;l.conti
RDA-20260224;Verifica lavorabilità della richiesta;2026-07-20T14:01:39Z;2026-07-20T14:08:30Z;f.neri
RDA-20260224;Richiedi integrazione della richiesta;2026-07-20T14:51:40Z;2026-07-21T07:01:22Z;f.neri
RDA-20260224;Ricostruisci richiesta e informazioni mancanti;2026-07-21T07:07:43Z;2026-07-21T07:27:02Z;l.conti
RDA-20260224;Invia richiesta ad Acquisti;2026-07-21T07:54:56Z;2026-07-21T08:01:06Z;l.conti
RDA-20260224;Verifica lavorabilità della richiesta;2026-07-21T08:47:40Z;2026-07-21T09:00:44Z;f.neri
RDA-20260224;Seleziona fornitore o richiedi quotazioni;2026-07-21T09:54:31Z;2026-07-21T10:15:36Z;f.neri
RDA-20260224;Emetti ordine al fornitore;2026-07-21T11:47:25Z;2026-07-21T11:55:51Z;f.neri
RDA-20260224;Ricevi merce in magazzino;2026-07-21T11:55:51Z;2026-07-21T12:06:57Z;magazzino
RDA-20260224;Verifica merce ricevuta;2026-07-21T12:06:57Z;2026-07-21T12:17:24Z;reparto
RDA-20260225;Rileva fabbisogno durante il giro impianti;2026-07-20T13:12:45Z;2026-07-20T13:21:07Z;reparto
RDA-20260225;Invia richiesta all'Ufficio Tecnico;2026-07-20T13:21:07Z;2026-07-20T13:25:58Z;reparto
RDA-20260225;Ricostruisci richiesta e informazioni mancanti;2026-07-20T13:25:58Z;2026-07-20T14:05:43Z;l.conti
RDA-20260225;Invia richiesta ad Acquisti;2026-07-20T14:16:01Z;2026-07-20T14:19:44Z;l.conti
RDA-20260225;Verifica lavorabilità della richiesta;2026-07-21T07:01:22Z;2026-07-21T07:08:58Z;f.neri
RDA-20260225;Richiedi integrazione della richiesta;2026-07-21T08:04:19Z;2026-07-21T08:11:39Z;f.neri
RDA-20260225;Ricostruisci richiesta e informazioni mancanti;2026-07-21T08:11:39Z;2026-07-21T08:21:48Z;l.conti
RDA-20260225;Invia richiesta ad Acquisti;2026-07-21T08:21:48Z;2026-07-21T08:27:06Z;l.conti
RDA-20260225;Verifica lavorabilità della richiesta;2026-07-21T09:31:02Z;2026-07-21T09:41:43Z;f.neri
RDA-20260225;Seleziona fornitore o richiedi quotazioni;2026-07-21T11:02:08Z;2026-07-21T11:16:19Z;f.neri
RDA-20260225;Emetti ordine al fornitore;2026-07-21T12:33:53Z;2026-07-21T12:42:11Z;f.neri
RDA-20260225;Ricevi merce in magazzino;2026-07-21T12:42:11Z;2026-07-21T12:49:09Z;magazzino
RDA-20260225;Verifica merce ricevuta;2026-07-21T12:49:09Z;2026-07-21T12:52:58Z;reparto
RDA-20260226;Rileva fabbisogno durante il giro impianti;2026-07-20T14:09:14Z;2026-07-20T14:23:14Z;reparto
RDA-20260226;Invia richiesta all'Ufficio Tecnico;2026-07-20T14:23:14Z;2026-07-20T14:28:47Z;reparto
RDA-20260226;Ricostruisci richiesta e informazioni mancanti;2026-07-20T14:28:47Z;2026-07-20T14:41:29Z;l.conti
RDA-20260226;Invia richiesta ad Acquisti;2026-07-20T14:46:46Z;2026-07-20T14:54:04Z;l.conti
RDA-20260226;Verifica lavorabilità della richiesta;2026-07-21T07:41:32Z;2026-07-21T07:55:44Z;f.neri
RDA-20260226;Richiedi autorizzazione al responsabile;2026-07-21T08:43:03Z;2026-07-21T08:47:40Z;f.neri
RDA-20260226;Autorizza spesa;2026-07-23T14:48:26Z;2026-07-28T14:00:23Z;resp.acquisti
RDA-20260226;Seleziona fornitore o richiedi quotazioni;2026-07-28T14:00:23Z;2026-07-28T14:27:12Z;f.neri
RDA-20260226;Emetti ordine al fornitore;2026-07-29T07:24:21Z;2026-07-29T07:34:29Z;f.neri
RDA-20260226;Ricevi merce in magazzino;2026-07-29T07:34:29Z;2026-07-29T07:42:35Z;magazzino
RDA-20260226;Verifica merce ricevuta;2026-07-29T07:42:35Z;2026-07-29T07:53:20Z;reparto
RDA-20260227;Rileva fabbisogno durante il giro impianti;2026-07-20T14:19:52Z;2026-07-20T14:35:12Z;reparto
RDA-20260227;Invia richiesta all'Ufficio Tecnico;2026-07-20T14:35:12Z;2026-07-20T14:40:24Z;reparto
RDA-20260227;Ricostruisci richiesta e informazioni mancanti;2026-07-20T14:41:29Z;2026-07-20T14:46:46Z;l.conti
RDA-20260227;Invia richiesta ad Acquisti;2026-07-20T14:54:04Z;2026-07-20T14:59:26Z;l.conti
RDA-20260227;Verifica lavorabilità della richiesta;2026-07-21T07:55:44Z;2026-07-21T08:04:19Z;f.neri
RDA-20260227;Richiedi integrazione della richiesta;2026-07-21T09:00:44Z;2026-07-21T09:07:07Z;f.neri
RDA-20260227;Ricostruisci richiesta e informazioni mancanti;2026-07-21T09:07:07Z;2026-07-21T09:12:13Z;l.conti
RDA-20260227;Invia richiesta ad Acquisti;2026-07-21T09:12:13Z;2026-07-21T09:15:49Z;l.conti
RDA-20260227;Verifica lavorabilità della richiesta;2026-07-21T10:38:41Z;2026-07-21T10:51:46Z;f.neri
RDA-20260227;Seleziona fornitore o richiedi quotazioni;2026-07-21T12:05:56Z;2026-07-21T12:21:09Z;f.neri
RDA-20260227;Emetti ordine al fornitore;2026-07-21T13:01:12Z;2026-07-21T13:12:20Z;f.neri
RDA-20260227;Ricevi merce in magazzino;2026-07-21T13:12:20Z;2026-07-21T13:21:49Z;magazzino
RDA-20260227;Verifica merce ricevuta;2026-07-21T13:21:49Z;2026-07-21T13:27:33Z;reparto
RDA-20260228;Rileva fabbisogno durante il giro impianti;2026-07-21T07:00:00Z;2026-07-21T07:08:46Z;reparto
RDA-20260228;Invia richiesta all'Ufficio Tecnico;2026-07-21T07:08:46Z;2026-07-21T07:13:35Z;reparto
RDA-20260228;Ricostruisci richiesta e informazioni mancanti;2026-07-21T07:31:20Z;2026-07-21T07:39:13Z;l.conti
RDA-20260228;Invia richiesta ad Acquisti;2026-07-21T08:01:06Z;2026-07-21T08:05:58Z;l.conti
RDA-20260228;Verifica lavorabilità della richiesta;2026-07-21T09:07:07Z;2026-07-21T09:09:45Z;f.neri
RDA-20260228;Seleziona fornitore o richiedi quotazioni;2026-07-21T10:15:36Z;2026-07-21T10:38:41Z;f.neri
RDA-20260228;Emetti ordine al fornitore;2026-07-21T11:55:51Z;2026-07-21T12:05:56Z;f.neri
RDA-20260228;Ricevi merce in magazzino;2026-07-21T12:06:57Z;2026-07-21T12:18:59Z;magazzino
RDA-20260228;Verifica merce ricevuta;2026-07-21T12:18:59Z;2026-07-21T12:28:07Z;reparto
RDA-20260229;Rileva fabbisogno durante il giro impianti;2026-07-21T09:42:58Z;2026-07-21T09:54:07Z;reparto
RDA-20260229;Chiama fornitore direttamente;2026-07-21T09:54:07Z;2026-07-21T10:07:10Z;reparto
RDA-20260229;Invia riferimento ordine del fornitore;2026-07-21T10:07:10Z;2026-07-21T10:11:45Z;reparto
RDA-20260229;Regolarizza ordine a posteriori;2026-07-21T11:24:39Z;2026-07-21T11:47:25Z;f.neri
RDA-20260229;Gestione contabile della fattura;2026-07-21T11:47:25Z;2026-07-21T12:13:49Z;amministrazione
RDA-20260230;Rileva fabbisogno durante il giro impianti;2026-07-21T11:18:18Z;2026-07-21T11:24:37Z;reparto
RDA-20260230;Invia richiesta all'Ufficio Tecnico;2026-07-21T11:24:37Z;2026-07-21T11:30:45Z;reparto
RDA-20260230;Ricostruisci richiesta e informazioni mancanti;2026-07-21T11:30:45Z;2026-07-21T11:37:58Z;l.conti
RDA-20260230;Invia richiesta ad Acquisti;2026-07-21T11:37:58Z;2026-07-21T11:41:56Z;l.conti
RDA-20260230;Verifica lavorabilità della richiesta;2026-07-21T12:46:05Z;2026-07-21T13:01:12Z;f.neri
RDA-20260230;Seleziona fornitore o richiedi quotazioni;2026-07-21T13:48:05Z;2026-07-21T14:03:54Z;f.neri
RDA-20260230;Emetti ordine al fornitore;2026-07-21T14:52:47Z;2026-07-22T07:06:03Z;f.neri
RDA-20260230;Ricevi merce in magazzino;2026-07-22T07:06:03Z;2026-07-22T07:16:18Z;magazzino
RDA-20260230;Verifica merce ricevuta;2026-07-22T07:16:18Z;2026-07-22T07:26:09Z;reparto
RDA-20260231;Rileva fabbisogno durante il giro impianti;2026-07-21T11:44:54Z;2026-07-21T11:54:15Z;reparto
RDA-20260231;Invia richiesta all'Ufficio Tecnico;2026-07-21T11:54:15Z;2026-07-21T12:01:35Z;reparto
RDA-20260231;Ricostruisci richiesta e informazioni mancanti;2026-07-21T12:01:35Z;2026-07-21T12:24:58Z;l.conti
RDA-20260231;Invia richiesta ad Acquisti;2026-07-21T12:24:58Z;2026-07-21T12:30:56Z;l.conti
RDA-20260231;Verifica lavorabilità della richiesta;2026-07-21T13:12:20Z;2026-07-21T13:24:58Z;f.neri
RDA-20260231;Seleziona fornitore o richiedi quotazioni;2026-07-21T14:03:54Z;2026-07-21T14:16:58Z;f.neri
RDA-20260231;Emetti ordine al fornitore;2026-07-22T07:29:57Z;2026-07-22T07:39:03Z;f.neri
RDA-20260231;Ricevi merce in magazzino;2026-07-22T07:39:03Z;2026-07-22T07:51:34Z;magazzino
RDA-20260231;Verifica merce ricevuta;2026-07-22T07:51:34Z;2026-07-22T08:05:04Z;reparto
RDA-20260232;Rileva fabbisogno durante il giro impianti;2026-07-21T14:12:39Z;2026-07-21T14:26:11Z;reparto
RDA-20260232;Invia richiesta all'Ufficio Tecnico;2026-07-21T14:26:11Z;2026-07-21T14:32:00Z;reparto
RDA-20260232;Ricostruisci richiesta e informazioni mancanti;2026-07-21T14:32:00Z;2026-07-21T14:44:27Z;l.conti
RDA-20260232;Invia richiesta ad Acquisti;2026-07-21T14:49:50Z;2026-07-21T14:56:01Z;l.conti
RDA-20260232;Verifica lavorabilità della richiesta;2026-07-22T09:11:18Z;2026-07-22T09:22:43Z;f.neri
RDA-20260232;Richiedi integrazione della richiesta;2026-07-22T11:30:42Z;2026-07-22T11:40:08Z;f.neri
RDA-20260232;Ricostruisci richiesta e informazioni mancanti;2026-07-22T11:40:08Z;2026-07-22T11:53:20Z;l.conti
RDA-20260232;Invia richiesta ad Acquisti;2026-07-22T12:09:01Z;2026-07-22T12:15:16Z;l.conti
RDA-20260232;Verifica lavorabilità della richiesta;2026-07-22T12:51:05Z;2026-07-22T12:58:55Z;f.neri
RDA-20260232;Richiedi integrazione della richiesta;2026-07-22T13:38:17Z;2026-07-22T13:52:39Z;f.neri
RDA-20260232;Ricostruisci richiesta e informazioni mancanti;2026-07-22T13:54:03Z;2026-07-22T14:00:42Z;l.conti
RDA-20260232;Invia richiesta ad Acquisti;2026-07-22T14:00:42Z;2026-07-22T14:07:37Z;l.conti
RDA-20260232;Verifica lavorabilità della richiesta;2026-07-22T14:56:17Z;2026-07-23T07:04:02Z;f.neri
RDA-20260232;Richiedi integrazione della richiesta;2026-07-23T08:30:59Z;2026-07-23T08:37:51Z;f.neri
RDA-20260232;Ricostruisci richiesta e informazioni mancanti;2026-07-23T08:44:30Z;2026-07-23T08:51:03Z;l.conti
RDA-20260232;Invia richiesta ad Acquisti;2026-07-23T08:56:03Z;2026-07-23T09:02:05Z;l.conti
RDA-20260232;Verifica lavorabilità della richiesta;2026-07-23T09:10:37Z;2026-07-23T09:21:14Z;f.neri
RDA-20260232;Richiedi autorizzazione al responsabile;2026-07-23T09:46:58Z;2026-07-23T09:50:45Z;f.neri
RDA-20260232;Autorizza spesa;2026-07-28T14:17:40Z;2026-07-28T14:26:31Z;resp.acquisti
RDA-20260232;Seleziona fornitore o richiedi quotazioni;2026-07-28T14:59:47Z;2026-07-29T07:24:21Z;f.neri
RDA-20260232;Emetti ordine al fornitore;2026-07-29T07:51:10Z;2026-07-29T08:01:38Z;f.neri
RDA-20260232;Ricevi merce in magazzino;2026-07-29T08:05:29Z;2026-07-29T08:16:46Z;magazzino
RDA-20260232;Verifica merce ricevuta;2026-07-29T08:16:46Z;2026-07-29T08:26:00Z;reparto
RDA-20260233;Rileva fabbisogno durante il giro impianti;2026-07-21T14:27:46Z;2026-07-21T14:38:41Z;reparto
RDA-20260233;Invia richiesta all'Ufficio Tecnico;2026-07-21T14:38:41Z;2026-07-21T14:43:22Z;reparto
RDA-20260233;Ricostruisci richiesta e informazioni mancanti;2026-07-21T14:44:27Z;2026-07-21T14:49:50Z;l.conti
RDA-20260233;Invia richiesta ad Acquisti;2026-07-21T14:56:01Z;2026-07-21T14:59:25Z;l.conti
RDA-20260233;Verifica lavorabilità della richiesta;2026-07-22T09:50:21Z;2026-07-22T10:00:50Z;f.neri
RDA-20260233;Richiedi integrazione della richiesta;2026-07-22T11:51:16Z;2026-07-22T11:58:33Z;f.neri
RDA-20260233;Ricostruisci richiesta e informazioni mancanti;2026-07-22T12:15:16Z;2026-07-22T12:33:47Z;l.conti
RDA-20260233;Invia richiesta ad Acquisti;2026-07-22T12:52:24Z;2026-07-22T12:55:06Z;l.conti
RDA-20260233;Verifica lavorabilità della richiesta;2026-07-22T13:33:54Z;2026-07-22T13:38:17Z;f.neri
RDA-20260233;Richiedi autorizzazione al responsabile;2026-07-22T14:24:32Z;2026-07-22T14:30:26Z;f.neri
RDA-20260233;Autorizza spesa;2026-07-28T14:10:16Z;2026-07-28T14:17:40Z;resp.acquisti
RDA-20260233;Seleziona fornitore o richiedi quotazioni;2026-07-28T14:48:20Z;2026-07-28T14:59:47Z;f.neri
RDA-20260233;Emetti ordine al fornitore;2026-07-29T07:43:46Z;2026-07-29T07:51:10Z;f.neri
RDA-20260233;Ricevi merce in magazzino;2026-07-29T07:55:33Z;2026-07-29T08:05:29Z;magazzino
RDA-20260233;Verifica merce ricevuta;2026-07-29T08:05:29Z;2026-07-29T08:16:34Z;reparto
RDA-20260234;Rileva fabbisogno durante il giro impianti;2026-07-22T07:00:00Z;2026-07-22T07:10:37Z;reparto
RDA-20260234;Invia richiesta all'Ufficio Tecnico;2026-07-22T07:10:37Z;2026-07-22T07:17:35Z;reparto
RDA-20260234;Ricostruisci richiesta e informazioni mancanti;2026-07-22T07:17:35Z;2026-07-22T07:24:01Z;l.conti
RDA-20260234;Invia richiesta ad Acquisti;2026-07-22T07:24:01Z;2026-07-22T07:30:26Z;l.conti
RDA-20260234;Verifica lavorabilità della richiesta;2026-07-22T10:14:05Z;2026-07-22T10:24:16Z;f.neri
RDA-20260234;Seleziona fornitore o richiedi quotazioni;2026-07-22T11:58:33Z;2026-07-22T12:16:46Z;f.neri
RDA-20260234;Emetti ordine al fornitore;2026-07-22T12:58:55Z;2026-07-22T13:11:16Z;f.neri
RDA-20260234;Ricevi merce in magazzino;2026-07-22T13:11:16Z;2026-07-22T13:18:51Z;magazzino
RDA-20260234;Verifica merce ricevuta;2026-07-22T13:18:51Z;2026-07-22T13:31:30Z;reparto
RDA-20260235;Rileva fabbisogno durante il giro impianti;2026-07-22T08:23:26Z;2026-07-22T08:41:58Z;reparto
RDA-20260235;Invia richiesta all'Ufficio Tecnico;2026-07-22T08:41:58Z;2026-07-22T08:47:35Z;reparto
RDA-20260235;Ricostruisci richiesta e informazioni mancanti;2026-07-22T08:47:35Z;2026-07-22T08:55:28Z;l.conti
RDA-20260235;Invia richiesta ad Acquisti;2026-07-22T08:55:28Z;2026-07-22T08:58:43Z;l.conti
RDA-20260235;Verifica lavorabilità della richiesta;2026-07-22T10:55:02Z;2026-07-22T11:08:01Z;f.neri
RDA-20260235;Richiedi integrazione della richiesta;2026-07-22T12:29:28Z;2026-07-22T12:40:27Z;f.neri
RDA-20260235;Ricostruisci richiesta e informazioni mancanti;2026-07-22T12:55:06Z;2026-07-22T13:11:55Z;l.conti
RDA-20260235;Invia richiesta ad Acquisti;2026-07-22T13:35:15Z;2026-07-22T13:41:23Z;l.conti
RDA-20260235;Verifica lavorabilità della richiesta;2026-07-22T14:30:26Z;2026-07-22T14:38:29Z;f.neri
RDA-20260235;Seleziona fornitore o richiedi quotazioni;2026-07-23T07:29:57Z;2026-07-23T07:54:18Z;f.neri
RDA-20260235;Emetti ordine al fornitore;2026-07-23T08:44:32Z;2026-07-23T08:52:10Z;f.neri
RDA-20260235;Ricevi merce in magazzino;2026-07-23T08:55:58Z;2026-07-23T09:06:52Z;magazzino
RDA-20260235;Verifica merce ricevuta;2026-07-23T09:06:52Z;2026-07-23T09:17:14Z;reparto
RDA-20260236;Rileva fabbisogno durante il giro impianti;2026-07-22T08:56:14Z;2026-07-22T09:01:34Z;reparto
RDA-20260236;Invia richiesta all'Ufficio Tecnico;2026-07-22T09:01:34Z;2026-07-22T09:07:14Z;reparto
RDA-20260236;Ricostruisci richiesta e informazioni mancanti;2026-07-22T09:07:14Z;2026-07-22T09:13:12Z;l.conti
RDA-20260236;Invia richiesta ad Acquisti;2026-07-22T09:13:12Z;2026-07-22T09:20:01Z;l.conti
RDA-20260236;Verifica lavorabilità della richiesta;2026-07-22T11:21:42Z;2026-07-22T11:30:42Z;f.neri
RDA-20260236;Richiedi integrazione della richiesta;2026-07-22T12:40:27Z;2026-07-22T12:51:05Z;f.neri
RDA-20260236;Ricostruisci richiesta e informazioni mancanti;2026-07-22T13:11:55Z;2026-07-22T13:28:57Z;l.conti
RDA-20260236;Invia richiesta ad Acquisti;2026-07-22T13:45:52Z;2026-07-22T13:50:16Z;l.conti
RDA-20260236;Verifica lavorabilità della richiesta;2026-07-22T14:38:29Z;2026-07-22T14:46:40Z;f.neri
RDA-20260236;Seleziona fornitore o richiedi quotazioni;2026-07-23T07:54:18Z;2026-07-23T08:22:33Z;f.neri
RDA-20260236;Emetti ordine al fornitore;2026-07-23T08:52:10Z;2026-07-23T09:05:40Z;f.neri
RDA-20260236;Ricevi merce in magazzino;2026-07-23T09:06:52Z;2026-07-23T09:16:55Z;magazzino
RDA-20260236;Verifica merce ricevuta;2026-07-23T09:16:55Z;2026-07-23T09:25:48Z;reparto
RDA-20260237;Rileva fabbisogno durante il giro impianti;2026-07-22T10:05:21Z;2026-07-22T10:15:34Z;reparto
RDA-20260237;Invia richiesta all'Ufficio Tecnico;2026-07-22T10:15:34Z;2026-07-22T10:20:17Z;reparto
RDA-20260237;Ricostruisci richiesta e informazioni mancanti;2026-07-22T10:20:17Z;2026-07-22T10:37:19Z;l.conti
RDA-20260237;Invia richiesta ad Acquisti;2026-07-22T10:37:19Z;2026-07-22T10:41:04Z;l.conti
RDA-20260237;Verifica lavorabilità della richiesta;2026-07-22T12:16:46Z;2026-07-22T12:29:28Z;f.neri
RDA-20260237;Richiedi integrazione della richiesta;2026-07-22T13:11:16Z;2026-07-22T13:23:46Z;f.neri
RDA-20260237;Ricostruisci richiesta e informazioni mancanti;2026-07-22T13:41:23Z;2026-07-22T13:45:52Z;l.conti
RDA-20260237;Invia richiesta ad Acquisti;2026-07-22T13:50:16Z;2026-07-22T13:54:03Z;l.conti
RDA-20260237;Verifica lavorabilità della richiesta;2026-07-22T14:46:40Z;2026-07-22T14:56:17Z;f.neri
RDA-20260237;Richiedi integrazione della richiesta;2026-07-23T08:22:33Z;2026-07-23T08:30:59Z;f.neri
RDA-20260237;Ricostruisci richiesta e informazioni mancanti;2026-07-23T08:30:59Z;2026-07-23T08:44:30Z;l.conti
RDA-20260237;Invia richiesta ad Acquisti;2026-07-23T08:51:03Z;2026-07-23T08:56:03Z;l.conti
RDA-20260237;Verifica lavorabilità della richiesta;2026-07-23T09:05:40Z;2026-07-23T09:10:37Z;f.neri
RDA-20260237;Seleziona fornitore o richiedi quotazioni;2026-07-23T09:21:14Z;2026-07-23T09:46:58Z;f.neri
RDA-20260237;Emetti ordine al fornitore;2026-07-23T09:50:45Z;2026-07-23T10:03:28Z;f.neri
RDA-20260237;Ricevi merce in magazzino;2026-07-23T10:03:28Z;2026-07-23T10:12:36Z;magazzino
RDA-20260237;Verifica merce ricevuta;2026-07-23T10:12:36Z;2026-07-23T10:23:53Z;reparto
RDA-20260238;Rileva fabbisogno durante il giro impianti;2026-07-22T11:40:30Z;2026-07-22T11:44:44Z;reparto
RDA-20260238;Invia richiesta all'Ufficio Tecnico;2026-07-22T11:44:44Z;2026-07-22T11:48:05Z;reparto
RDA-20260238;Ricostruisci richiesta e informazioni mancanti;2026-07-22T11:53:20Z;2026-07-22T12:09:01Z;l.conti
RDA-20260238;Invia richiesta ad Acquisti;2026-07-22T12:33:47Z;2026-07-22T12:37:51Z;l.conti
RDA-20260238;Verifica lavorabilità della richiesta;2026-07-22T13:23:46Z;2026-07-22T13:33:54Z;f.neri
RDA-20260238;Seleziona fornitore o richiedi quotazioni;2026-07-22T13:52:39Z;2026-07-22T14:14:43Z;f.neri
RDA-20260238;Emetti ordine al fornitore;2026-07-23T07:04:02Z;2026-07-23T07:17:55Z;f.neri
RDA-20260238;Ricevi merce in magazzino;2026-07-23T07:17:55Z;2026-07-23T07:28:58Z;magazzino
RDA-20260238;Verifica merce ricevuta;2026-07-23T07:28:58Z;2026-07-23T07:42:48Z;reparto
RDA-20260239;Rileva fabbisogno durante il giro impianti;2026-07-22T12:09:13Z;2026-07-22T12:19:13Z;reparto
RDA-20260239;Invia richiesta all'Ufficio Tecnico;2026-07-22T12:19:13Z;2026-07-22T12:24:23Z;reparto
RDA-20260239;Ricostruisci richiesta e informazioni mancanti;2026-07-22T12:37:51Z;2026-07-22T12:52:24Z;l.conti
RDA-20260239;Invia richiesta ad Acquisti;2026-07-22T13:28:57Z;2026-07-22T13:35:15Z;l.conti
RDA-20260239;Verifica lavorabilità della richiesta;2026-07-22T14:14:43Z;2026-07-22T14:24:32Z;f.neri
RDA-20260239;Seleziona fornitore o richiedi quotazioni;2026-07-23T07:17:55Z;2026-07-23T07:29:57Z;f.neri
RDA-20260239;Emetti ordine al fornitore;2026-07-23T08:37:51Z;2026-07-23T08:44:32Z;f.neri
RDA-20260239;Ricevi merce in magazzino;2026-07-23T08:44:32Z;2026-07-23T08:55:58Z;magazzino
RDA-20260239;Verifica merce ricevuta;2026-07-23T08:55:58Z;2026-07-23T09:05:56Z;reparto
RDA-20260000;Registrazione fattura;2026-06-03T09:09:08Z;2026-06-03T09:21:24Z;amministrazione
RDA-20260001;Registrazione fattura;2026-06-01T12:14:04Z;2026-06-01T12:25:09Z;amministrazione
RDA-20260002;Registrazione fattura;2026-06-02T09:08:46Z;2026-06-02T09:24:15Z;amministrazione
RDA-20260003;Registrazione fattura;2026-06-03T08:12:20Z;2026-06-03T08:29:57Z;amministrazione
RDA-20260004;Registrazione fattura;2026-06-03T09:06:56Z;2026-06-03T09:23:26Z;amministrazione
RDA-20260005;Registrazione fattura;2026-06-02T14:01:57Z;2026-06-02T14:13:19Z;amministrazione
RDA-20260006;Registrazione fattura;2026-06-02T14:38:55Z;2026-06-02T15:01:19Z;amministrazione
RDA-20260007;Registrazione fattura;2026-06-03T10:55:34Z;2026-06-03T11:08:55Z;amministrazione
RDA-20260008;Registrazione fattura;2026-06-03T15:16:19Z;2026-06-03T15:40:31Z;amministrazione
RDA-20260009;Registrazione fattura;2026-06-05T09:08:41Z;2026-06-05T09:24:38Z;amministrazione
RDA-20260010;Registrazione fattura;2026-06-03T12:08:40Z;2026-06-03T12:19:22Z;amministrazione
RDA-20260011;Registrazione fattura;2026-06-05T10:32:41Z;2026-06-05T10:47:02Z;amministrazione
RDA-20260012;Registrazione fattura;2026-06-03T12:08:41Z;2026-06-03T12:20:27Z;amministrazione
RDA-20260013;Registrazione fattura;2026-06-03T14:42:51Z;2026-06-03T15:05:05Z;amministrazione
RDA-20260014;Registrazione fattura;2026-06-05T09:42:06Z;2026-06-05T10:00:49Z;amministrazione
RDA-20260015;Registrazione fattura;2026-06-05T11:16:43Z;2026-06-05T11:32:18Z;amministrazione
RDA-20260016;Registrazione fattura;2026-06-05T10:45:23Z;2026-06-05T10:56:19Z;amministrazione
RDA-20260017;Registrazione fattura;2026-06-10T11:39:00Z;2026-06-10T11:52:06Z;amministrazione
RDA-20260018;Registrazione fattura;2026-06-10T12:22:40Z;2026-06-10T12:39:05Z;amministrazione
RDA-20260020;Registrazione fattura;2026-06-04T10:37:22Z;2026-06-04T10:56:09Z;amministrazione
RDA-20260021;Registrazione fattura;2026-06-05T11:24:21Z;2026-06-05T11:38:51Z;amministrazione
RDA-20260022;Registrazione fattura;2026-06-10T12:36:16Z;2026-06-10T12:56:45Z;amministrazione
RDA-20260023;Registrazione fattura;2026-06-10T12:23:00Z;2026-06-10T12:41:37Z;amministrazione
RDA-20260024;Registrazione fattura;2026-06-05T13:44:28Z;2026-06-05T14:07:36Z;amministrazione
RDA-20260025;Registrazione fattura;2026-06-05T12:34:36Z;2026-06-05T12:48:55Z;amministrazione
RDA-20260026;Registrazione fattura;2026-06-05T13:20:58Z;2026-06-05T13:32:45Z;amministrazione
RDA-20260027;Registrazione fattura;2026-06-12T10:19:28Z;2026-06-12T10:40:50Z;amministrazione
RDA-20260028;Registrazione fattura;2026-06-05T14:29:13Z;2026-06-05T14:46:34Z;amministrazione
RDA-20260029;Registrazione fattura;2026-06-08T10:45:19Z;2026-06-08T11:05:21Z;amministrazione
RDA-20260030;Registrazione fattura;2026-06-10T12:53:55Z;2026-06-10T13:12:31Z;amministrazione
RDA-20260031;Registrazione fattura;2026-06-08T10:08:44Z;2026-06-08T10:23:26Z;amministrazione
RDA-20260032;Registrazione fattura;2026-06-12T12:20:46Z;2026-06-12T12:39:41Z;amministrazione
RDA-20260033;Registrazione fattura;2026-06-12T11:07:02Z;2026-06-12T11:23:52Z;amministrazione
RDA-20260034;Registrazione fattura;2026-06-09T10:36:24Z;2026-06-09T11:00:34Z;amministrazione
RDA-20260035;Registrazione fattura;2026-06-09T08:37:14Z;2026-06-09T08:57:11Z;amministrazione
RDA-20260036;Registrazione fattura;2026-06-11T10:26:59Z;2026-06-11T10:47:31Z;amministrazione
RDA-20260037;Registrazione fattura;2026-06-09T14:41:03Z;2026-06-09T15:05:57Z;amministrazione
RDA-20260038;Registrazione fattura;2026-06-12T11:35:10Z;2026-06-12T11:49:26Z;amministrazione
RDA-20260039;Registrazione fattura;2026-06-09T12:39:58Z;2026-06-09T13:00:00Z;amministrazione
RDA-20260040;Registrazione fattura;2026-06-10T09:21:58Z;2026-06-10T09:38:54Z;amministrazione
RDA-20260041;Registrazione fattura;2026-06-12T11:36:21Z;2026-06-12T11:48:07Z;amministrazione
RDA-20260042;Registrazione fattura;2026-06-17T07:56:11Z;2026-06-17T08:17:42Z;amministrazione
RDA-20260043;Registrazione fattura;2026-06-10T10:48:14Z;2026-06-10T11:01:57Z;amministrazione
RDA-20260044;Registrazione fattura;2026-06-12T12:00:10Z;2026-06-12T12:23:15Z;amministrazione
RDA-20260045;Registrazione fattura;2026-06-17T08:53:57Z;2026-06-17T09:10:41Z;amministrazione
RDA-20260046;Registrazione fattura;2026-06-11T11:58:58Z;2026-06-11T12:22:13Z;amministrazione
RDA-20260047;Registrazione fattura;2026-06-17T10:42:12Z;2026-06-17T11:05:10Z;amministrazione
RDA-20260048;Registrazione fattura;2026-06-11T08:30:02Z;2026-06-11T08:46:16Z;amministrazione
RDA-20260049;Registrazione fattura;2026-06-11T09:29:26Z;2026-06-11T09:52:41Z;amministrazione
RDA-20260050;Registrazione fattura;2026-06-11T12:45:22Z;2026-06-11T12:57:38Z;amministrazione
RDA-20260051;Registrazione fattura;2026-06-17T11:16:51Z;2026-06-17T11:30:20Z;amministrazione
RDA-20260052;Registrazione fattura;2026-06-12T13:13:28Z;2026-06-12T13:30:44Z;amministrazione
RDA-20260053;Registrazione fattura;2026-06-11T14:39:42Z;2026-06-11T14:53:38Z;amministrazione
RDA-20260054;Registrazione fattura;2026-06-12T13:32:11Z;2026-06-12T13:48:28Z;amministrazione
RDA-20260056;Registrazione fattura;2026-06-17T11:00:19Z;2026-06-17T11:18:49Z;amministrazione
RDA-20260057;Registrazione fattura;2026-06-15T13:56:51Z;2026-06-15T14:17:12Z;amministrazione
RDA-20260058;Registrazione fattura;2026-06-17T11:14:31Z;2026-06-17T11:33:46Z;amministrazione
RDA-20260059;Registrazione fattura;2026-06-12T15:27:49Z;2026-06-12T15:38:38Z;amministrazione
RDA-20260060;Registrazione fattura;2026-06-15T10:35:48Z;2026-06-15T10:57:30Z;amministrazione
RDA-20260061;Registrazione fattura;2026-06-15T14:06:25Z;2026-06-15T14:28:23Z;amministrazione
RDA-20260062;Registrazione fattura;2026-06-15T14:57:09Z;2026-06-15T15:13:08Z;amministrazione
RDA-20260063;Registrazione fattura;2026-06-15T10:28:32Z;2026-06-15T10:48:03Z;amministrazione
RDA-20260064;Registrazione fattura;2026-06-15T14:28:28Z;2026-06-15T14:39:29Z;amministrazione
RDA-20260065;Registrazione fattura;2026-06-17T11:34:53Z;2026-06-17T11:47:20Z;amministrazione
RDA-20260066;Registrazione fattura;2026-06-16T07:35:15Z;2026-06-16T07:46:02Z;amministrazione
RDA-20260067;Registrazione fattura;2026-06-16T09:44:22Z;2026-06-16T09:56:38Z;amministrazione
RDA-20260068;Registrazione fattura;2026-06-16T11:55:59Z;2026-06-16T12:11:26Z;amministrazione
RDA-20260069;Registrazione fattura;2026-06-17T11:33:01Z;2026-06-17T11:56:08Z;amministrazione
RDA-20260070;Registrazione fattura;2026-06-18T12:00:58Z;2026-06-18T12:13:12Z;amministrazione
RDA-20260071;Registrazione fattura;2026-06-17T13:00:07Z;2026-06-17T13:15:19Z;amministrazione
RDA-20260072;Registrazione fattura;2026-06-19T10:53:19Z;2026-06-19T11:05:10Z;amministrazione
RDA-20260073;Registrazione fattura;2026-06-18T12:35:46Z;2026-06-18T13:00:40Z;amministrazione
RDA-20260074;Registrazione fattura;2026-06-18T10:41:11Z;2026-06-18T10:58:26Z;amministrazione
RDA-20260075;Registrazione fattura;2026-06-19T10:12:25Z;2026-06-19T10:23:57Z;amministrazione
RDA-20260076;Registrazione fattura;2026-06-19T09:58:35Z;2026-06-19T10:12:33Z;amministrazione
RDA-20260077;Registrazione fattura;2026-06-18T08:46:09Z;2026-06-18T08:58:35Z;amministrazione
RDA-20260078;Registrazione fattura;2026-06-18T09:30:03Z;2026-06-18T09:54:19Z;amministrazione
RDA-20260079;Registrazione fattura;2026-06-19T12:41:03Z;2026-06-19T12:53:15Z;amministrazione
RDA-20260080;Registrazione fattura;2026-06-18T11:16:29Z;2026-06-18T11:26:53Z;amministrazione
RDA-20260081;Registrazione fattura;2026-06-19T10:45:56Z;2026-06-19T11:10:37Z;amministrazione
RDA-20260082;Registrazione fattura;2026-06-19T10:27:11Z;2026-06-19T10:47:37Z;amministrazione
RDA-20260084;Registrazione fattura;2026-06-18T15:09:39Z;2026-06-18T15:25:09Z;amministrazione
RDA-20260085;Registrazione fattura;2026-06-18T14:52:36Z;2026-06-18T15:14:11Z;amministrazione
RDA-20260086;Registrazione fattura;2026-06-19T11:14:24Z;2026-06-19T11:36:05Z;amministrazione
RDA-20260087;Registrazione fattura;2026-06-24T09:33:46Z;2026-06-24T09:47:06Z;amministrazione
RDA-20260088;Registrazione fattura;2026-06-24T10:23:23Z;2026-06-24T10:48:09Z;amministrazione
RDA-20260089;Registrazione fattura;2026-06-24T10:46:27Z;2026-06-24T11:08:33Z;amministrazione
RDA-20260090;Registrazione fattura;2026-06-19T13:43:32Z;2026-06-19T14:04:38Z;amministrazione
RDA-20260091;Registrazione fattura;2026-06-24T10:45:30Z;2026-06-24T11:03:16Z;amministrazione
RDA-20260092;Registrazione fattura;2026-06-22T11:00:15Z;2026-06-22T11:10:41Z;amministrazione
RDA-20260093;Registrazione fattura;2026-06-22T13:21:08Z;2026-06-22T13:35:19Z;amministrazione
RDA-20260094;Registrazione fattura;2026-06-24T10:36:07Z;2026-06-24T10:56:30Z;amministrazione
RDA-20260095;Registrazione fattura;2026-06-23T08:06:20Z;2026-06-23T08:23:03Z;amministrazione
RDA-20260096;Registrazione fattura;2026-06-24T11:25:44Z;2026-06-24T11:50:33Z;amministrazione
RDA-20260097;Registrazione fattura;2026-06-23T09:55:26Z;2026-06-23T10:10:54Z;amministrazione
RDA-20260098;Registrazione fattura;2026-06-23T12:50:23Z;2026-06-23T13:03:48Z;amministrazione
RDA-20260099;Registrazione fattura;2026-06-26T09:31:20Z;2026-06-26T09:44:24Z;amministrazione
RDA-20260100;Registrazione fattura;2026-06-23T12:24:17Z;2026-06-23T12:47:47Z;amministrazione
RDA-20260101;Registrazione fattura;2026-06-26T09:44:09Z;2026-06-26T10:01:20Z;amministrazione
RDA-20260102;Registrazione fattura;2026-06-26T10:08:50Z;2026-06-26T10:30:50Z;amministrazione
RDA-20260103;Registrazione fattura;2026-06-24T12:57:19Z;2026-06-24T13:17:14Z;amministrazione
RDA-20260104;Registrazione fattura;2026-06-24T12:17:17Z;2026-06-24T12:39:01Z;amministrazione
RDA-20260105;Registrazione fattura;2026-06-25T08:03:26Z;2026-06-25T08:20:36Z;amministrazione
RDA-20260106;Registrazione fattura;2026-06-24T13:37:48Z;2026-06-24T13:59:38Z;amministrazione
RDA-20260107;Registrazione fattura;2026-06-25T07:50:37Z;2026-06-25T08:12:38Z;amministrazione
RDA-20260108;Registrazione fattura;2026-07-01T09:48:32Z;2026-07-01T10:04:28Z;amministrazione
RDA-20260109;Registrazione fattura;2026-06-25T10:39:05Z;2026-06-25T11:03:17Z;amministrazione
RDA-20260110;Registrazione fattura;2026-06-25T12:48:37Z;2026-06-25T13:01:10Z;amministrazione
RDA-20260111;Registrazione fattura;2026-06-26T10:43:34Z;2026-06-26T10:55:50Z;amministrazione
RDA-20260112;Registrazione fattura;2026-06-26T10:10:37Z;2026-06-26T10:32:43Z;amministrazione
RDA-20260113;Registrazione fattura;2026-06-25T14:20:21Z;2026-06-25T14:42:45Z;amministrazione
RDA-20260114;Registrazione fattura;2026-06-26T09:07:57Z;2026-06-26T09:27:49Z;amministrazione
RDA-20260115;Registrazione fattura;2026-06-26T11:48:59Z;2026-06-26T12:07:13Z;amministrazione
RDA-20260116;Registrazione fattura;2026-06-26T12:12:17Z;2026-06-26T12:22:30Z;amministrazione
RDA-20260117;Registrazione fattura;2026-06-29T08:06:54Z;2026-06-29T08:26:39Z;amministrazione
RDA-20260118;Registrazione fattura;2026-06-29T11:23:52Z;2026-06-29T11:47:52Z;amministrazione
RDA-20260119;Registrazione fattura;2026-07-01T07:46:12Z;2026-07-01T08:09:17Z;amministrazione
RDA-20260120;Registrazione fattura;2026-07-01T10:22:09Z;2026-07-01T10:35:19Z;amministrazione
RDA-20260121;Registrazione fattura;2026-07-01T08:48:30Z;2026-07-01T09:02:54Z;amministrazione
RDA-20260122;Registrazione fattura;2026-06-26T14:23:21Z;2026-06-26T14:42:09Z;amministrazione
RDA-20260123;Registrazione fattura;2026-06-29T11:29:44Z;2026-06-29T11:46:01Z;amministrazione
RDA-20260124;Registrazione fattura;2026-06-29T11:28:16Z;2026-06-29T11:51:55Z;amministrazione
RDA-20260125;Registrazione fattura;2026-06-29T09:27:33Z;2026-06-29T09:44:26Z;amministrazione
RDA-20260126;Registrazione fattura;2026-06-29T12:49:35Z;2026-06-29T13:13:09Z;amministrazione
RDA-20260127;Registrazione fattura;2026-06-29T13:21:41Z;2026-06-29T13:45:27Z;amministrazione
RDA-20260128;Registrazione fattura;2026-07-01T10:30:24Z;2026-07-01T10:48:22Z;amministrazione
RDA-20260129;Registrazione fattura;2026-07-03T08:39:16Z;2026-07-03T08:49:33Z;amministrazione
RDA-20260130;Registrazione fattura;2026-06-30T12:13:38Z;2026-06-30T12:26:23Z;amministrazione
RDA-20260131;Registrazione fattura;2026-07-03T09:47:04Z;2026-07-03T10:09:03Z;amministrazione
RDA-20260132;Registrazione fattura;2026-07-01T11:43:34Z;2026-07-01T12:00:40Z;amministrazione
RDA-20260133;Registrazione fattura;2026-07-01T11:31:34Z;2026-07-01T11:49:55Z;amministrazione
RDA-20260134;Registrazione fattura;2026-07-01T14:15:27Z;2026-07-01T14:33:14Z;amministrazione
RDA-20260135;Registrazione fattura;2026-07-01T12:43:53Z;2026-07-01T13:05:39Z;amministrazione
RDA-20260136;Registrazione fattura;2026-07-03T10:21:57Z;2026-07-03T10:40:21Z;amministrazione
RDA-20260137;Registrazione fattura;2026-07-03T10:05:26Z;2026-07-03T10:19:36Z;amministrazione
RDA-20260138;Registrazione fattura;2026-07-02T14:06:53Z;2026-07-02T14:24:30Z;amministrazione
RDA-20260139;Registrazione fattura;2026-07-06T10:11:00Z;2026-07-06T10:32:24Z;amministrazione
RDA-20260140;Registrazione fattura;2026-07-03T11:51:02Z;2026-07-03T12:07:41Z;amministrazione
RDA-20260141;Registrazione fattura;2026-07-03T11:54:08Z;2026-07-03T12:11:43Z;amministrazione
RDA-20260142;Registrazione fattura;2026-07-08T08:24:23Z;2026-07-08T08:44:46Z;amministrazione
RDA-20260143;Registrazione fattura;2026-07-03T07:28:54Z;2026-07-03T07:46:54Z;amministrazione
RDA-20260144;Registrazione fattura;2026-07-06T07:47:44Z;2026-07-06T08:11:51Z;amministrazione
RDA-20260145;Registrazione fattura;2026-07-08T10:42:50Z;2026-07-08T11:05:59Z;amministrazione
RDA-20260146;Registrazione fattura;2026-07-08T09:43:08Z;2026-07-08T09:57:02Z;amministrazione
RDA-20260147;Registrazione fattura;2026-07-08T10:29:42Z;2026-07-08T10:53:51Z;amministrazione
RDA-20260148;Registrazione fattura;2026-07-08T10:01:57Z;2026-07-08T10:14:00Z;amministrazione
RDA-20260149;Registrazione fattura;2026-07-03T13:52:03Z;2026-07-03T14:08:41Z;amministrazione
RDA-20260150;Registrazione fattura;2026-07-06T14:57:57Z;2026-07-06T15:11:34Z;amministrazione
RDA-20260151;Registrazione fattura;2026-07-08T09:50:09Z;2026-07-08T10:10:11Z;amministrazione
RDA-20260152;Registrazione fattura;2026-07-06T13:38:17Z;2026-07-06T14:01:44Z;amministrazione
RDA-20260153;Registrazione fattura;2026-07-06T08:28:06Z;2026-07-06T08:48:51Z;amministrazione
RDA-20260154;Registrazione fattura;2026-07-10T08:38:16Z;2026-07-10T08:50:24Z;amministrazione
RDA-20260155;Registrazione fattura;2026-07-06T09:30:51Z;2026-07-06T09:55:21Z;amministrazione
RDA-20260156;Registrazione fattura;2026-07-07T12:13:58Z;2026-07-07T12:38:16Z;amministrazione
RDA-20260157;Registrazione fattura;2026-07-06T11:42:11Z;2026-07-06T11:59:29Z;amministrazione
RDA-20260158;Registrazione fattura;2026-07-07T08:40:17Z;2026-07-07T09:02:46Z;amministrazione
RDA-20260159;Registrazione fattura;2026-07-10T09:15:20Z;2026-07-10T09:31:49Z;amministrazione
RDA-20260160;Registrazione fattura;2026-07-10T10:06:29Z;2026-07-10T10:21:35Z;amministrazione
RDA-20260161;Registrazione fattura;2026-07-07T09:25:24Z;2026-07-07T09:40:11Z;amministrazione
RDA-20260162;Registrazione fattura;2026-07-07T11:30:48Z;2026-07-07T11:41:06Z;amministrazione
RDA-20260163;Registrazione fattura;2026-07-07T10:38:21Z;2026-07-07T10:54:58Z;amministrazione
RDA-20260164;Registrazione fattura;2026-07-10T09:28:27Z;2026-07-10T09:43:25Z;amministrazione
RDA-20260165;Registrazione fattura;2026-07-10T10:41:36Z;2026-07-10T10:59:17Z;amministrazione
RDA-20260166;Registrazione fattura;2026-07-16T07:13:31Z;2026-07-16T07:38:17Z;amministrazione
RDA-20260167;Registrazione fattura;2026-07-08T13:39:42Z;2026-07-08T14:04:16Z;amministrazione
RDA-20260168;Registrazione fattura;2026-07-15T14:29:41Z;2026-07-15T14:43:40Z;amministrazione
RDA-20260169;Registrazione fattura;2026-07-16T07:49:57Z;2026-07-16T08:11:38Z;amministrazione
RDA-20260170;Registrazione fattura;2026-07-08T13:35:59Z;2026-07-08T13:47:55Z;amministrazione
RDA-20260171;Registrazione fattura;2026-07-15T14:49:28Z;2026-07-15T15:13:09Z;amministrazione
RDA-20260172;Registrazione fattura;2026-07-09T12:37:41Z;2026-07-09T12:51:34Z;amministrazione
RDA-20260173;Registrazione fattura;2026-07-08T15:03:12Z;2026-07-08T15:26:59Z;amministrazione
RDA-20260174;Registrazione fattura;2026-07-09T08:34:20Z;2026-07-09T08:54:50Z;amministrazione
RDA-20260175;Registrazione fattura;2026-07-16T08:25:05Z;2026-07-16T08:35:57Z;amministrazione
RDA-20260176;Registrazione fattura;2026-07-09T13:18:35Z;2026-07-09T13:34:58Z;amministrazione
RDA-20260177;Registrazione fattura;2026-07-09T10:21:40Z;2026-07-09T10:45:45Z;amministrazione
RDA-20260178;Registrazione fattura;2026-07-09T13:52:05Z;2026-07-09T14:14:07Z;amministrazione
RDA-20260179;Registrazione fattura;2026-07-17T13:33:07Z;2026-07-17T13:55:57Z;amministrazione
RDA-20260180;Registrazione fattura;2026-07-16T08:06:00Z;2026-07-16T08:28:57Z;amministrazione
RDA-20260181;Registrazione fattura;2026-07-24T08:20:45Z;2026-07-24T08:35:50Z;amministrazione
RDA-20260182;Registrazione fattura;2026-07-17T13:03:20Z;2026-07-17T13:27:14Z;amministrazione
RDA-20260183;Registrazione fattura;2026-07-17T13:25:04Z;2026-07-17T13:37:00Z;amministrazione
RDA-20260184;Registrazione fattura;2026-07-13T12:55:05Z;2026-07-13T13:08:40Z;amministrazione
RDA-20260185;Registrazione fattura;2026-07-15T12:03:11Z;2026-07-15T12:15:37Z;amministrazione
RDA-20260186;Registrazione fattura;2026-07-10T13:53:09Z;2026-07-10T14:06:10Z;amministrazione
RDA-20260187;Registrazione fattura;2026-07-10T14:32:28Z;2026-07-10T14:47:03Z;amministrazione
RDA-20260188;Registrazione fattura;2026-07-17T12:54:27Z;2026-07-17T13:08:48Z;amministrazione
RDA-20260189;Registrazione fattura;2026-07-17T10:31:20Z;2026-07-17T10:44:00Z;amministrazione
RDA-20260190;Registrazione fattura;2026-07-16T09:35:49Z;2026-07-16T09:46:06Z;amministrazione
RDA-20260191;Registrazione fattura;2026-07-13T09:22:50Z;2026-07-13T09:33:04Z;amministrazione
RDA-20260192;Registrazione fattura;2026-07-17T12:09:40Z;2026-07-17T12:27:55Z;amministrazione
RDA-20260193;Registrazione fattura;2026-07-13T11:02:06Z;2026-07-13T11:19:13Z;amministrazione
RDA-20260194;Registrazione fattura;2026-07-21T11:00:00Z;2026-07-21T11:11:35Z;amministrazione
RDA-20260195;Registrazione fattura;2026-07-21T08:43:27Z;2026-07-21T08:59:56Z;amministrazione
RDA-20260196;Registrazione fattura;2026-07-22T11:42:50Z;2026-07-22T12:05:21Z;amministrazione
RDA-20260197;Registrazione fattura;2026-07-15T10:46:04Z;2026-07-15T11:03:40Z;amministrazione
RDA-20260198;Registrazione fattura;2026-07-17T14:30:49Z;2026-07-17T14:55:33Z;amministrazione
RDA-20260199;Registrazione fattura;2026-07-15T08:51:34Z;2026-07-15T09:14:03Z;amministrazione
RDA-20260200;Registrazione fattura;2026-07-22T10:19:04Z;2026-07-22T10:38:36Z;amministrazione
RDA-20260201;Registrazione fattura;2026-07-15T12:46:50Z;2026-07-15T13:02:03Z;amministrazione
RDA-20260202;Registrazione fattura;2026-07-16T08:44:37Z;2026-07-16T08:56:34Z;amministrazione
RDA-20260203;Registrazione fattura;2026-07-22T11:14:13Z;2026-07-22T11:35:20Z;amministrazione
RDA-20260204;Registrazione fattura;2026-07-16T13:42:03Z;2026-07-16T13:54:29Z;amministrazione
RDA-20260205;Registrazione fattura;2026-07-16T10:01:52Z;2026-07-16T10:24:29Z;amministrazione
RDA-20260206;Registrazione fattura;2026-07-22T11:11:56Z;2026-07-22T11:32:00Z;amministrazione
RDA-20260207;Registrazione fattura;2026-07-22T11:02:54Z;2026-07-22T11:16:32Z;amministrazione
RDA-20260208;Registrazione fattura;2026-07-20T15:11:27Z;2026-07-20T15:28:20Z;amministrazione
RDA-20260209;Registrazione fattura;2026-07-20T07:38:38Z;2026-07-20T07:55:19Z;amministrazione
RDA-20260210;Registrazione fattura;2026-07-16T15:16:52Z;2026-07-16T15:41:17Z;amministrazione
RDA-20260211;Registrazione fattura;2026-07-24T09:08:11Z;2026-07-24T09:26:24Z;amministrazione
RDA-20260212;Registrazione fattura;2026-07-17T13:49:01Z;2026-07-17T14:13:30Z;amministrazione
RDA-20260213;Registrazione fattura;2026-07-20T07:56:03Z;2026-07-20T08:11:24Z;amministrazione
RDA-20260214;Registrazione fattura;2026-07-22T11:55:50Z;2026-07-22T12:11:33Z;amministrazione
RDA-20260215;Registrazione fattura;2026-07-22T12:37:29Z;2026-07-22T12:55:01Z;amministrazione
RDA-20260216;Registrazione fattura;2026-07-24T07:51:17Z;2026-07-24T08:08:51Z;amministrazione
RDA-20260217;Registrazione fattura;2026-07-24T08:36:37Z;2026-07-24T08:50:35Z;amministrazione
RDA-20260218;Registrazione fattura;2026-07-20T11:11:33Z;2026-07-20T11:27:33Z;amministrazione
RDA-20260219;Registrazione fattura;2026-07-24T08:56:02Z;2026-07-24T09:06:22Z;amministrazione
RDA-20260221;Registrazione fattura;2026-07-20T14:12:38Z;2026-07-20T14:26:08Z;amministrazione
RDA-20260222;Registrazione fattura;2026-07-29T08:36:08Z;2026-07-29T08:54:05Z;amministrazione
RDA-20260223;Registrazione fattura;2026-07-21T15:31:56Z;2026-07-21T15:51:48Z;amministrazione
RDA-20260224;Registrazione fattura;2026-07-21T12:56:03Z;2026-07-21T13:19:14Z;amministrazione
RDA-20260225;Registrazione fattura;2026-07-21T13:18:33Z;2026-07-21T13:33:27Z;amministrazione
RDA-20260226;Registrazione fattura;2026-07-29T08:42:43Z;2026-07-29T08:54:58Z;amministrazione
RDA-20260227;Registrazione fattura;2026-07-21T14:06:31Z;2026-07-21T14:26:10Z;amministrazione
RDA-20260228;Registrazione fattura;2026-07-21T12:39:52Z;2026-07-21T13:02:24Z;amministrazione
RDA-20260230;Registrazione fattura;2026-07-22T08:11:50Z;2026-07-22T08:31:14Z;amministrazione
RDA-20260231;Registrazione fattura;2026-07-22T08:44:25Z;2026-07-22T09:06:36Z;amministrazione
RDA-20260232;Registrazione fattura;2026-07-29T08:41:34Z;2026-07-29T08:59:26Z;amministrazione
RDA-20260233;Registrazione fattura;2026-07-29T08:46:44Z;2026-07-29T09:09:15Z;amministrazione
RDA-20260234;Registrazione fattura;2026-07-22T14:13:41Z;2026-07-22T14:36:05Z;amministrazione
RDA-20260235;Registrazione fattura;2026-07-23T09:50:35Z;2026-07-23T10:13:59Z;amministrazione
RDA-20260236;Registrazione fattura;2026-07-23T10:03:07Z;2026-07-23T10:23:31Z;amministrazione
RDA-20260237;Registrazione fattura;2026-07-23T10:43:05Z;2026-07-23T10:53:33Z;amministrazione
RDA-20260238;Registrazione fattura;2026-07-23T07:58:07Z;2026-07-23T08:13:32Z;amministrazione
RDA-20260239;Registrazione fattura;2026-07-23T09:20:08Z;2026-07-23T09:42:40Z;amministrazione
